s,Pa,m/s,,s,,,
Time,"pres","error","iter","cpu","SCARC_ITE","SCARC_RES","SCARC_CONV"
 0.0000000E+000, 0.0000000E+000, 0.0000000E+000, 0.0000000E+000, 2.7978358E+002, 0.0000000E+000, 0.0000000E+000, 0.0000000E+000
 3.9528471E-003, 5.7933749E-002, 4.3368087E-019, 1.0000000E+000, 2.8252696E+002, 1.1900000E+002, 7.3988504E-009, 8.0008296E-001
 7.9056942E-003, 5.7921316E-002, 8.6736174E-019, 1.0000000E+000, 2.8543391E+002, 1.1900000E+002, 7.8687881E-009, 8.0016045E-001
 1.1858541E-002, 5.7912073E-002, 8.6736174E-019, 1.0000000E+000, 2.8830696E+002, 1.1900000E+002, 8.4846559E-009, 8.0040136E-001
 1.5811388E-002, 5.7900816E-002, 1.7347235E-018, 1.0000000E+000, 2.9123482E+002, 1.1900000E+002, 9.4950117E-009, 8.0085149E-001
 1.9764235E-002, 5.7887514E-002, 1.7347235E-018, 1.0000000E+000, 2.9411757E+002, 1.2000000E+002, 6.8459252E-009, 7.9981440E-001
 2.3717082E-002, 5.7872219E-002, 1.7347235E-018, 1.0000000E+000, 2.9704457E+002, 1.2000000E+002, 8.1772195E-009, 8.0063981E-001
 2.7669930E-002, 5.7854974E-002, 1.7347235E-018, 1.0000000E+000, 2.9993016E+002, 1.2000000E+002, 9.5305017E-009, 8.0128691E-001
 3.1622777E-002, 5.7835810E-002, 3.4694470E-018, 1.0000000E+000, 3.0286256E+002, 1.2200000E+002, 9.5734038E-009, 8.0385276E-001
 3.5575624E-002, 5.7814753E-002, 3.4694470E-018, 1.0000000E+000, 3.0574190E+002, 1.2300000E+002, 8.4647003E-009, 8.0409539E-001
 3.9528471E-002, 5.7791822E-002, 3.4694470E-018, 1.0000000E+000, 3.0867232E+002, 1.2300000E+002, 9.2718310E-009, 8.0431016E-001
 4.3481318E-002, 5.7767031E-002, 3.4694470E-018, 1.0000000E+000, 3.1160094E+002, 1.2400000E+002, 8.0909755E-009, 8.0446312E-001
 4.7434165E-002, 5.7740392E-002, 3.4694470E-018, 1.0000000E+000, 3.1461833E+002, 1.2400000E+002, 8.7469509E-009, 8.0459612E-001
 5.1387012E-002, 5.7711915E-002, 6.9388939E-018, 1.0000000E+000, 3.1750120E+002, 1.2400000E+002, 9.3886390E-009, 8.0468686E-001
 5.5339859E-002, 5.7681605E-002, 3.4694470E-018, 1.0000000E+000, 3.2043611E+002, 1.2500000E+002, 6.1931309E-009, 8.0304792E-001
 5.9292706E-002, 5.7649469E-002, 3.4694470E-018, 1.0000000E+000, 3.2335579E+002, 1.2500000E+002, 6.4886519E-009, 8.0299180E-001
 6.3245553E-002, 5.7615511E-002, 6.9388939E-018, 1.0000000E+000, 3.2629549E+002, 1.2500000E+002, 6.7264118E-009, 8.0287216E-001
 6.7198400E-002, 5.7579735E-002, 6.9388939E-018, 1.0000000E+000, 3.2918190E+002, 1.2500000E+002, 6.8017085E-009, 8.0259754E-001
 7.1151247E-002, 5.7542145E-002, 6.9388939E-018, 1.0000000E+000, 3.3211415E+002, 1.2400000E+002, 9.9308537E-009, 8.0327981E-001
 7.5104094E-002, 5.7502743E-002, 6.9388939E-018, 1.0000000E+000, 3.3502736E+002, 1.2300000E+002, 7.7589954E-009, 7.9990146E-001
 7.9056942E-002, 5.7461532E-002, 6.9388939E-018, 1.0000000E+000, 3.3796159E+002, 1.2300000E+002, 8.7597184E-009, 8.0035296E-001
 8.2492780E-002, 5.7437286E-002, 6.9388939E-018, 1.0000000E+000, 3.4194350E+002, 1.2500000E+002, 8.2712167E-009, 8.0241735E-001
 8.5928619E-002, 5.7393450E-002, 6.9388939E-018, 1.0000000E+000, 3.4487929E+002, 1.2500000E+002, 8.8298943E-009, 8.0253731E-001
 8.9364458E-002, 5.7353491E-002, 6.9388939E-018, 1.0000000E+000, 3.4782863E+002, 1.2500000E+002, 9.2990313E-009, 8.0257141E-001
 9.2378458E-002, 5.7330332E-002, 6.9388939E-018, 1.0000000E+000, 3.5186464E+002, 1.2500000E+002, 9.9417477E-009, 8.0262084E-001
 9.5392457E-002, 5.7286988E-002, 6.9388939E-018, 1.0000000E+000, 3.5475087E+002, 1.2600000E+002, 6.6843270E-009, 8.0122775E-001
 9.8406457E-002, 5.7248652E-002, 6.9388939E-018, 1.0000000E+000, 3.5768773E+002, 1.2600000E+002, 6.9291378E-009, 8.0119321E-001
 1.0142046E-001, 5.7209253E-002, 6.9388939E-018, 1.0000000E+000, 3.6064384E+002, 1.2600000E+002, 7.1781032E-009, 8.0115931E-001
 1.0404998E-001, 5.7189320E-002, 6.9388939E-018, 1.0000000E+000, 3.6471901E+002, 1.2600000E+002, 7.5279913E-009, 8.0113245E-001
 1.0667950E-001, 5.7144948E-002, 6.9388939E-018, 1.0000000E+000, 3.6760512E+002, 1.2600000E+002, 7.7708435E-009, 8.0110225E-001
 1.0930903E-001, 5.7107977E-002, 6.9388939E-018, 1.0000000E+000, 3.7062007E+002, 1.2600000E+002, 8.0233062E-009, 8.0107581E-001
 1.1193855E-001, 5.7070191E-002, 6.9388939E-018, 1.0000000E+000, 3.7354967E+002, 1.2600000E+002, 8.2804407E-009, 8.0105101E-001
 1.1456807E-001, 5.7031603E-002, 6.9388939E-018, 1.0000000E+000, 3.7648769E+002, 1.2600000E+002, 8.5422233E-009, 8.0102771E-001
 1.1687780E-001, 5.7013353E-002, 6.9388939E-018, 1.0000000E+000, 3.8056868E+002, 1.2600000E+002, 8.9038359E-009, 8.0100618E-001
 1.1918753E-001, 5.6968053E-002, 6.9388939E-018, 1.0000000E+000, 3.8350893E+002, 1.2600000E+002, 9.1591669E-009, 8.0098541E-001
 1.2149725E-001, 5.6932049E-002, 1.3877788E-017, 1.0000000E+000, 3.8639378E+002, 1.2600000E+002, 9.4226368E-009, 8.0096720E-001
 1.2380698E-001, 5.6895410E-002, 6.9388939E-018, 1.0000000E+000, 3.8933211E+002, 1.2600000E+002, 9.6897679E-009, 8.0094988E-001
 1.2611670E-001, 5.6858149E-002, 1.3877788E-017, 1.0000000E+000, 3.9221294E+002, 1.2600000E+002, 9.9605022E-009, 8.0093337E-001
 1.2842643E-001, 5.6820267E-002, 1.3877788E-017, 1.0000000E+000, 3.9515507E+002, 1.2700000E+002, 6.9467466E-009, 7.9987436E-001
 1.3047957E-001, 5.6802787E-002, 0.0000000E+000, 1.0000000E+000, 3.9917436E+002, 1.2700000E+002, 7.2109914E-009, 7.9986500E-001
 1.3253271E-001, 5.6756508E-002, 0.0000000E+000, 1.0000000E+000, 4.0210985E+002, 1.2700000E+002, 7.3988441E-009, 7.9985543E-001
 1.3458586E-001, 5.6721077E-002, 1.3877788E-017, 1.0000000E+000, 4.0510103E+002, 1.2700000E+002, 7.5900537E-009, 7.9984618E-001
 1.3663900E-001, 5.6685140E-002, 1.3877788E-017, 1.0000000E+000, 4.0803841E+002, 1.2700000E+002, 7.7831834E-009, 7.9983712E-001
 1.3869214E-001, 5.6648709E-002, 1.3877788E-017, 1.0000000E+000, 4.1092277E+002, 1.2700000E+002, 7.9782545E-009, 7.9982828E-001
 1.4074529E-001, 5.6611784E-002, 1.3877788E-017, 1.0000000E+000, 4.1385341E+002, 1.2700000E+002, 8.1753178E-009, 7.9981965E-001
 1.4279843E-001, 5.6574365E-002, 1.3877788E-017, 1.0000000E+000, 4.1676991E+002, 1.2700000E+002, 8.3744225E-009, 7.9981124E-001
 1.4485157E-001, 5.6536452E-002, 1.3877788E-017, 1.0000000E+000, 4.1974925E+002, 1.2700000E+002, 8.5756165E-009, 7.9980305E-001
 1.4667733E-001, 5.6522332E-002, 1.3877788E-017, 1.0000000E+000, 4.2373070E+002, 1.2700000E+002, 8.8529982E-009, 7.9979367E-001
 1.4850308E-001, 5.6472583E-002, 1.3877788E-017, 1.0000000E+000, 4.2667250E+002, 1.2700000E+002, 9.0496868E-009, 7.9978577E-001
 1.5032883E-001, 5.6437364E-002, 1.3877788E-017, 1.0000000E+000, 4.2956108E+002, 1.2700000E+002, 9.2494719E-009, 7.9977812E-001
 1.5215458E-001, 5.6401740E-002, 1.3877788E-017, 1.0000000E+000, 4.3250035E+002, 1.2700000E+002, 9.4508911E-009, 7.9977058E-001
 1.5398033E-001, 5.6365725E-002, 1.3877788E-017, 1.0000000E+000, 4.3537810E+002, 1.2700000E+002, 9.6539514E-009, 7.9976316E-001
 1.5580608E-001, 5.6329317E-002, 1.3877788E-017, 1.0000000E+000, 4.3775462E+002, 1.2700000E+002, 9.8586893E-009, 7.9975585E-001
 1.5763183E-001, 5.6292519E-002, 1.3877788E-017, 1.0000000E+000, 4.4063414E+002, 1.2800000E+002, 7.6049718E-009, 7.9939374E-001
 1.5945758E-001, 5.6255328E-002, 1.3877788E-017, 1.0000000E+000, 4.4356587E+002, 1.2800000E+002, 7.7688141E-009, 7.9939198E-001
 1.6128333E-001, 5.6217747E-002, 1.3877788E-017, 1.0000000E+000, 4.4644478E+002, 1.2800000E+002, 7.9342122E-009, 7.9939029E-001
 1.6310908E-001, 5.6179775E-002, 1.3877788E-017, 1.0000000E+000, 4.4937849E+002, 1.2800000E+002, 8.1011965E-009, 7.9938865E-001
 1.6474774E-001, 5.6167672E-002, 1.3877788E-017, 1.0000000E+000, 4.5339806E+002, 1.2800000E+002, 8.3393060E-009, 7.9939097E-001
 1.6638640E-001, 5.6114535E-002, 1.3877788E-017, 1.0000000E+000, 4.5637559E+002, 1.2800000E+002, 8.5036915E-009, 7.9938923E-001
 1.6802507E-001, 5.6079151E-002, 1.3877788E-017, 1.0000000E+000, 4.5928816E+002, 1.2800000E+002, 8.6704830E-009, 7.9938768E-001
 1.6966373E-001, 5.6043441E-002, 1.3877788E-017, 1.0000000E+000, 4.6222728E+002, 1.2800000E+002, 8.8384659E-009, 7.9938608E-001
 1.7130239E-001, 5.6007416E-002, 1.3877788E-017, 1.0000000E+000, 4.6455241E+002, 1.2800000E+002, 9.0076391E-009, 7.9938444E-001
 1.7294105E-001, 5.5971076E-002, 1.3877788E-017, 1.0000000E+000, 4.6753236E+002, 1.2800000E+002, 9.1780295E-009, 7.9938276E-001
 1.7457971E-001, 5.5934422E-002, 1.3877788E-017, 1.0000000E+000, 4.7045421E+002, 1.2800000E+002, 9.3496616E-009, 7.9938105E-001
 1.7621837E-001, 5.5897454E-002, 1.3877788E-017, 1.0000000E+000, 4.7338887E+002, 1.2800000E+002, 9.5225582E-009, 7.9937933E-001
 1.7785704E-001, 5.5860173E-002, 1.3877788E-017, 1.0000000E+000, 4.7630360E+002, 1.2800000E+002, 9.6967437E-009, 7.9937759E-001
 1.7949570E-001, 5.5822578E-002, 1.3877788E-017, 1.0000000E+000, 4.7868233E+002, 1.2800000E+002, 9.8722395E-009, 7.9937585E-001
 1.8113436E-001, 5.5784671E-002, 1.3877788E-017, 1.0000000E+000, 4.8156291E+002, 1.2900000E+002, 8.5333402E-009, 7.9974865E-001
 1.8277302E-001, 5.5746451E-002, 1.3877788E-017, 1.0000000E+000, 4.8449757E+002, 1.2900000E+002, 8.6800950E-009, 7.9974369E-001
 1.8441168E-001, 5.5707919E-002, 1.3877788E-017, 1.0000000E+000, 4.8737865E+002, 1.2900000E+002, 8.8279192E-009, 7.9973877E-001
 1.8588415E-001, 5.5701225E-002, 1.3877788E-017, 1.0000000E+000, 4.9145622E+002, 1.2900000E+002, 9.0243545E-009, 7.9972405E-001
 1.8735661E-001, 5.5641347E-002, 1.3877788E-017, 1.0000000E+000, 4.9378715E+002, 1.2900000E+002, 9.1652416E-009, 7.9971629E-001
 1.8882908E-001, 5.5605557E-002, 1.3877788E-017, 1.0000000E+000, 4.9672264E+002, 1.2900000E+002, 9.3097711E-009, 7.9971005E-001
 1.9030155E-001, 5.5569504E-002, 1.3877788E-017, 1.0000000E+000, 4.9960698E+002, 1.2900000E+002, 9.4551304E-009, 7.9970390E-001
 1.9177401E-001, 5.5533200E-002, 1.3877788E-017, 1.0000000E+000, 5.0256483E+002, 1.2900000E+002, 9.6012674E-009, 7.9969780E-001
 1.9324648E-001, 5.5496645E-002, 1.3877788E-017, 1.0000000E+000, 5.0489534E+002, 1.2900000E+002, 9.7481895E-009, 7.9969177E-001
 1.9471895E-001, 5.5459841E-002, 1.3877788E-017, 1.0000000E+000, 5.0786555E+002, 1.2900000E+002, 9.8959065E-009, 7.9968579E-001
 1.9619141E-001, 5.5422786E-002, 1.3877788E-017, 1.0000000E+000, 5.1074669E+002, 1.3000000E+002, 6.1228176E-009, 7.9801182E-001
 1.9766388E-001, 5.5385482E-002, 1.3877788E-017, 1.0000000E+000, 5.1369502E+002, 1.3000000E+002, 6.2136158E-009, 7.9800578E-001
 1.9913634E-001, 5.5347929E-002, 1.3877788E-017, 1.0000000E+000, 5.1603938E+002, 1.3000000E+002, 6.3049503E-009, 7.9799985E-001
 2.0060881E-001, 5.5310128E-002, 1.3877788E-017, 1.0000000E+000, 5.1910982E+002, 1.3000000E+002, 6.3968227E-009, 7.9799401E-001
 2.0208128E-001, 5.5272078E-002, 1.3877788E-017, 1.0000000E+000, 5.2200832E+002, 1.3000000E+002, 6.4892348E-009, 7.9798826E-001
 2.0355374E-001, 5.5233781E-002, 1.3877788E-017, 1.0000000E+000, 5.2495796E+002, 1.3000000E+002, 6.5821882E-009, 7.9798259E-001
 2.0502621E-001, 5.5195236E-002, 1.3877788E-017, 1.0000000E+000, 5.2729774E+002, 1.3000000E+002, 6.6756846E-009, 7.9797699E-001
 2.0649867E-001, 5.5156444E-002, 1.3877788E-017, 1.0000000E+000, 5.3028468E+002, 1.3000000E+002, 6.7697257E-009, 7.9797147E-001
 2.0797114E-001, 5.5117405E-002, 1.3877788E-017, 1.0000000E+000, 5.3326076E+002, 1.3000000E+002, 6.8643134E-009, 7.9796602E-001
 2.0944361E-001, 5.5078121E-002, 1.3877788E-017, 1.0000000E+000, 5.3565480E+002, 1.3000000E+002, 6.9594494E-009, 7.9796064E-001
 2.1076829E-001, 5.5079468E-002, 1.3877788E-017, 1.0000000E+000, 5.3967293E+002, 1.3000000E+002, 7.0864039E-009, 7.9794567E-001
 2.1209298E-001, 5.5009785E-002, 1.3877788E-017, 1.0000000E+000, 5.4263258E+002, 1.3000000E+002, 7.1776182E-009, 7.9793842E-001
 2.1341766E-001, 5.4973381E-002, 1.3877788E-017, 1.0000000E+000, 5.4553914E+002, 1.3000000E+002, 7.2707986E-009, 7.9793222E-001
 2.1474235E-001, 5.4936767E-002, 1.3877788E-017, 1.0000000E+000, 5.4794472E+002, 1.3000000E+002, 7.3644302E-009, 7.9792614E-001
 2.1606703E-001, 5.4899956E-002, 1.3877788E-017, 1.0000000E+000, 5.5085121E+002, 1.3000000E+002, 7.4584818E-009, 7.9792017E-001
 2.1739172E-001, 5.4862950E-002, 1.3877788E-017, 1.0000000E+000, 5.5381068E+002, 1.3000000E+002, 7.5529534E-009, 7.9791429E-001
 2.1871640E-001, 5.4825747E-002, 1.3877788E-017, 1.0000000E+000, 5.5616402E+002, 1.3000000E+002, 7.6478461E-009, 7.9790851E-001
 2.2004109E-001, 5.4788349E-002, 1.3877788E-017, 1.0000000E+000, 5.5913173E+002, 1.3000000E+002, 7.7431610E-009, 7.9790282E-001
 2.2136577E-001, 5.4750757E-002, 1.3877788E-017, 1.0000000E+000, 5.6203999E+002, 1.3000000E+002, 7.8388989E-009, 7.9789721E-001
 2.2269046E-001, 5.4712970E-002, 1.3877788E-017, 1.0000000E+000, 5.6444472E+002, 1.3000000E+002, 7.9350611E-009, 7.9789168E-001
 2.2401514E-001, 5.4674989E-002, 1.3877788E-017, 1.0000000E+000, 5.6735103E+002, 1.3000000E+002, 8.0316488E-009, 7.9788623E-001
 2.2533983E-001, 5.4636814E-002, 1.3877788E-017, 1.0000000E+000, 5.7031251E+002, 1.3000000E+002, 8.1286629E-009, 7.9788086E-001
 2.2666451E-001, 5.4598446E-002, 1.3877788E-017, 1.0000000E+000, 5.7266359E+002, 1.3000000E+002, 8.2261049E-009, 7.9787556E-001
 2.2798920E-001, 5.4559885E-002, 1.3877788E-017, 1.0000000E+000, 5.7562459E+002, 1.3000000E+002, 8.3239758E-009, 7.9787033E-001
 2.2931389E-001, 5.4521133E-002, 1.3877788E-017, 1.0000000E+000, 5.7797658E+002, 1.3000000E+002, 8.4222769E-009, 7.9786516E-001
 2.3063857E-001, 5.4482188E-002, 1.3877788E-017, 1.0000000E+000, 5.8093831E+002, 1.3000000E+002, 8.5210092E-009, 7.9786007E-001
 2.3196326E-001, 5.4443052E-002, 1.3877788E-017, 1.0000000E+000, 5.8384523E+002, 1.3000000E+002, 8.6201737E-009, 7.9785503E-001
 2.3328794E-001, 5.4403726E-002, 1.3877788E-017, 1.0000000E+000, 5.8624947E+002, 1.3000000E+002, 8.7197715E-009, 7.9785006E-001
 2.3461263E-001, 5.4364208E-002, 1.3877788E-017, 1.0000000E+000, 5.8915675E+002, 1.3000000E+002, 8.8198033E-009, 7.9784514E-001
 2.3593731E-001, 5.4324501E-002, 1.3877788E-017, 1.0000000E+000, 5.9211800E+002, 1.3000000E+002, 8.9202699E-009, 7.9784028E-001
 2.3726200E-001, 5.4284605E-002, 1.3877788E-017, 1.0000000E+000, 5.9446974E+002, 1.3000000E+002, 9.0211719E-009, 7.9783548E-001
 2.3858668E-001, 5.4244519E-002, 1.3877788E-017, 1.0000000E+000, 5.9742848E+002, 1.3000000E+002, 9.1225097E-009, 7.9783073E-001
 2.3991137E-001, 5.4204245E-002, 1.3877788E-017, 1.0000000E+000, 6.0037697E+002, 1.3000000E+002, 9.2242837E-009, 7.9782603E-001
 2.4110147E-001, 5.4219588E-002, 1.3877788E-017, 1.0000000E+000, 6.0389241E+002, 1.3000000E+002, 9.3624321E-009, 7.9781390E-001
 2.4229157E-001, 5.4133980E-002, 1.3877788E-017, 1.0000000E+000, 6.0684846E+002, 1.3000000E+002, 9.4600601E-009, 7.9780767E-001
 2.4348167E-001, 5.4096808E-002, 1.3877788E-017, 1.0000000E+000, 6.0981087E+002, 1.3000000E+002, 9.5596791E-009, 7.9780233E-001
 2.4467177E-001, 5.4059475E-002, 1.3877788E-017, 1.0000000E+000, 6.1216103E+002, 1.3000000E+002, 9.6596359E-009, 7.9779710E-001
 2.4586187E-001, 5.4021993E-002, 1.3877788E-017, 1.0000000E+000, 6.1511726E+002, 1.3000000E+002, 9.7598954E-009, 7.9779195E-001
 2.4705197E-001, 5.3984363E-002, 1.3877788E-017, 1.0000000E+000, 6.1747023E+002, 1.3000000E+002, 9.8604565E-009, 7.9778687E-001
 2.4824207E-001, 5.3946587E-002, 1.3877788E-017, 1.0000000E+000, 6.2046577E+002, 1.3000000E+002, 9.9613192E-009, 7.9778187E-001
 2.4943217E-001, 5.3908664E-002, 1.3877788E-017, 1.0000000E+000, 6.2337404E+002, 1.3100000E+002, 6.7635303E-009, 7.9673416E-001
 2.5062227E-001, 5.3870595E-002, 1.3877788E-017, 1.0000000E+000, 6.2578108E+002, 1.3100000E+002, 6.8374006E-009, 7.9673439E-001
 2.5181237E-001, 5.3832380E-002, 1.3877788E-017, 1.0000000E+000, 6.2868001E+002, 1.3100000E+002, 6.9114840E-009, 7.9673458E-001
 2.5300248E-001, 5.3794021E-002, 2.7755576E-017, 1.0000000E+000, 6.3108559E+002, 1.3100000E+002, 6.9857796E-009, 7.9673475E-001
 2.5419258E-001, 5.3755516E-002, 2.7755576E-017, 1.0000000E+000, 6.3399440E+002, 1.3100000E+002, 7.0602883E-009, 7.9673489E-001
 2.5538268E-001, 5.3716867E-002, 1.3877788E-017, 1.0000000E+000, 6.3698494E+002, 1.3100000E+002, 7.1350095E-009, 7.9673499E-001
 2.5657278E-001, 5.3678074E-002, 2.7755576E-017, 1.0000000E+000, 6.3934267E+002, 1.3100000E+002, 7.2099433E-009, 7.9673507E-001
 2.5776288E-001, 5.3639138E-002, 1.3877788E-017, 1.0000000E+000, 6.4235567E+002, 1.3100000E+002, 7.2850894E-009, 7.9673512E-001
 2.5895298E-001, 5.3600058E-002, 2.7755576E-017, 1.0000000E+000, 6.4471071E+002, 1.3100000E+002, 7.3604484E-009, 7.9673513E-001
 2.6014308E-001, 5.3560837E-002, 0.0000000E+000, 1.0000000E+000, 6.4771712E+002, 1.3100000E+002, 7.4360198E-009, 7.9673512E-001
 2.6133318E-001, 5.3521473E-002, 0.0000000E+000, 1.0000000E+000, 6.5062782E+002, 1.3100000E+002, 7.5118037E-009, 7.9673508E-001
 2.6252328E-001, 5.3481968E-002, 0.0000000E+000, 1.0000000E+000, 6.5305653E+002, 1.3100000E+002, 7.5878001E-009, 7.9673501E-001
 2.6371338E-001, 5.3442321E-002, 0.0000000E+000, 1.0000000E+000, 6.5596406E+002, 1.3100000E+002, 7.6640090E-009, 7.9673491E-001
 2.6490348E-001, 5.3402534E-002, 0.0000000E+000, 1.0000000E+000, 6.5837093E+002, 1.3100000E+002, 7.7404307E-009, 7.9673479E-001
 2.6609358E-001, 5.3362606E-002, 0.0000000E+000, 1.0000000E+000, 6.6127846E+002, 1.3100000E+002, 7.8170646E-009, 7.9673464E-001
 2.6728368E-001, 5.3322539E-002, 0.0000000E+000, 1.0000000E+000, 6.6424153E+002, 1.3100000E+002, 7.8939116E-009, 7.9673446E-001
 2.6847379E-001, 5.3282333E-002, 0.0000000E+000, 1.0000000E+000, 6.6659535E+002, 1.3100000E+002, 7.9709701E-009, 7.9673425E-001
 2.6966389E-001, 5.3241988E-002, 2.7755576E-017, 1.0000000E+000, 6.6955647E+002, 1.3100000E+002, 8.0482419E-009, 7.9673401E-001
 2.7085399E-001, 5.3201506E-002, 2.7755576E-017, 1.0000000E+000, 6.7191121E+002, 1.3100000E+002, 8.1257261E-009, 7.9673376E-001
 2.7204409E-001, 5.3160885E-002, 2.7755576E-017, 1.0000000E+000, 6.7486751E+002, 1.3100000E+002, 8.2034228E-009, 7.9673347E-001
 2.7442429E-001, 5.3099680E-002, 2.7755576E-017, 1.0000000E+000, 6.7898045E+002, 1.3100000E+002, 8.3203928E-009, 7.9673300E-001
 2.7668531E-001, 5.3054423E-002, 2.7755576E-017, 1.0000000E+000, 6.8475878E+002, 1.3100000E+002, 8.4922374E-009, 7.9673268E-001
 2.7882716E-001, 5.2947148E-002, 2.7755576E-017, 1.0000000E+000, 6.9071190E+002, 1.3100000E+002, 8.6689691E-009, 7.9673236E-001
 2.8096900E-001, 5.2871263E-002, 2.7755576E-017, 1.0000000E+000, 6.9602302E+002, 1.3100000E+002, 8.8248874E-009, 7.9673170E-001
 2.8203992E-001, 5.2814083E-002, 2.7755576E-017, 1.0000000E+000, 7.0018745E+002, 1.3100000E+002, 8.9420825E-009, 7.9673116E-001
 2.8418177E-001, 5.2756646E-002, 2.7755576E-017, 1.0000000E+000, 7.0436983E+002, 1.3100000E+002, 9.0595323E-009, 7.9673055E-001
 2.8632361E-001, 5.2679723E-002, 2.7755576E-017, 1.0000000E+000, 7.0968797E+002, 1.3100000E+002, 9.2164769E-009, 7.9672967E-001
 2.8846545E-001, 5.2602395E-002, 2.7755576E-017, 1.0000000E+000, 7.1500313E+002, 1.3100000E+002, 9.3738402E-009, 7.9672871E-001
 2.9060730E-001, 5.2524666E-002, 2.7755576E-017, 1.0000000E+000, 7.2031334E+002, 1.3100000E+002, 9.5316280E-009, 7.9672768E-001
 2.9274914E-001, 5.2446541E-002, 2.7755576E-017, 1.0000000E+000, 7.2562926E+002, 1.3100000E+002, 9.6898467E-009, 7.9672656E-001
 2.9489098E-001, 5.2368023E-002, 2.7755576E-017, 1.0000000E+000, 7.3094768E+002, 1.3100000E+002, 9.8485028E-009, 7.9672538E-001
 2.9703283E-001, 5.2289116E-002, 2.7755576E-017, 1.0000000E+000, 7.3630037E+002, 1.3150000E+002, 8.9622552E-009, 7.9670586E-001
 2.9810375E-001, 5.2229696E-002, 2.7755576E-017, 1.0000000E+000, 7.4044936E+002, 1.3200000E+002, 8.0185123E-009, 7.9668558E-001
 3.0024559E-001, 5.2170038E-002, 2.7755576E-017, 1.0000000E+000, 7.4457805E+002, 1.3200000E+002, 8.1113005E-009, 7.9668298E-001
 3.0238744E-001, 5.2090179E-002, 2.7755576E-017, 1.0000000E+000, 7.4991215E+002, 1.3200000E+002, 8.2352404E-009, 7.9667947E-001
 3.0452928E-001, 5.2009947E-002, 2.7755576E-017, 1.0000000E+000, 7.5524055E+002, 1.3200000E+002, 8.3594548E-009, 7.9667591E-001
 3.0667113E-001, 5.1929346E-002, 2.7755576E-017, 1.0000000E+000, 7.6056572E+002, 1.3200000E+002, 8.4839494E-009, 7.9667230E-001
 3.0881297E-001, 5.1848379E-002, 2.7755576E-017, 1.0000000E+000, 7.6589656E+002, 1.3200000E+002, 8.6087273E-009, 7.9666865E-001
 3.1095481E-001, 5.1767053E-002, 2.7755576E-017, 1.0000000E+000, 7.7124107E+002, 1.3200000E+002, 8.7337870E-009, 7.9666495E-001
 3.1202573E-001, 5.1705834E-002, 2.7755576E-017, 1.0000000E+000, 7.7536293E+002, 1.3200000E+002, 8.8277562E-009, 7.9666215E-001
 3.1416758E-001, 5.1644395E-002, 2.7755576E-017, 1.0000000E+000, 7.7952693E+002, 1.3200000E+002, 8.9218944E-009, 7.9665933E-001
 3.1630942E-001, 5.1562185E-002, 2.7755576E-017, 1.0000000E+000, 7.8490367E+002, 1.3200000E+002, 9.0476309E-009, 7.9665553E-001
 3.1834322E-001, 5.1530605E-002, 2.7755576E-017, 1.0000000E+000, 7.9072120E+002, 1.3200000E+002, 9.1858834E-009, 7.9665156E-001
 3.2026896E-001, 5.1408662E-002, 2.7755576E-017, 1.0000000E+000, 7.9674071E+002, 1.3200000E+002, 9.3270542E-009, 7.9664702E-001
 3.2219471E-001, 5.1332646E-002, 2.7755576E-017, 1.0000000E+000, 8.0204747E+002, 1.3200000E+002, 9.4511909E-009, 7.9664293E-001
 3.2412046E-001, 5.1256365E-002, 2.7755576E-017, 1.0000000E+000, 8.0739757E+002, 1.3200000E+002, 9.5751273E-009, 7.9663873E-001
 3.2604621E-001, 5.1179825E-002, 2.7755576E-017, 1.0000000E+000, 8.1270042E+002, 1.3200000E+002, 9.6988442E-009, 7.9663440E-001
 3.2893483E-001, 5.1083769E-002, 2.7755576E-017, 1.0000000E+000, 8.1919219E+002, 1.3200000E+002, 9.8531530E-009, 7.9662879E-001
 3.3086057E-001, 5.0987328E-002, 2.7755576E-017, 1.0000000E+000, 8.2575938E+002, 1.3250000E+002, 9.2368418E-009, 7.9680501E-001
 3.3278632E-001, 5.0909859E-002, 2.7755576E-017, 1.0000000E+000, 8.3106880E+002, 1.3300000E+002, 8.5709752E-009, 7.9697922E-001
 3.3471207E-001, 5.0832099E-002, 2.7755576E-017, 1.0000000E+000, 8.3641716E+002, 1.3300000E+002, 8.6690014E-009, 7.9697035E-001
 3.3663782E-001, 5.0754046E-002, 2.7755576E-017, 1.0000000E+000, 8.4174626E+002, 1.3300000E+002, 8.7668156E-009, 7.9696145E-001
 3.3856356E-001, 5.0675701E-002, 2.7755576E-017, 1.0000000E+000, 8.4706120E+002, 1.3300000E+002, 8.8644085E-009, 7.9695249E-001
 3.4048931E-001, 5.0597060E-002, 2.7755576E-017, 1.0000000E+000, 8.5237392E+002, 1.3300000E+002, 8.9617713E-009, 7.9694348E-001
 3.4241506E-001, 5.0518104E-002, 2.7755576E-017, 1.0000000E+000, 8.5768843E+002, 1.3300000E+002, 9.0588961E-009, 7.9693440E-001
 3.4434080E-001, 5.0438829E-002, 2.7755576E-017, 1.0000000E+000, 8.6300529E+002, 1.3300000E+002, 9.1557772E-009, 7.9692525E-001
 3.4626655E-001, 5.0359223E-002, 2.7755576E-017, 1.0000000E+000, 8.6832024E+002, 1.3300000E+002, 9.2524105E-009, 7.9691604E-001
 3.4819230E-001, 5.0279263E-002, 2.7755576E-017, 1.0000000E+000, 8.7363808E+002, 1.3300000E+002, 9.3487959E-009, 7.9690676E-001
 3.5011804E-001, 5.0198990E-002, 2.7755576E-017, 1.0000000E+000, 8.7899251E+002, 1.3300000E+002, 9.4449343E-009, 7.9689740E-001
 3.5204379E-001, 5.0118400E-002, 2.7755576E-017, 1.0000000E+000, 8.8431386E+002, 1.3300000E+002, 9.5408305E-009, 7.9688799E-001
 3.5493241E-001, 5.0017184E-002, 2.7755576E-017, 1.0000000E+000, 8.9081713E+002, 1.3300000E+002, 9.6603599E-009, 7.9687613E-001
 3.5685816E-001, 4.9915498E-002, 2.7755576E-017, 1.0000000E+000, 8.9732362E+002, 1.3300000E+002, 9.7795657E-009, 7.9686419E-001
 3.5878391E-001, 4.9833732E-002, 2.7755576E-017, 1.0000000E+000, 9.0263829E+002, 1.3300000E+002, 9.8746901E-009, 7.9685459E-001
 3.6070965E-001, 4.9751635E-002, 2.7755576E-017, 1.0000000E+000, 9.0795109E+002, 1.3300000E+002, 9.9696289E-009, 7.9684496E-001
 3.6263540E-001, 4.9669260E-002, 2.7755576E-017, 1.0000000E+000, 9.1326802E+002, 1.3400000E+002, 6.2697496E-009, 7.9537284E-001
 3.6456115E-001, 4.9586625E-002, 2.7755576E-017, 1.0000000E+000, 9.1858726E+002, 1.3400000E+002, 6.3266414E-009, 7.9536134E-001
 3.6639035E-001, 4.9572486E-002, 2.7755576E-017, 1.0000000E+000, 9.2440898E+002, 1.3400000E+002, 6.3868568E-009, 7.9534692E-001
 3.6812302E-001, 4.9432227E-002, 2.7755576E-017, 1.0000000E+000, 9.3038753E+002, 1.3400000E+002, 6.4450678E-009, 7.9532908E-001
 3.7072202E-001, 4.9336772E-002, 2.7755576E-017, 1.0000000E+000, 9.3691385E+002, 1.3400000E+002, 6.5125558E-009, 7.9531312E-001
 3.7245469E-001, 4.9241183E-002, 2.7755576E-017, 1.0000000E+000, 9.4340965E+002, 1.3400000E+002, 6.5799461E-009, 7.9529743E-001
 3.7418735E-001, 4.9164557E-002, 2.7755576E-017, 1.0000000E+000, 9.4871937E+002, 1.3400000E+002, 6.6337786E-009, 7.9528510E-001
 3.7678635E-001, 4.9068505E-002, 2.7755576E-017, 1.0000000E+000, 9.5521667E+002, 1.3400000E+002, 6.7009912E-009, 7.9526996E-001
 3.7851902E-001, 4.8972262E-002, 2.7755576E-017, 1.0000000E+000, 9.6183720E+002, 1.3400000E+002, 6.7681450E-009, 7.9525508E-001
 3.8025169E-001, 4.8895047E-002, 2.7755576E-017, 1.0000000E+000, 9.6714690E+002, 1.3400000E+002, 6.8218358E-009, 7.9524340E-001
 3.8285069E-001, 4.8798323E-002, 2.7755576E-017, 1.0000000E+000, 9.7364857E+002, 1.3400000E+002, 6.8889276E-009, 7.9522906E-001
 3.8458335E-001, 4.8701305E-002, 2.7755576E-017, 1.0000000E+000, 9.8016023E+002, 1.3400000E+002, 6.9560117E-009, 7.9521499E-001
 3.8631602E-001, 4.8623532E-002, 2.7755576E-017, 1.0000000E+000, 9.8547453E+002, 1.3400000E+002, 7.0096832E-009, 7.9520395E-001
 3.8804869E-001, 4.8545670E-002, 2.7755576E-017, 1.0000000E+000, 9.9079838E+002, 1.3400000E+002, 7.0633652E-009, 7.9519308E-001
 3.9064769E-001, 4.8448211E-002, 2.7755576E-017, 1.0000000E+000, 9.9731030E+002, 1.3400000E+002, 7.1304901E-009, 7.9517974E-001
 3.9238035E-001, 4.8350619E-002, 2.7755576E-017, 1.0000000E+000, 1.0038271E+003, 1.3400000E+002, 7.1976436E-009, 7.9516665E-001
 3.9411302E-001, 4.8272438E-002, 2.7755576E-017, 1.0000000E+000, 1.0091609E+003, 1.3400000E+002, 7.2513929E-009, 7.9515637E-001
 3.9671202E-001, 4.8174571E-002, 2.7755576E-017, 1.0000000E+000, 1.0157728E+003, 1.3400000E+002, 7.3186162E-009, 7.9514374E-001
 3.9844469E-001, 4.8076559E-002, 2.7755576E-017, 1.0000000E+000, 1.0222886E+003, 1.3400000E+002, 7.3858786E-009, 7.9513133E-001
 4.0017735E-001, 4.7998031E-002, 2.7755576E-017, 1.0000000E+000, 1.0276118E+003, 1.3400000E+002, 7.4397209E-009, 7.9512157E-001
 4.0277635E-001, 4.7899717E-002, 2.7755576E-017, 1.0000000E+000, 1.0341840E+003, 1.3400000E+002, 7.5070649E-009, 7.9510957E-001
 4.0450902E-001, 4.7801248E-002, 2.7755576E-017, 1.0000000E+000, 1.0407605E+003, 1.3400000E+002, 7.5744504E-009, 7.9509776E-001
 4.0624169E-001, 4.7722346E-002, 2.7755576E-017, 1.0000000E+000, 1.0460680E+003, 1.3400000E+002, 7.6283918E-009, 7.9508846E-001
 4.0884069E-001, 4.7623559E-002, 2.7755576E-017, 1.0000000E+000, 1.0526085E+003, 1.3400000E+002, 7.6958591E-009, 7.9507701E-001
 4.1057335E-001, 4.7524611E-002, 2.7755576E-017, 1.0000000E+000, 1.0591017E+003, 1.3400000E+002, 7.7633661E-009, 7.9506572E-001
 4.1230602E-001, 4.7445322E-002, 2.7755576E-017, 1.0000000E+000, 1.0644062E+003, 1.3400000E+002, 7.8174028E-009, 7.9505681E-001
 4.1403869E-001, 4.7365920E-002, 2.7755576E-017, 1.0000000E+000, 1.0697136E+003, 1.3400000E+002, 7.8714654E-009, 7.9504801E-001
 4.1663769E-001, 4.7266503E-002, 2.7755576E-017, 1.0000000E+000, 1.0762260E+003, 1.3400000E+002, 7.9390809E-009, 7.9503715E-001
 4.1837035E-001, 4.7166920E-002, 2.7755576E-017, 1.0000000E+000, 1.0827275E+003, 1.3400000E+002, 8.0067327E-009, 7.9502642E-001
 4.2001601E-001, 4.7177555E-002, 2.7755576E-017, 1.0000000E+000, 1.0885009E+003, 1.3400000E+002, 8.0637962E-009, 7.9501547E-001
 4.2235399E-001, 4.7000396E-002, 3.7007434E-017, 1.0000000E+000, 1.0956538E+003, 1.3400000E+002, 8.1311192E-009, 7.9499896E-001
 4.2469197E-001, 4.6890732E-002, 2.7755576E-017, 1.0000000E+000, 1.1033348E+003, 1.3400000E+002, 8.2077091E-009, 7.9498430E-001
 4.2625062E-001, 4.6799234E-002, 2.7755576E-017, 1.0000000E+000, 1.1098351E+003, 1.3400000E+002, 8.2713967E-009, 7.9497228E-001
 4.2858860E-001, 4.6707627E-002, 2.7755576E-017, 1.0000000E+000, 1.1163519E+003, 1.3400000E+002, 8.3349422E-009, 7.9496043E-001
 4.3014725E-001, 4.6615923E-002, 2.7755576E-017, 1.0000000E+000, 1.1228944E+003, 1.3400000E+002, 8.3983705E-009, 7.9494873E-001
 4.3248523E-001, 4.6524110E-002, 2.7755576E-017, 1.0000000E+000, 1.1293935E+003, 1.3400000E+002, 8.4616735E-009, 7.9493720E-001
 4.3404388E-001, 4.6432205E-002, 2.7755576E-017, 1.0000000E+000, 1.1358953E+003, 1.3400000E+002, 8.5248747E-009, 7.9492581E-001
 4.3638186E-001, 4.6340188E-002, 2.7755576E-017, 1.0000000E+000, 1.1424918E+003, 1.3400000E+002, 8.5879680E-009, 7.9491457E-001
 4.3871984E-001, 4.6229629E-002, 2.7755576E-017, 1.0000000E+000, 1.1501665E+003, 1.3400000E+002, 8.6635599E-009, 7.9490126E-001
 4.4027849E-001, 4.6137393E-002, 2.7755576E-017, 1.0000000E+000, 1.1567170E+003, 1.3400000E+002, 8.7264595E-009, 7.9489031E-001
 4.4261647E-001, 4.6045060E-002, 2.7755576E-017, 1.0000000E+000, 1.1632233E+003, 1.3400000E+002, 8.7892717E-009, 7.9487950E-001
 4.4417512E-001, 4.5952643E-002, 2.7755576E-017, 1.0000000E+000, 1.1697220E+003, 1.3400000E+002, 8.8520117E-009, 7.9486880E-001
 4.4651310E-001, 4.5860131E-002, 2.7755576E-017, 1.0000000E+000, 1.1762153E+003, 1.3400000E+002, 8.9146740E-009, 7.9485823E-001
 4.4807176E-001, 4.5767538E-002, 2.7755576E-017, 1.0000000E+000, 1.1827117E+003, 1.3400000E+002, 8.9772721E-009, 7.9484777E-001
 4.5040973E-001, 4.5674853E-002, 2.7755576E-017, 1.0000000E+000, 1.1892096E+003, 1.3400000E+002, 9.0398018E-009, 7.9483742E-001
 4.5274771E-001, 4.5563517E-002, 2.7755576E-017, 1.0000000E+000, 1.1968827E+003, 1.3400000E+002, 9.1147610E-009, 7.9482515E-001
 4.5430637E-001, 4.5470637E-002, 2.7755576E-017, 1.0000000E+000, 1.2033810E+003, 1.3400000E+002, 9.1771676E-009, 7.9481502E-001
 4.5664434E-001, 4.5377648E-002, 2.7755576E-017, 1.0000000E+000, 1.2099618E+003, 1.3400000E+002, 9.2395196E-009, 7.9480501E-001
 4.5820300E-001, 4.5284550E-002, 2.7755576E-017, 1.0000000E+000, 1.2164968E+003, 1.3400000E+002, 9.3018271E-009, 7.9479508E-001
 4.6054097E-001, 4.5191311E-002, 2.7755576E-017, 1.0000000E+000, 1.2229915E+003, 1.3400000E+002, 9.3640869E-009, 7.9478525E-001
 4.6209963E-001, 4.5097942E-002, 2.7755576E-017, 1.0000000E+000, 1.2295325E+003, 1.3400000E+002, 9.4263083E-009, 7.9477550E-001
 4.6443761E-001, 4.5004406E-002, 2.7755576E-017, 1.0000000E+000, 1.2360408E+003, 1.3400000E+002, 9.4884881E-009, 7.9476585E-001
 4.6677558E-001, 4.4891975E-002, 2.7755576E-017, 1.0000000E+000, 1.2437397E+003, 1.3400000E+002, 9.5630581E-009, 7.9475437E-001
 4.6833424E-001, 4.4798123E-002, 2.7755576E-017, 1.0000000E+000, 1.2502706E+003, 1.3400000E+002, 9.6251640E-009, 7.9474488E-001
 4.7067222E-001, 4.4704119E-002, 2.7755576E-017, 1.0000000E+000, 1.2568369E+003, 1.3400000E+002, 9.6872369E-009, 7.9473548E-001
 4.7223087E-001, 4.4610002E-002, 2.7755576E-017, 1.0000000E+000, 1.2633638E+003, 1.3400000E+002, 9.7492820E-009, 7.9472615E-001
 4.7456885E-001, 4.4515785E-002, 2.7755576E-017, 1.0000000E+000, 1.2698926E+003, 1.3400000E+002, 9.8112978E-009, 7.9471689E-001
 4.7612750E-001, 4.4421484E-002, 2.7755576E-017, 1.0000000E+000, 1.2764244E+003, 1.3400000E+002, 9.8732888E-009, 7.9470770E-001
 4.7846548E-001, 4.4327077E-002, 2.7755576E-017, 1.0000000E+000, 1.2829811E+003, 1.3400000E+002, 9.9352531E-009, 7.9469857E-001
 4.8002413E-001, 4.4232567E-002, 2.7755576E-017, 1.0000000E+000, 1.2895385E+003, 1.3450000E+002, 8.0155343E-009, 7.9388299E-001
 4.8212810E-001, 4.4225058E-002, 2.7755576E-017, 1.0000000E+000, 1.2973875E+003, 1.3500000E+002, 6.0811472E-009, 7.9306425E-001
 4.8423207E-001, 4.4043539E-002, 2.7755576E-017, 1.0000000E+000, 1.3051614E+003, 1.3500000E+002, 6.1262633E-009, 7.9305462E-001
 4.8633604E-001, 4.3939681E-002, 2.7755576E-017, 1.0000000E+000, 1.3129346E+003, 1.3500000E+002, 6.1716411E-009, 7.9304546E-001
 4.8844001E-001, 4.3835729E-002, 2.7755576E-017, 1.0000000E+000, 1.3207141E+003, 1.3500000E+002, 6.2169152E-009, 7.9303642E-001
 4.9054398E-001, 4.3731682E-002, 2.7755576E-017, 1.0000000E+000, 1.3284956E+003, 1.3500000E+002, 6.2620919E-009, 7.9302751E-001
 4.9264795E-001, 4.3627562E-002, 2.7755576E-017, 1.0000000E+000, 1.3363144E+003, 1.3500000E+002, 6.3071799E-009, 7.9301872E-001
 4.9405060E-001, 4.3540752E-002, 2.7755576E-017, 1.0000000E+000, 1.3429136E+003, 1.3500000E+002, 6.3446915E-009, 7.9301147E-001
 4.9615457E-001, 4.3453908E-002, 2.7755576E-017, 1.0000000E+000, 1.3494994E+003, 1.3500000E+002, 6.3821456E-009, 7.9300431E-001
 4.9825854E-001, 4.3349664E-002, 2.7755576E-017, 1.0000000E+000, 1.3573884E+003, 1.3500000E+002, 6.4270259E-009, 7.9299581E-001
 5.0036251E-001, 4.3245394E-002, 2.7755576E-017, 1.0000000E+000, 1.3651764E+003, 1.3500000E+002, 6.4718362E-009, 7.9298741E-001
 5.0246648E-001, 4.3141104E-002, 2.7755576E-017, 1.0000000E+000, 1.3730671E+003, 1.3500000E+002, 6.5165813E-009, 7.9297911E-001
 5.0457045E-001, 4.3036799E-002, 2.7755576E-017, 1.0000000E+000, 1.3808531E+003, 1.3500000E+002, 6.5612633E-009, 7.9297089E-001
 5.0667442E-001, 4.2932480E-002, 2.7755576E-017, 1.0000000E+000, 1.3886553E+003, 1.3500000E+002, 6.6058844E-009, 7.9296277E-001
 5.0807706E-001, 4.2845535E-002, 2.7755576E-017, 1.0000000E+000, 1.3952752E+003, 1.3500000E+002, 6.6430259E-009, 7.9295606E-001
 5.1018103E-001, 4.2758574E-002, 2.7755576E-017, 1.0000000E+000, 1.4018739E+003, 1.3500000E+002, 6.6801247E-009, 7.9294941E-001
 5.1228500E-001, 4.2654199E-002, 2.7755576E-017, 1.0000000E+000, 1.4096765E+003, 1.3500000E+002, 6.7245953E-009, 7.9294150E-001
 5.1438897E-001, 4.2549798E-002, 2.7755576E-017, 1.0000000E+000, 1.4174605E+003, 1.3500000E+002, 6.7690129E-009, 7.9293366E-001
 5.1649294E-001, 4.2445366E-002, 2.7755576E-017, 1.0000000E+000, 1.4252679E+003, 1.3500000E+002, 6.8133792E-009, 7.9292589E-001
 5.1859691E-001, 4.2340903E-002, 2.7755576E-017, 1.0000000E+000, 1.4330620E+003, 1.3500000E+002, 6.8576933E-009, 7.9291819E-001
 5.2070088E-001, 4.2236408E-002, 2.7755576E-017, 1.0000000E+000, 1.4408813E+003, 1.3500000E+002, 6.9019576E-009, 7.9291054E-001
 5.2210353E-001, 4.2149301E-002, 2.7755576E-017, 1.0000000E+000, 1.4474816E+003, 1.3500000E+002, 6.9388079E-009, 7.9290422E-001
 5.2420750E-001, 4.2062171E-002, 2.7755576E-017, 1.0000000E+000, 1.4540618E+003, 1.3500000E+002, 6.9756202E-009, 7.9289794E-001
 5.2631147E-001, 4.1957591E-002, 2.7755576E-017, 1.0000000E+000, 1.4618616E+003, 1.3500000E+002, 7.0197507E-009, 7.9289044E-001
 5.2841544E-001, 4.1852983E-002, 2.7755576E-017, 1.0000000E+000, 1.4696452E+003, 1.3500000E+002, 7.0638322E-009, 7.9288300E-001
 5.3051941E-001, 4.1748345E-002, 2.7755576E-017, 1.0000000E+000, 1.4774411E+003, 1.3500000E+002, 7.1078609E-009, 7.9287561E-001
 5.3262338E-001, 4.1643678E-002, 3.7007434E-017, 1.0000000E+000, 1.4852205E+003, 1.3500000E+002, 7.1518380E-009, 7.9286826E-001
 5.3402603E-001, 4.1556434E-002, 2.7755576E-017, 1.0000000E+000, 1.4918569E+003, 1.3500000E+002, 7.1884459E-009, 7.9286217E-001
 5.3613000E-001, 4.1469169E-002, 3.7007434E-017, 1.0000000E+000, 1.4985018E+003, 1.3500000E+002, 7.2250150E-009, 7.9285611E-001
 5.3823397E-001, 4.1364425E-002, 3.7007434E-017, 1.0000000E+000, 1.5062838E+003, 1.3500000E+002, 7.2688485E-009, 7.9284886E-001
 5.4033794E-001, 4.1259653E-002, 3.7007434E-017, 1.0000000E+000, 1.5140805E+003, 1.3500000E+002, 7.3126258E-009, 7.9284166E-001
 5.4244191E-001, 4.1154854E-002, 2.7755576E-017, 1.0000000E+000, 1.5218613E+003, 1.3500000E+002, 7.3563449E-009, 7.9283449E-001
 5.4454588E-001, 4.1050027E-002, 2.7755576E-017, 1.0000000E+000, 1.5296608E+003, 1.3500000E+002, 7.4000055E-009, 7.9282735E-001
 5.4664985E-001, 4.0945172E-002, 2.7755576E-017, 1.0000000E+000, 1.5374438E+003, 1.3500000E+002, 7.4436054E-009, 7.9282024E-001
 5.4805250E-001, 4.0857773E-002, 4.1633363E-017, 1.0000000E+000, 1.5440253E+003, 1.3500000E+002, 7.4798934E-009, 7.9281433E-001
 5.5015647E-001, 4.0770350E-002, 5.5511151E-017, 1.0000000E+000, 1.5505911E+003, 1.3500000E+002, 7.5161337E-009, 7.9280845E-001
 5.5204969E-001, 4.0770950E-002, 4.6259293E-017, 1.0000000E+000, 1.5594684E+003, 1.3500000E+002, 7.5615865E-009, 7.9279682E-001
 5.5457399E-001, 4.0563017E-002, 2.7755576E-017, 1.0000000E+000, 1.5684351E+003, 1.3500000E+002, 7.6085824E-009, 7.9278649E-001
 5.5646722E-001, 4.0451575E-002, 2.7755576E-017, 1.0000000E+000, 1.5773965E+003, 1.3500000E+002, 7.6557767E-009, 7.9277657E-001
 5.5836045E-001, 4.0356103E-002, 2.7755576E-017, 1.0000000E+000, 1.5851503E+003, 1.3500000E+002, 7.6960168E-009, 7.9276812E-001
 5.6025367E-001, 4.0260678E-002, 2.7755576E-017, 1.0000000E+000, 1.5929445E+003, 1.3500000E+002, 7.7360663E-009, 7.9275971E-001
 5.6214690E-001, 4.0165301E-002, 2.7755576E-017, 1.0000000E+000, 1.6007270E+003, 1.3500000E+002, 7.7759234E-009, 7.9275133E-001
 5.6404013E-001, 4.0069975E-002, 2.7755576E-017, 1.0000000E+000, 1.6086289E+003, 1.3500000E+002, 7.8155842E-009, 7.9274298E-001
 5.6656443E-001, 3.9958820E-002, 4.1633363E-017, 1.0000000E+000, 1.6176270E+003, 1.3500000E+002, 7.8615913E-009, 7.9273325E-001
 5.6845766E-001, 3.9847724E-002, 5.5511151E-017, 1.0000000E+000, 1.6266170E+003, 1.3500000E+002, 7.9073216E-009, 7.9272351E-001
 5.7035088E-001, 3.9752555E-002, 5.5511151E-017, 1.0000000E+000, 1.6344308E+003, 1.3500000E+002, 7.9462641E-009, 7.9271514E-001
 5.7224411E-001, 3.9657434E-002, 5.5511151E-017, 1.0000000E+000, 1.6422639E+003, 1.3500000E+002, 7.9849531E-009, 7.9270674E-001
 5.7413734E-001, 3.9562363E-002, 5.5511151E-017, 1.0000000E+000, 1.6500690E+003, 1.3500000E+002, 8.0233667E-009, 7.9269827E-001
 5.7603056E-001, 3.9467336E-002, 5.5511151E-017, 1.0000000E+000, 1.6578614E+003, 1.3500000E+002, 8.0614651E-009, 7.9268970E-001
 5.7855486E-001, 3.9356523E-002, 5.5511151E-017, 1.0000000E+000, 1.6668974E+003, 1.3500000E+002, 8.1054390E-009, 7.9267952E-001
 5.8044809E-001, 3.9245759E-002, 5.5511151E-017, 1.0000000E+000, 1.6759577E+003, 1.3500000E+002, 8.1488480E-009, 7.9266910E-001
 5.8234132E-001, 3.9150857E-002, 5.5511151E-017, 1.0000000E+000, 1.6837895E+003, 1.3500000E+002, 8.1854601E-009, 7.9265986E-001
 5.8423454E-001, 3.9055990E-002, 5.5511151E-017, 1.0000000E+000, 1.6916346E+003, 1.3500000E+002, 8.2213993E-009, 7.9265026E-001
 5.8612777E-001, 3.8961158E-002, 5.5511151E-017, 1.0000000E+000, 1.6994604E+003, 1.3500000E+002, 8.2564889E-009, 7.9264016E-001
 5.8802100E-001, 3.8866353E-002, 5.5511151E-017, 1.0000000E+000, 1.7072963E+003, 1.3500000E+002, 8.2904751E-009, 7.9262939E-001
 5.9054530E-001, 3.8755778E-002, 5.5511151E-017, 1.0000000E+000, 1.7163309E+003, 1.3500000E+002, 8.3281842E-009, 7.9261559E-001
 5.9243853E-001, 3.8645224E-002, 5.5511151E-017, 1.0000000E+000, 1.7253708E+003, 1.3500000E+002, 8.3631679E-009, 7.9260001E-001
 5.9433175E-001, 3.8550485E-002, 5.5511151E-017, 1.0000000E+000, 1.7332183E+003, 1.3500000E+002, 8.3897804E-009, 7.9258443E-001
 5.9622498E-001, 3.8455765E-002, 5.5511151E-017, 1.0000000E+000, 1.7410734E+003, 1.3500000E+002, 8.4118495E-009, 7.9256579E-001
 5.9811821E-001, 3.8361062E-002, 5.5511151E-017, 1.0000000E+000, 1.7489081E+003, 1.3500000E+002, 8.4270327E-009, 7.9254249E-001
 6.0001143E-001, 3.8266380E-002, 5.5511151E-017, 1.0000000E+000, 1.7567224E+003, 1.3500000E+002, 8.4312941E-009, 7.9251173E-001
 6.0253574E-001, 3.8155947E-002, 5.5511151E-017, 1.0000000E+000, 1.7657608E+003, 1.3500000E+002, 8.4110393E-009, 7.9245847E-001
 6.0442896E-001, 3.8045548E-002, 5.5511151E-017, 1.0000000E+000, 1.7748090E+003, 1.3500000E+002, 8.3419030E-009, 7.9237106E-001
 6.0632219E-001, 3.7950954E-002, 5.5511151E-017, 1.0000000E+000, 1.7826345E+003, 1.3500000E+002, 8.1917872E-009, 7.9223114E-001
 6.0821542E-001, 3.7856387E-002, 5.5511151E-017, 1.0000000E+000, 1.7905716E+003, 1.3500000E+002, 7.8349846E-009, 7.9193592E-001
 6.1010864E-001, 3.7761851E-002, 5.5511151E-017, 1.0000000E+000, 1.7983836E+003, 1.3233333E+002, 9.3621616E-009, 7.8923048E-001
 6.1200187E-001, 3.7667341E-002, 5.5511151E-017, 1.0000000E+000, 1.8062236E+003, 1.3100000E+002, 7.5135734E-009, 7.8596806E-001
 6.1452617E-001, 3.7557128E-002, 5.5511151E-017, 1.0000000E+000, 1.8152231E+003, 1.3100000E+002, 6.5049613E-009, 7.8508389E-001
 6.1641940E-001, 3.7446964E-002, 5.5511151E-017, 1.0000000E+000, 1.8242377E+003, 1.3133333E+002, 8.5940634E-009, 7.8719211E-001
 6.1831262E-001, 3.7352577E-002, 5.5511151E-017, 1.0000000E+000, 1.8320627E+003, 1.3400000E+002, 8.4877599E-009, 7.9080675E-001
 6.2020585E-001, 3.7258230E-002, 5.5511151E-017, 1.0000000E+000, 1.8398808E+003, 1.3500000E+002, 8.2830077E-009, 7.9205623E-001
 6.2209908E-001, 3.7163924E-002, 5.5511151E-017, 1.0000000E+000, 1.8477173E+003, 1.3500000E+002, 8.5951863E-009, 7.9224156E-001
 6.2462338E-001, 3.7053960E-002, 5.5511151E-017, 1.0000000E+000, 1.8567518E+003, 1.3500000E+002, 8.8012535E-009, 7.9234329E-001
 6.2651661E-001, 3.6944047E-002, 5.5511151E-017, 1.0000000E+000, 1.8657885E+003, 1.3500000E+002, 8.9379882E-009, 7.9239663E-001
 6.2840983E-001, 3.6849876E-002, 5.5511151E-017, 1.0000000E+000, 1.8736693E+003, 1.3500000E+002, 9.0255612E-009, 7.9242210E-001
 6.3030306E-001, 3.6755737E-002, 5.5511151E-017, 1.0000000E+000, 1.8814859E+003, 1.3500000E+002, 9.0985054E-009, 7.9243769E-001
 6.3219629E-001, 3.6661627E-002, 5.5511151E-017, 1.0000000E+000, 1.8893143E+003, 1.3500000E+002, 9.1623577E-009, 7.9244719E-001
 6.3408951E-001, 3.6567541E-002, 5.5511151E-017, 1.0000000E+000, 1.8971312E+003, 1.3500000E+002, 9.2202645E-009, 7.9245273E-001
 6.3661381E-001, 3.6457795E-002, 5.5511151E-017, 1.0000000E+000, 1.9061765E+003, 1.3500000E+002, 9.2827048E-009, 7.9245581E-001
 6.3831650E-001, 3.6472375E-002, 5.5511151E-017, 1.0000000E+000, 1.9163739E+003, 1.3500000E+002, 9.3506652E-009, 7.9245753E-001
 6.4001918E-001, 3.6270288E-002, 5.5511151E-017, 1.0000000E+000, 1.9242060E+003, 1.3500000E+002, 9.3964405E-009, 7.9245551E-001
 6.4228942E-001, 3.6170609E-002, 5.5511151E-017, 1.0000000E+000, 1.9332540E+003, 1.3500000E+002, 9.4481049E-009, 7.9245215E-001
 6.4455967E-001, 3.6056766E-002, 5.5511151E-017, 1.0000000E+000, 1.9435115E+003, 1.3500000E+002, 9.5050627E-009, 7.9244711E-001
 6.4626235E-001, 3.5957209E-002, 5.5511151E-017, 1.0000000E+000, 1.9525626E+003, 1.3500000E+002, 9.5535772E-009, 7.9244199E-001
 6.4853260E-001, 3.5857698E-002, 5.5511151E-017, 1.0000000E+000, 1.9616112E+003, 1.3500000E+002, 9.6011089E-009, 7.9243635E-001
 6.5023528E-001, 3.5758216E-002, 5.5511151E-017, 1.0000000E+000, 1.9706551E+003, 1.3500000E+002, 9.6479514E-009, 7.9243038E-001
 6.5250552E-001, 3.5658757E-002, 6.9388939E-017, 1.0000000E+000, 1.9797029E+003, 1.3500000E+002, 9.6941940E-009, 7.9242414E-001
 6.5420821E-001, 3.5559312E-002, 5.5511151E-017, 1.0000000E+000, 1.9887821E+003, 1.3500000E+002, 9.7399894E-009, 7.9241772E-001
 6.5647845E-001, 3.5459871E-002, 5.5511151E-017, 1.0000000E+000, 1.9978536E+003, 1.3500000E+002, 9.7853772E-009, 7.9241114E-001
 6.5818113E-001, 3.5360432E-002, 5.5511151E-017, 1.0000000E+000, 2.0068958E+003, 1.3500000E+002, 9.8304527E-009, 7.9240445E-001
 6.6045138E-001, 3.5260995E-002, 5.5511151E-017, 1.0000000E+000, 2.0159534E+003, 1.3500000E+002, 9.8752291E-009, 7.9239766E-001
 6.6215406E-001, 3.5161563E-002, 5.5511151E-017, 1.0000000E+000, 2.0250006E+003, 1.3500000E+002, 9.9197693E-009, 7.9239081E-001
 6.6442430E-001, 3.5062141E-002, 5.5511151E-017, 1.0000000E+000, 2.0340315E+003, 1.3500000E+002, 9.9640814E-009, 7.9238391E-001
 6.6612699E-001, 3.4962738E-002, 5.5511151E-017, 1.0000000E+000, 2.0430620E+003, 1.3566667E+002, 7.2544839E-009, 7.9121650E-001
 6.6839723E-001, 3.4863369E-002, 5.5511151E-017, 1.0000000E+000, 2.0521079E+003, 1.3600000E+002, 5.9082638E-009, 7.9063154E-001
 6.7009991E-001, 3.4764045E-002, 5.5511151E-017, 1.0000000E+000, 2.0611697E+003, 1.3600000E+002, 5.9366578E-009, 7.9062720E-001
 6.7237016E-001, 3.4664787E-002, 5.5511151E-017, 1.0000000E+000, 2.0702142E+003, 1.3600000E+002, 5.9650334E-009, 7.9062289E-001
 6.7407284E-001, 3.4565608E-002, 5.5511151E-017, 1.0000000E+000, 2.0792604E+003, 1.3600000E+002, 5.9933918E-009, 7.9061860E-001
 6.7634308E-001, 3.4466536E-002, 5.5511151E-017, 1.0000000E+000, 2.0883531E+003, 1.3600000E+002, 6.0217357E-009, 7.9061433E-001
 6.7804577E-001, 3.4367579E-002, 5.5511151E-017, 1.0000000E+000, 2.0974074E+003, 1.3600000E+002, 6.0500660E-009, 7.9061008E-001
 6.8031601E-001, 3.4268771E-002, 5.5511151E-017, 1.0000000E+000, 2.1064638E+003, 1.3600000E+002, 6.0783819E-009, 7.9060586E-001
 6.8201869E-001, 3.4170113E-002, 5.5511151E-017, 1.0000000E+000, 2.1155122E+003, 1.3600000E+002, 6.1066831E-009, 7.9060164E-001
 6.8428894E-001, 3.4071642E-002, 5.5511151E-017, 1.0000000E+000, 2.1245686E+003, 1.3600000E+002, 6.1349749E-009, 7.9059746E-001
 6.8655918E-001, 3.3959332E-002, 5.5511151E-017, 1.0000000E+000, 2.1348554E+003, 1.3600000E+002, 6.1672912E-009, 7.9059269E-001
 6.8826186E-001, 3.3861269E-002, 5.5511151E-017, 1.0000000E+000, 2.1439470E+003, 1.3600000E+002, 6.1955531E-009, 7.9058853E-001
 6.9053211E-001, 3.3763420E-002, 5.5511151E-017, 1.0000000E+000, 2.1530327E+003, 1.3600000E+002, 6.2238011E-009, 7.9058438E-001
 6.9223479E-001, 3.3665767E-002, 5.5511151E-017, 1.0000000E+000, 2.1620773E+003, 1.3600000E+002, 6.2520349E-009, 7.9058025E-001
 6.9450504E-001, 3.3568332E-002, 5.5511151E-017, 1.0000000E+000, 2.1711356E+003, 1.3600000E+002, 6.2802532E-009, 7.9057613E-001
 6.9620772E-001, 3.3471092E-002, 5.5511151E-017, 1.0000000E+000, 2.1802364E+003, 1.3600000E+002, 6.3084526E-009, 7.9057201E-001
 6.9847796E-001, 3.3374059E-002, 5.5511151E-017, 1.0000000E+000, 2.1892822E+003, 1.3600000E+002, 6.3366381E-009, 7.9056790E-001
 7.0018065E-001, 3.3277205E-002, 5.5511151E-017, 1.0000000E+000, 2.1983393E+003, 1.3600000E+002, 6.3648032E-009, 7.9056380E-001
 7.0245089E-001, 3.3180536E-002, 5.5511151E-017, 1.0000000E+000, 2.2073949E+003, 1.3600000E+002, 6.3929490E-009, 7.9055969E-001
 7.0415357E-001, 3.3084025E-002, 5.5511151E-017, 1.0000000E+000, 2.2164453E+003, 1.3600000E+002, 6.4210730E-009, 7.9055559E-001
 7.0642382E-001, 3.2987672E-002, 5.5511151E-017, 1.0000000E+000, 2.2254854E+003, 1.3600000E+002, 6.4491742E-009, 7.9055149E-001
 7.0812650E-001, 3.2891451E-002, 5.5511151E-017, 1.0000000E+000, 2.2345315E+003, 1.3600000E+002, 6.4772516E-009, 7.9054739E-001
 7.1039674E-001, 3.2795361E-002, 5.5511151E-017, 1.0000000E+000, 2.2435922E+003, 1.3600000E+002, 6.5052991E-009, 7.9054328E-001
 7.1209943E-001, 3.2699380E-002, 5.5511151E-017, 1.0000000E+000, 2.2526495E+003, 1.3600000E+002, 6.5333216E-009, 7.9053917E-001
 7.1436967E-001, 3.2603505E-002, 5.5511151E-017, 1.0000000E+000, 2.2616909E+003, 1.3600000E+002, 6.5613177E-009, 7.9053505E-001
 7.1607235E-001, 3.2507717E-002, 5.5511151E-017, 1.0000000E+000, 2.2707223E+003, 1.3600000E+002, 6.5892786E-009, 7.9053092E-001
 7.1834260E-001, 3.2412016E-002, 5.5511151E-017, 1.0000000E+000, 2.2797683E+003, 1.3600000E+002, 6.6172061E-009, 7.9052678E-001
 7.2004528E-001, 3.2316388E-002, 5.5511151E-017, 1.0000000E+000, 2.2888261E+003, 1.3600000E+002, 6.6451000E-009, 7.9052264E-001
 7.2231552E-001, 3.2220836E-002, 5.5511151E-017, 1.0000000E+000, 2.2978837E+003, 1.3600000E+002, 6.6729553E-009, 7.9051848E-001
 7.2401821E-001, 3.2125344E-002, 5.5511151E-017, 1.0000000E+000, 2.3069387E+003, 1.3600000E+002, 6.7007719E-009, 7.9051430E-001
 7.2628845E-001, 3.2029915E-002, 5.5511151E-017, 1.0000000E+000, 2.3160002E+003, 1.3600000E+002, 6.7285478E-009, 7.9051011E-001
 7.2850178E-001, 3.2015103E-002, 5.5511151E-017, 1.0000000E+000, 2.3264456E+003, 1.3600000E+002, 6.7605946E-009, 7.9050505E-001
 7.3003372E-001, 3.1833301E-002, 5.5511151E-017, 1.0000000E+000, 2.3365064E+003, 1.3600000E+002, 6.7891235E-009, 7.9049852E-001
 7.3207631E-001, 3.1746923E-002, 5.5511151E-017, 1.0000000E+000, 2.3456017E+003, 1.3600000E+002, 6.8153807E-009, 7.9049343E-001
 7.3411889E-001, 3.1648237E-002, 5.5511151E-017, 1.0000000E+000, 2.3558607E+003, 1.3600000E+002, 6.8452437E-009, 7.9048762E-001
 7.3616148E-001, 3.1549673E-002, 5.5511151E-017, 1.0000000E+000, 2.3661170E+003, 1.3600000E+002, 6.8749417E-009, 7.9048181E-001
 7.3820406E-001, 3.1451227E-002, 5.5511151E-017, 1.0000000E+000, 2.3763792E+003, 1.3600000E+002, 6.9044837E-009, 7.9047599E-001
 7.4024665E-001, 3.1352898E-002, 5.5511151E-017, 1.0000000E+000, 2.3866534E+003, 1.3600000E+002, 6.9338753E-009, 7.9047016E-001
 7.4228923E-001, 3.1254687E-002, 5.5511151E-017, 1.0000000E+000, 2.3969154E+003, 1.3600000E+002, 6.9631170E-009, 7.9046433E-001
 7.4433182E-001, 3.1156596E-002, 5.5511151E-017, 1.0000000E+000, 2.4071714E+003, 1.3600000E+002, 6.9922154E-009, 7.9045849E-001
 7.4637440E-001, 3.1058619E-002, 5.5511151E-017, 1.0000000E+000, 2.4174287E+003, 1.3600000E+002, 7.0211740E-009, 7.9045264E-001
 7.4841699E-001, 3.0960750E-002, 5.5511151E-017, 1.0000000E+000, 2.4277177E+003, 1.3600000E+002, 7.0499924E-009, 7.9044678E-001
 7.5045958E-001, 3.0862981E-002, 5.5511151E-017, 1.0000000E+000, 2.4379879E+003, 1.3600000E+002, 7.0786811E-009, 7.9044091E-001
 7.5250216E-001, 3.0765305E-002, 5.5511151E-017, 1.0000000E+000, 2.4482844E+003, 1.3600000E+002, 7.1072377E-009, 7.9043503E-001
 7.5403410E-001, 3.0679920E-002, 5.5511151E-017, 1.0000000E+000, 2.4573282E+003, 1.3600000E+002, 7.1321259E-009, 7.9042987E-001
 7.5607669E-001, 3.0594629E-002, 5.5511151E-017, 1.0000000E+000, 2.4663809E+003, 1.3600000E+002, 7.1569135E-009, 7.9042470E-001
 7.5811927E-001, 3.0497255E-002, 5.5511151E-017, 1.0000000E+000, 2.4766309E+003, 1.3600000E+002, 7.1851332E-009, 7.9041879E-001
 7.6016186E-001, 3.0399988E-002, 5.5511151E-017, 1.0000000E+000, 2.4869506E+003, 1.3600000E+002, 7.2132460E-009, 7.9041287E-001
 7.6220444E-001, 3.0302819E-002, 5.5511151E-017, 1.0000000E+000, 2.4972149E+003, 1.3600000E+002, 7.2412394E-009, 7.9040692E-001
 7.6424703E-001, 3.0205733E-002, 5.5511151E-017, 1.0000000E+000, 2.5075072E+003, 1.3600000E+002, 7.2691311E-009, 7.9040098E-001
 7.6628961E-001, 3.0108717E-002, 5.5511151E-017, 1.0000000E+000, 2.5177821E+003, 1.3600000E+002, 7.2969219E-009, 7.9039502E-001
 7.6833220E-001, 3.0011754E-002, 5.5511151E-017, 1.0000000E+000, 2.5280914E+003, 1.3600000E+002, 7.3246140E-009, 7.9038906E-001
 7.7037478E-001, 2.9914831E-002, 5.5511151E-017, 1.0000000E+000, 2.5383788E+003, 1.3600000E+002, 7.3522220E-009, 7.9038309E-001
 7.7241737E-001, 2.9817935E-002, 5.5511151E-017, 1.0000000E+000, 2.5486334E+003, 1.3600000E+002, 7.3797393E-009, 7.9037711E-001
 7.7445995E-001, 2.9721056E-002, 5.5511151E-017, 1.0000000E+000, 2.5589121E+003, 1.3600000E+002, 7.4071773E-009, 7.9037114E-001
 7.7650254E-001, 2.9624187E-002, 5.5511151E-017, 1.0000000E+000, 2.5692221E+003, 1.3600000E+002, 7.4345412E-009, 7.9036516E-001
 7.7803448E-001, 2.9539434E-002, 7.4014868E-017, 1.0000000E+000, 2.5783267E+003, 1.3600000E+002, 7.4584312E-009, 7.9035993E-001
 7.8007707E-001, 2.9454688E-002, 5.5511151E-017, 1.0000000E+000, 2.5873981E+003, 1.3600000E+002, 7.4822682E-009, 7.9035470E-001
 7.8211965E-001, 2.9357850E-002, 5.5511151E-017, 1.0000000E+000, 2.5976992E+003, 1.3600000E+002, 7.5094562E-009, 7.9034872E-001
 7.8416224E-001, 2.9261035E-002, 5.5511151E-017, 1.0000000E+000, 2.6080020E+003, 1.3600000E+002, 7.5365842E-009, 7.9034275E-001
 7.8620482E-001, 2.9164257E-002, 5.5511151E-017, 1.0000000E+000, 2.6182699E+003, 1.3600000E+002, 7.5636683E-009, 7.9033678E-001
 7.8824741E-001, 2.9067531E-002, 5.5511151E-017, 1.0000000E+000, 2.6285875E+003, 1.3600000E+002, 7.5907054E-009, 7.9033082E-001
 7.9028999E-001, 2.8970872E-002, 5.5511151E-017, 1.0000000E+000, 2.6389189E+003, 1.3600000E+002, 7.6177048E-009, 7.9032487E-001
 7.9233258E-001, 2.8874296E-002, 5.5511151E-017, 1.0000000E+000, 2.6492330E+003, 1.3600000E+002, 7.6446635E-009, 7.9031893E-001
 7.9437516E-001, 2.8777813E-002, 5.5511151E-017, 1.0000000E+000, 2.6594899E+003, 1.3600000E+002, 7.6715908E-009, 7.9031300E-001
 7.9641775E-001, 2.8681429E-002, 5.5511151E-017, 1.0000000E+000, 2.6697846E+003, 1.3600000E+002, 7.6984816E-009, 7.9030707E-001
 7.9846033E-001, 2.8585140E-002, 5.5511151E-017, 1.0000000E+000, 2.6800908E+003, 1.3600000E+002, 7.7253530E-009, 7.9030115E-001
 8.0050292E-001, 2.8488935E-002, 5.5511151E-017, 1.0000000E+000, 2.6903933E+003, 1.3600000E+002, 7.7521885E-009, 7.9029524E-001
 8.0203486E-001, 2.8404809E-002, 5.5511151E-017, 1.0000000E+000, 2.6994732E+003, 1.3600000E+002, 7.7756466E-009, 7.9029007E-001
 8.0407744E-001, 2.8320716E-002, 5.5511151E-017, 1.0000000E+000, 2.7085560E+003, 1.3600000E+002, 7.7990891E-009, 7.9028491E-001
 8.0612003E-001, 2.8224613E-002, 5.5511151E-017, 1.0000000E+000, 2.7188732E+003, 1.3600000E+002, 7.8258448E-009, 7.9027901E-001
 8.0816262E-001, 2.8128482E-002, 5.5511151E-017, 1.0000000E+000, 2.7292650E+003, 1.3600000E+002, 7.8525793E-009, 7.9027312E-001
 8.1020520E-001, 2.8032283E-002, 5.5511151E-017, 1.0000000E+000, 2.7395662E+003, 1.3600000E+002, 7.8792792E-009, 7.9026723E-001
 8.1224779E-001, 2.7935976E-002, 5.5511151E-017, 1.0000000E+000, 2.7498696E+003, 1.3600000E+002, 7.9059463E-009, 7.9026134E-001
 8.1429037E-001, 2.7839527E-002, 5.5511151E-017, 1.0000000E+000, 2.7601814E+003, 1.3600000E+002, 7.9325763E-009, 7.9025545E-001
 8.1633296E-001, 2.7742908E-002, 5.5511151E-017, 1.0000000E+000, 2.7705351E+003, 1.3600000E+002, 7.9591663E-009, 7.9024955E-001
 8.1837554E-001, 2.7646103E-002, 5.5511151E-017, 1.0000000E+000, 2.7808338E+003, 1.3600000E+002, 7.9857107E-009, 7.9024365E-001
 8.2041813E-001, 2.7549099E-002, 6.9388939E-017, 1.0000000E+000, 2.7911203E+003, 1.3600000E+002, 8.0122114E-009, 7.9023774E-001
 8.2246071E-001, 2.7451880E-002, 5.5511151E-017, 1.0000000E+000, 2.8013881E+003, 1.3600000E+002, 8.0386536E-009, 7.9023182E-001
 8.2450330E-001, 2.7354437E-002, 5.5511151E-017, 1.0000000E+000, 2.8116995E+003, 1.3600000E+002, 8.0650431E-009, 7.9022590E-001
 8.2603524E-001, 2.7268989E-002, 5.5511151E-017, 1.0000000E+000, 2.8207604E+003, 1.3600000E+002, 8.0880868E-009, 7.9022070E-001
 8.2807782E-001, 2.7183340E-002, 5.5511151E-017, 1.0000000E+000, 2.8298377E+003, 1.3600000E+002, 8.1110854E-009, 7.9021551E-001
 8.3012041E-001, 2.7085203E-002, 8.3266727E-017, 1.0000000E+000, 2.8401389E+003, 1.3600000E+002, 8.1373018E-009, 7.9020955E-001
 8.3216300E-001, 2.6986763E-002, 1.1102230E-016, 1.0000000E+000, 2.8504787E+003, 1.3600000E+002, 8.1634597E-009, 7.9020360E-001
 8.3420558E-001, 2.6887982E-002, 1.1102230E-016, 1.0000000E+000, 2.8607897E+003, 1.3600000E+002, 8.1895526E-009, 7.9019763E-001
 8.3624817E-001, 2.6788809E-002, 1.1102230E-016, 1.0000000E+000, 2.8710843E+003, 1.3600000E+002, 8.2155785E-009, 7.9019167E-001
 8.3829075E-001, 2.6689199E-002, 1.1102230E-016, 1.0000000E+000, 2.8813829E+003, 1.3600000E+002, 8.2415460E-009, 7.9018570E-001
 8.4033334E-001, 2.6589096E-002, 1.1102230E-016, 1.0000000E+000, 2.8916728E+003, 1.3600000E+002, 8.2674613E-009, 7.9017974E-001
 8.4237592E-001, 2.6488452E-002, 1.1102230E-016, 1.0000000E+000, 2.9019705E+003, 1.3600000E+002, 8.2933261E-009, 7.9017380E-001
 8.4441851E-001, 2.6387207E-002, 1.1102230E-016, 1.0000000E+000, 2.9122763E+003, 1.3600000E+002, 8.3191631E-009, 7.9016788E-001
 8.4635893E-001, 2.6388357E-002, 1.1102230E-016, 1.0000000E+000, 2.9229855E+003, 1.3600000E+002, 8.3455951E-009, 7.9016141E-001
 8.4819718E-001, 2.6182505E-002, 1.1102230E-016, 1.0000000E+000, 2.9340079E+003, 1.3600000E+002, 8.3710416E-009, 7.9015371E-001
 8.5003543E-001, 2.6090307E-002, 1.1102230E-016, 1.0000000E+000, 2.9442974E+003, 1.3600000E+002, 8.3954352E-009, 7.9014720E-001
 8.5233325E-001, 2.5986510E-002, 1.1102230E-016, 1.0000000E+000, 2.9558301E+003, 1.3600000E+002, 8.4228074E-009, 7.9013998E-001
 8.5417150E-001, 2.5882707E-002, 1.1102230E-016, 1.0000000E+000, 2.9673520E+003, 1.3600000E+002, 8.4501299E-009, 7.9013284E-001
 8.5600975E-001, 2.5790523E-002, 1.1102230E-016, 1.0000000E+000, 2.9776535E+003, 1.3600000E+002, 8.4744042E-009, 7.9012660E-001
 8.5830757E-001, 2.5687065E-002, 1.1102230E-016, 1.0000000E+000, 2.9891823E+003, 1.3600000E+002, 8.5017305E-009, 7.9011969E-001
 8.6014582E-001, 2.5584059E-002, 1.1102230E-016, 1.0000000E+000, 3.0007048E+003, 1.3600000E+002, 8.5291136E-009, 7.9011291E-001
 8.6244363E-001, 2.5481864E-002, 1.1102230E-016, 1.0000000E+000, 3.0122155E+003, 1.3600000E+002, 8.5566088E-009, 7.9010630E-001
 8.6428188E-001, 2.5380826E-002, 1.1102230E-016, 1.0000000E+000, 3.0237683E+003, 1.3600000E+002, 8.5842463E-009, 7.9009986E-001
 8.6612014E-001, 2.5292476E-002, 1.1102230E-016, 1.0000000E+000, 3.0340697E+003, 1.3600000E+002, 8.6089796E-009, 7.9009429E-001
 8.6841795E-001, 2.5195346E-002, 1.1102230E-016, 1.0000000E+000, 3.0456051E+003, 1.3600000E+002, 8.6370439E-009, 7.9008824E-001
 8.7025620E-001, 2.5101115E-002, 1.1102230E-016, 1.0000000E+000, 3.0571251E+003, 1.3600000E+002, 8.6653774E-009, 7.9008239E-001
 8.7209446E-001, 2.5020468E-002, 1.1102230E-016, 1.0000000E+000, 3.0674259E+003, 1.3600000E+002, 8.6908447E-009, 7.9007741E-001
 8.7439227E-001, 2.4933695E-002, 1.1102230E-016, 1.0000000E+000, 3.0789431E+003, 1.3600000E+002, 8.7198612E-009, 7.9007204E-001
 8.7623052E-001, 2.4850951E-002, 1.1102230E-016, 1.0000000E+000, 3.0904767E+003, 1.3600000E+002, 8.7492741E-009, 7.9006693E-001
 8.7806878E-001, 2.4780592E-002, 1.1102230E-016, 1.0000000E+000, 3.1007890E+003, 1.3600000E+002, 8.7758100E-009, 7.9006263E-001
 8.8036659E-001, 2.4703854E-002, 1.1102230E-016, 1.0000000E+000, 3.1123092E+003, 1.3600000E+002, 8.8061312E-009, 7.9005806E-001
 8.8220484E-001, 2.4627733E-002, 1.1102230E-016, 1.0000000E+000, 3.1238336E+003, 1.3600000E+002, 8.8369517E-009, 7.9005377E-001
 8.8404309E-001, 2.4558540E-002, 1.1102230E-016, 1.0000000E+000, 3.1341549E+003, 1.3600000E+002, 8.8647985E-009, 7.9005020E-001
 8.8634091E-001, 2.4476212E-002, 1.1102230E-016, 1.0000000E+000, 3.1456881E+003, 1.3600000E+002, 8.8966482E-009, 7.9004646E-001
 8.8817916E-001, 2.4386879E-002, 1.1102230E-016, 1.0000000E+000, 3.1572074E+003, 1.3600000E+002, 8.9290192E-009, 7.9004297E-001
 8.9001741E-001, 2.4299401E-002, 1.1102230E-016, 1.0000000E+000, 3.1675048E+003, 1.3600000E+002, 8.9582528E-009, 7.9004010E-001
 8.9231523E-001, 2.4190464E-002, 1.1102230E-016, 1.0000000E+000, 3.1790289E+003, 1.3600000E+002, 8.9916210E-009, 7.9003708E-001
 8.9415348E-001, 2.4070436E-002, 1.1102230E-016, 1.0000000E+000, 3.1905558E+003, 1.3600000E+002, 9.0254349E-009, 7.9003426E-001
 8.9645130E-001, 2.3938588E-002, 1.1102230E-016, 1.0000000E+000, 3.2020752E+003, 1.3600000E+002, 9.0596626E-009, 7.9003160E-001
 8.9828955E-001, 2.3796341E-002, 1.1102230E-016, 1.0000000E+000, 3.2136016E+003, 1.3600000E+002, 9.0942063E-009, 7.9002905E-001
 9.0012780E-001, 2.3661254E-002, 1.1102230E-016, 1.0000000E+000, 3.2239060E+003, 1.3600000E+002, 9.1251169E-009, 7.9002684E-001
 9.0242562E-001, 2.3500094E-002, 1.1102230E-016, 1.0000000E+000, 3.2354444E+003, 1.3600000E+002, 9.1600126E-009, 7.9002435E-001
 9.0426387E-001, 2.3329880E-002, 1.1102230E-016, 1.0000000E+000, 3.2469580E+003, 1.3600000E+002, 9.1949243E-009, 7.9002181E-001
 9.0610212E-001, 2.3170230E-002, 1.1102230E-016, 1.0000000E+000, 3.2572511E+003, 1.3600000E+002, 9.2258621E-009, 7.9001945E-001
 9.0839993E-001, 2.2980337E-002, 1.1102230E-016, 1.0000000E+000, 3.2688004E+003, 1.3600000E+002, 9.2604228E-009, 7.9001660E-001
 9.1023819E-001, 2.2778854E-002, 1.1102230E-016, 1.0000000E+000, 3.2803239E+003, 1.3600000E+002, 9.2946087E-009, 7.9001352E-001
 9.1207644E-001, 2.2587972E-002, 1.1102230E-016, 1.0000000E+000, 3.2906276E+003, 1.3600000E+002, 9.3245513E-009, 7.9001051E-001
 9.1437425E-001, 2.2357852E-002, 1.1102230E-016, 1.0000000E+000, 3.3021522E+003, 1.3600000E+002, 9.3576005E-009, 7.9000676E-001
 9.1621251E-001, 2.2110054E-002, 1.1102230E-016, 1.0000000E+000, 3.3137127E+003, 1.3600000E+002, 9.3899012E-009, 7.9000261E-001
 9.1805076E-001, 2.1871779E-002, 1.1102230E-016, 1.0000000E+000, 3.3240153E+003, 1.3600000E+002, 9.4178715E-009, 7.8999852E-001
 9.2034857E-001, 2.1580429E-002, 1.1102230E-016, 1.0000000E+000, 3.3355397E+003, 1.3600000E+002, 9.4484628E-009, 7.8999347E-001
 9.2218683E-001, 2.1262752E-002, 1.1102230E-016, 1.0000000E+000, 3.3470542E+003, 1.3600000E+002, 9.4781685E-009, 7.8998797E-001
 9.2402508E-001, 2.0954318E-002, 1.1102230E-016, 1.0000000E+000, 3.3573671E+003, 1.3600000E+002, 9.5038553E-009, 7.8998274E-001
 9.2632289E-001, 2.0575349E-002, 1.1102230E-016, 1.0000000E+000, 3.3689072E+003, 1.3600000E+002, 9.5321187E-009, 7.8997656E-001
 9.2816114E-001, 2.0162891E-002, 1.1102230E-016, 1.0000000E+000, 3.3804398E+003, 1.3600000E+002, 9.5600239E-009, 7.8997025E-001
 9.3045896E-001, 1.9714606E-002, 1.1102230E-016, 1.0000000E+000, 3.3919555E+003, 1.3600000E+002, 9.5880447E-009, 7.8996406E-001
 9.3229721E-001, 1.9235788E-002, 1.1102230E-016, 1.0000000E+000, 3.4034730E+003, 1.3600000E+002, 9.6167663E-009, 7.8995831E-001
 9.3413546E-001, 1.8787857E-002, 1.1102230E-016, 1.0000000E+000, 3.4137663E+003, 1.3600000E+002, 9.6435680E-009, 7.8995393E-001
 9.3643328E-001, 1.8267652E-002, 1.1102230E-016, 1.0000000E+000, 3.4252991E+003, 1.3600000E+002, 9.6759950E-009, 7.8995025E-001
 9.3827153E-001, 1.7741764E-002, 1.1102230E-016, 1.0000000E+000, 3.4368156E+003, 1.3600000E+002, 9.7114646E-009, 7.8994818E-001
 9.4010978E-001, 1.7279380E-002, 1.1102230E-016, 1.0000000E+000, 3.4471129E+003, 1.3600000E+002, 9.7462112E-009, 7.8994800E-001
 9.4240760E-001, 1.6775445E-002, 1.1102230E-016, 1.0000000E+000, 3.4586607E+003, 1.3600000E+002, 9.7891344E-009, 7.8994963E-001
 9.4424585E-001, 1.6293733E-002, 1.1102230E-016, 1.0000000E+000, 3.4701870E+003, 1.3600000E+002, 9.8355139E-009, 7.8995275E-001
 9.4608410E-001, 1.5885682E-002, 1.1102230E-016, 1.0000000E+000, 3.4804879E+003, 1.3600000E+002, 9.8789503E-009, 7.8995621E-001
 9.4819808E-001, 1.5581816E-002, 1.1102230E-016, 1.0000000E+000, 3.4927980E+003, 1.3600000E+002, 9.9286744E-009, 7.8995804E-001
 9.5026611E-001, 1.5061517E-002, 1.1102230E-016, 1.0000000E+000, 3.5059176E+003, 1.3620000E+002, 9.1251112E-009, 7.8958735E-001
 9.5233413E-001, 1.4627027E-002, 1.1102230E-016, 1.0000000E+000, 3.5186609E+003, 1.3700000E+002, 5.7414417E-009, 7.8810264E-001
 9.5440215E-001, 1.4179151E-002, 1.1102230E-016, 1.0000000E+000, 3.5314091E+003, 1.3700000E+002, 5.7704017E-009, 7.8810150E-001
 9.5605657E-001, 1.3759119E-002, 1.1102230E-016, 1.0000000E+000, 3.5429459E+003, 1.3700000E+002, 5.7940452E-009, 7.8809737E-001
 9.5812459E-001, 1.3314439E-002, 1.1102230E-016, 1.0000000E+000, 3.5544816E+003, 1.3700000E+002, 5.8064911E-009, 7.8808158E-001
 9.6019261E-001, 1.2780903E-002, 1.1102230E-016, 1.0000000E+000, 3.5672361E+003, 1.3500000E+002, 9.0307704E-009, 7.8780290E-001
 9.6226063E-001, 1.2191013E-002, 1.1102230E-016, 1.0000000E+000, 3.5799651E+003, 1.3660000E+002, 7.4313031E-009, 7.8870660E-001
 9.6432866E-001, 1.1533335E-002, 1.3322676E-016, 1.0000000E+000, 3.5927065E+003, 1.3700000E+002, 5.8970808E-009, 7.8807436E-001
 9.6639668E-001, 1.0802650E-002, 1.1102230E-016, 1.0000000E+000, 3.6054631E+003, 1.3700000E+002, 5.9357310E-009, 7.8807903E-001
 9.6805110E-001, 1.0083418E-002, 1.1102230E-016, 1.0000000E+000, 3.6169920E+003, 1.3700000E+002, 5.9688928E-009, 7.8808098E-001
 9.7011912E-001, 9.3034025E-003, 1.1102230E-016, 1.0000000E+000, 3.6285191E+003, 1.3700000E+002, 5.9962168E-009, 7.8807659E-001
 9.7218714E-001, 8.3681422E-003, 1.1102230E-016, 1.0000000E+000, 3.6413064E+003, 1.3540000E+002, 7.9680171E-009, 7.8732407E-001
 9.7425516E-001, 7.3542714E-003, 1.1102230E-016, 1.0000000E+000, 3.6540401E+003, 1.3700000E+002, 6.0673174E-009, 7.8807418E-001
 9.7632319E-001, 6.2526348E-003, 1.1102230E-016, 1.0000000E+000, 3.6667882E+003, 1.3700000E+002, 6.1627087E-009, 7.8812858E-001
 9.7839121E-001, 5.0527901E-003, 1.1102230E-016, 1.0000000E+000, 3.6794899E+003, 1.3700000E+002, 6.2209556E-009, 7.8814700E-001
 9.8004563E-001, 3.8838822E-003, 1.1102230E-016, 1.0000000E+000, 3.6910215E+003, 1.3700000E+002, 6.2723395E-009, 7.8816229E-001
 9.8211365E-001, 2.6231312E-003, 1.1102230E-016, 1.0000000E+000, 3.7025522E+003, 1.3700000E+002, 6.3229576E-009, 7.8817672E-001
 9.8418167E-001, 1.1218309E-003, 1.1102230E-016, 1.0000000E+000, 3.7153014E+003, 1.3700000E+002, 6.3775844E-009, 7.8819126E-001
 9.8624969E-001,-4.8112511E-004, 1.1102230E-016, 1.0000000E+000, 3.7280486E+003, 1.3700000E+002, 6.4295706E-009, 7.8820350E-001
 9.8831771E-001,-2.1759740E-003, 1.1102230E-016, 1.0000000E+000, 3.7408329E+003, 1.3700000E+002, 6.4775563E-009, 7.8821228E-001
 9.9038574E-001,-3.9500462E-003, 1.3322676E-016, 1.0000000E+000, 3.7535991E+003, 1.3700000E+002, 6.5192238E-009, 7.8821561E-001
 9.9204016E-001,-5.6013374E-003, 1.1102230E-016, 1.0000000E+000, 3.7651224E+003, 1.3700000E+002, 6.5488945E-009, 7.8821195E-001
 9.9410818E-001,-7.2946445E-003, 1.1102230E-016, 1.0000000E+000, 3.7767086E+003, 1.3700000E+002, 6.5692819E-009, 7.8820050E-001
 9.9617620E-001,-9.2091484E-003, 1.1102230E-016, 1.0000000E+000, 3.7894634E+003, 1.3700000E+002, 6.5858805E-009, 7.8818276E-001
 9.9824422E-001,-1.1147621E-002, 1.1102230E-016, 1.0000000E+000, 3.8022697E+003, 1.3700000E+002, 6.6103851E-009, 7.8817152E-001
 1.0002704E+000,-1.2986067E-002, 1.1102230E-016, 1.0000000E+000, 3.8151322E+003, 1.3700000E+002, 6.6608956E-009, 7.8818071E-001
 1.0021292E+000,-1.4935439E-002, 1.1102230E-016, 1.0000000E+000, 3.8289100E+003, 1.3700000E+002, 6.7422436E-009, 7.8821070E-001
 1.0043599E+000,-1.6898296E-002, 1.1102230E-016, 1.0000000E+000, 3.8428780E+003, 1.3700000E+002, 6.8434080E-009, 7.8825184E-001
 1.0062187E+000,-1.8890810E-002, 1.1102230E-016, 1.0000000E+000, 3.8568545E+003, 1.3700000E+002, 6.9524848E-009, 7.8829422E-001
 1.0080775E+000,-2.0733108E-002, 1.1102230E-016, 1.0000000E+000, 3.8695932E+003, 1.3700000E+002, 7.0533920E-009, 7.8832934E-001
 1.0103081E+000,-2.2794849E-002, 1.1102230E-016, 1.0000000E+000, 3.8835737E+003, 1.3700000E+002, 7.1650183E-009, 7.8836306E-001
 1.0121670E+000,-2.4888235E-002, 1.1102230E-016, 1.0000000E+000, 3.8975638E+003, 1.3700000E+002, 7.2789011E-009, 7.8839325E-001
 1.0140258E+000,-2.6811901E-002, 6.6613381E-017, 1.0000000E+000, 3.9103127E+003, 1.3700000E+002, 7.3853913E-009, 7.8841920E-001
 1.0162564E+000,-2.8934618E-002, 5.5511151E-017, 1.0000000E+000, 3.9242922E+003, 1.3700000E+002, 7.5026678E-009, 7.8844599E-001
 1.0181153E+000,-3.1042646E-002, 6.6613381E-017, 1.0000000E+000, 3.9383173E+003, 1.3700000E+002, 7.6137648E-009, 7.8846841E-001
 1.0203459E+000,-3.3105778E-002, 6.4763010E-017, 1.0000000E+000, 3.9522925E+003, 1.3700000E+002, 7.7128310E-009, 7.8848345E-001
 1.0222047E+000,-3.5095817E-002, 1.1102230E-016, 1.0000000E+000, 3.9662620E+003, 1.3700000E+002, 7.7990917E-009, 7.8849149E-001
 1.0240635E+000,-3.6809783E-002, 1.1102230E-016, 1.0000000E+000, 3.9790488E+003, 1.3700000E+002, 7.8654663E-009, 7.8849363E-001
 1.0262942E+000,-3.8557108E-002, 1.1102230E-016, 1.0000000E+000, 3.9930497E+003, 1.3700000E+002, 7.9234172E-009, 7.8849088E-001
 1.0281530E+000,-4.0138161E-002, 1.1102230E-016, 1.0000000E+000, 4.0070377E+003, 1.3700000E+002, 7.9631934E-009, 7.8848165E-001
 1.0300118E+000,-4.1405086E-002, 1.1102230E-016, 1.0000000E+000, 4.0198069E+003, 1.3700000E+002, 7.9788948E-009, 7.8846454E-001
 1.0322424E+000,-4.2599240E-002, 1.1102230E-016, 1.0000000E+000, 4.0338267E+003, 1.3700000E+002, 7.9700159E-009, 7.8843325E-001
 1.0341013E+000,-4.3592667E-002, 1.1102230E-016, 1.0000000E+000, 4.0478026E+003, 1.3700000E+002, 7.9395698E-009, 7.8839224E-001
 1.0363319E+000,-4.4381745E-002, 1.1102230E-016, 1.0000000E+000, 4.0617667E+003, 1.3700000E+002, 7.9032555E-009, 7.8835164E-001
 1.0381907E+000,-4.4995029E-002, 1.1102230E-016, 1.0000000E+000, 4.0757643E+003, 1.3700000E+002, 7.8703219E-009, 7.8831566E-001
 1.0400496E+000,-4.5412644E-002, 1.1102230E-016, 1.0000000E+000, 4.0885558E+003, 1.3700000E+002, 7.7562812E-009, 7.8822021E-001
 1.0422802E+000,-4.5747068E-002, 1.1102230E-016, 1.0000000E+000, 4.1025323E+003, 1.3700000E+002, 7.7320414E-009, 7.8818991E-001
 1.0441390E+000,-4.5992377E-002, 1.1102230E-016, 1.0000000E+000, 4.1164977E+003, 1.3700000E+002, 7.4713828E-009, 7.8797643E-001
 1.0463696E+000,-4.6194166E-002, 1.1102230E-016, 1.0000000E+000, 4.1304687E+003, 1.3700000E+002, 6.8171442E-009, 7.8742610E-001
 1.0480746E+000,-4.6246207E-002, 1.1102230E-016, 1.0000000E+000, 4.1452091E+003, 1.3700000E+002, 7.1213244E-009, 7.8764365E-001
 1.0500743E+000,-4.6621117E-002, 1.1102230E-016, 1.0000000E+000, 4.1595317E+003, 1.3700000E+002, 7.9065536E-009, 7.8820671E-001
 1.0520740E+000,-4.7031904E-002, 1.1102230E-016, 1.0000000E+000, 4.1747878E+003, 1.3700000E+002, 8.2533999E-009, 7.8839915E-001
 1.0540738E+000,-4.7633645E-002, 1.1102230E-016, 1.0000000E+000, 4.1899668E+003, 1.3700000E+002, 8.4184189E-009, 7.8844750E-001
 1.0560735E+000,-4.8465994E-002, 1.1102230E-016, 1.0000000E+000, 4.2051538E+003, 1.3700000E+002, 8.5324490E-009, 7.8845063E-001
 1.0582725E+000,-4.9501511E-002, 1.1102230E-016, 1.0000000E+000, 4.2219706E+003, 1.3700000E+002, 8.6424459E-009, 7.8843499E-001
 1.0600711E+000,-5.0952945E-002, 1.1102230E-016, 1.0000000E+000, 4.2391126E+003, 1.3700000E+002, 8.7557852E-009, 7.8841625E-001
 1.0621696E+000,-5.2585702E-002, 1.1102230E-016, 1.0000000E+000, 4.2555012E+003, 1.3700000E+002, 8.8676451E-009, 7.8839991E-001
 1.0642680E+000,-5.4627221E-002, 1.1102230E-016, 1.0000000E+000, 4.2731225E+003, 1.3700000E+002, 8.9768991E-009, 7.8837955E-001
 1.0660666E+000,-5.6772458E-002, 1.1102230E-016, 1.0000000E+000, 4.2895088E+003, 1.3700000E+002, 9.0476084E-009, 7.8835060E-001
 1.0681650E+000,-5.9157118E-002, 1.1102230E-016, 1.0000000E+000, 4.3059015E+003, 1.3700000E+002, 9.0803725E-009, 7.8831016E-001
 1.0702634E+000,-6.1981900E-002, 1.1102230E-016, 1.0000000E+000, 4.3235308E+003, 1.3700000E+002, 9.0670069E-009, 7.8825052E-001
 1.0720621E+000,-6.4849340E-002, 1.1102230E-016, 1.0000000E+000, 4.3399191E+003, 1.3700000E+002, 8.9510600E-009, 7.8814442E-001
 1.0741605E+000,-6.7972198E-002, 1.1102230E-016, 1.0000000E+000, 4.3563125E+003, 1.3700000E+002, 8.6554010E-009, 7.8793540E-001
 1.0762589E+000,-7.1624778E-002, 1.1102230E-016, 1.0000000E+000, 4.3739491E+003, 1.3700000E+002, 8.1683784E-009, 7.8760093E-001
 1.0780576E+000,-7.5293498E-002, 1.1102230E-016, 1.0000000E+000, 4.3903499E+003, 1.3700000E+002, 7.6734320E-009, 7.8725289E-001
 1.0801560E+000,-7.9229222E-002, 1.1102230E-016, 1.0000000E+000, 4.4067524E+003, 1.3700000E+002, 7.5945033E-009, 7.8721484E-001
 1.0822544E+000,-8.3708110E-002, 1.1102230E-016, 1.0000000E+000, 4.4243723E+003, 1.3642857E+002, 8.0631458E-009, 7.8677220E-001
 1.0840530E+000,-8.8006656E-002, 1.1102230E-016, 1.0000000E+000, 4.4407564E+003, 1.3700000E+002, 8.8728575E-009, 7.8818109E-001
 1.0861515E+000,-9.2308118E-002, 1.1102230E-016, 1.0000000E+000, 4.4571498E+003, 1.3700000E+002, 8.9627249E-009, 7.8828049E-001
 1.0882799E+000,-9.6836826E-002, 1.1102230E-016, 1.0000000E+000, 4.4748794E+003, 1.3700000E+002, 8.6361739E-009, 7.8811100E-001
 1.0902584E+000,-1.0055868E-001, 1.1102230E-016, 1.0000000E+000, 4.4911823E+003, 1.3700000E+002, 8.0338713E-009, 7.8773335E-001
 1.0922369E+000,-1.0364653E-001, 1.1102230E-016, 1.0000000E+000, 4.5063780E+003, 1.3700000E+002, 7.6762246E-009, 7.8750329E-001
 1.0942154E+000,-1.0582928E-001, 1.1102230E-016, 1.0000000E+000, 4.5215603E+003, 1.3700000E+002, 7.9017929E-009, 7.8769293E-001
 1.0961939E+000,-1.0690376E-001, 1.1102230E-016, 1.0000000E+000, 4.5367330E+003, 1.3700000E+002, 8.3128378E-009, 7.8800227E-001
 1.0981724E+000,-1.0672166E-001, 1.1102230E-016, 1.0000000E+000, 4.5519503E+003, 1.3700000E+002, 8.5821593E-009, 7.8819594E-001
 1.1001509E+000,-1.0520835E-001, 1.1102230E-016, 1.0000000E+000, 4.5671382E+003, 1.3700000E+002, 8.6839862E-009, 7.8825844E-001
 1.1021294E+000,-1.0237545E-001, 1.1102230E-016, 1.0000000E+000, 4.5823155E+003, 1.3700000E+002, 8.6794167E-009, 7.8822441E-001
 1.1042698E+000,-9.7938999E-002, 1.1102230E-016, 1.0000000E+000, 4.5993212E+003, 1.3700000E+002, 8.6412645E-009, 7.8813460E-001
 1.1060470E+000,-9.2894271E-002, 1.1102230E-016, 1.0000000E+000, 4.6162675E+003, 1.3700000E+002, 8.5649448E-009, 7.8800583E-001
 1.1081203E+000,-8.7137472E-002, 1.1102230E-016, 1.0000000E+000, 4.6326789E+003, 1.3700000E+002, 8.5179522E-009, 7.8789269E-001
 1.1101936E+000,-8.0453591E-002, 1.1102230E-016, 1.0000000E+000, 4.6503183E+003, 1.3700000E+002, 8.8395450E-009, 7.8800218E-001
 1.1122669E+000,-7.3613907E-002, 1.1102230E-016, 1.0000000E+000, 4.6679449E+003, 1.3700000E+002, 9.3579768E-009, 7.8820721E-001
 1.1140440E+000,-6.7398529E-002, 1.1102230E-016, 1.0000000E+000, 4.6843435E+003, 1.3700000E+002, 9.7266365E-009, 7.8831388E-001
 1.1161173E+000,-6.1524535E-002, 1.1102230E-016, 1.0000000E+000, 4.7007752E+003, 1.3742857E+002, 8.3164567E-009, 7.8774712E-001
 1.1181906E+000,-5.5727982E-002, 1.1102230E-016, 1.0000000E+000, 4.7184200E+003, 1.3800000E+002, 6.2677925E-009, 7.8697025E-001
 1.1202639E+000,-5.0618039E-002, 1.1102230E-016, 1.0000000E+000, 4.7360490E+003, 1.3800000E+002, 6.3954668E-009, 7.8700093E-001
 1.1220410E+000,-4.6571744E-002, 1.1102230E-016, 1.0000000E+000, 4.7524914E+003, 1.3800000E+002, 6.4829540E-009, 7.8701566E-001
 1.1241143E+000,-4.3303211E-002, 1.1102230E-016, 1.0000000E+000, 4.7689307E+003, 1.3800000E+002, 6.5341455E-009, 7.8701847E-001
 1.1261876E+000,-4.0713175E-002, 1.1102230E-016, 1.0000000E+000, 4.7865950E+003, 1.3800000E+002, 6.5401552E-009, 7.8699506E-001
 1.1282609E+000,-3.9211092E-002, 1.1102230E-016, 1.0000000E+000, 4.8042645E+003, 1.3800000E+002, 6.5087968E-009, 7.8695269E-001
 1.1300381E+000,-3.8885622E-002, 1.1102230E-016, 1.0000000E+000, 4.8206818E+003, 1.3800000E+002, 6.4624873E-009, 7.8691288E-001
 1.1321114E+000,-3.9747973E-002, 1.1102230E-016, 1.0000000E+000, 4.8371142E+003, 1.3800000E+002, 6.4123975E-009, 7.8688541E-001
 1.1341847E+000,-4.2098418E-002, 1.1102230E-016, 1.0000000E+000, 4.8547642E+003, 1.3800000E+002, 6.3599770E-009, 7.8687059E-001
 1.1362580E+000,-4.6073491E-002, 1.2688263E-016, 1.0000000E+000, 4.8724071E+003, 1.3700000E+002, 9.8967975E-009, 7.8807775E-001
 1.1380351E+000,-5.1236196E-002, 1.2952602E-016, 1.0000000E+000, 4.8888305E+003, 1.3700000E+002, 9.6140869E-009, 7.8795960E-001
 1.1401084E+000,-5.7757534E-002, 2.0618428E-016, 1.0000000E+000, 4.9052595E+003, 1.3700000E+002, 9.2314712E-009, 7.8778112E-001
 1.1421817E+000,-6.5982502E-002, 1.9032395E-016, 1.0000000E+000, 4.9229060E+003, 1.3700000E+002, 8.8519494E-009, 7.8760316E-001
 1.1442550E+000,-7.5252172E-002, 2.0618428E-016, 1.0000000E+000, 4.9405651E+003, 1.3700000E+002, 8.7210653E-009, 7.8758048E-001
 1.1460321E+000,-8.4853662E-002, 2.2204460E-016, 1.0000000E+000, 4.9569867E+003, 1.3700000E+002, 8.9152750E-009, 7.8776197E-001
 1.1481054E+000,-9.5704776E-002, 2.2204460E-016, 1.0000000E+000, 4.9734221E+003, 1.3700000E+002, 8.8289979E-009, 7.8774563E-001
 1.1501787E+000,-1.0875807E-001, 2.0618428E-016, 1.0000000E+000, 4.9910858E+003, 1.3700000E+002, 7.6651938E-009, 7.8697182E-001
 1.1522520E+000,-1.2272168E-001, 1.9032395E-016, 1.0000000E+000, 5.0087306E+003, 1.3700000E+002, 9.2473846E-009, 7.8807502E-001
 1.1540292E+000,-1.3569260E-001, 1.4802974E-016, 1.0000000E+000, 5.0251634E+003, 1.3733333E+002, 8.6995680E-009, 7.8806180E-001
 1.1561025E+000,-1.4779427E-001, 1.2688263E-016, 1.0000000E+000, 5.0415878E+003, 1.3785714E+002, 6.8149543E-009, 7.8740774E-001
 1.1581758E+000,-1.5906460E-001, 1.1102230E-016, 1.0000000E+000, 5.0592270E+003, 1.3800000E+002, 6.3228307E-009, 7.8721384E-001
 1.1602491E+000,-1.6779280E-001, 1.1102230E-016, 1.0000000E+000, 5.0768957E+003, 1.3800000E+002, 6.3688750E-009, 7.8717427E-001
 1.1620262E+000,-1.7318254E-001, 1.1102230E-016, 1.0000000E+000, 5.0933305E+003, 1.3800000E+002, 6.4126422E-009, 7.8711006E-001
 1.1640995E+000,-1.7553859E-001, 1.1102230E-016, 1.0000000E+000, 5.1097782E+003, 1.3800000E+002, 6.4426440E-009, 7.8702700E-001
 1.1661728E+000,-1.7465162E-001, 1.1102230E-016, 1.0000000E+000, 5.1274509E+003, 1.3800000E+002, 6.4817534E-009, 7.8694758E-001
 1.1682461E+000,-1.7022826E-001, 1.1102230E-016, 1.0000000E+000, 5.1450865E+003, 1.3800000E+002, 6.5699937E-009, 7.8690580E-001
 1.1700232E+000,-1.6322954E-001, 1.1102230E-016, 1.0000000E+000, 5.1615187E+003, 1.3800000E+002, 6.7171210E-009, 7.8692044E-001
 1.1721547E+000,-1.5321287E-001, 1.1102230E-016, 1.0000000E+000, 5.1802969E+003, 1.3800000E+002, 6.9088508E-009, 7.8697526E-001
 1.1740197E+000,-1.4144886E-001, 1.1102230E-016, 1.0000000E+000, 5.1991958E+003, 1.3800000E+002, 7.0660990E-009, 7.8702725E-001
 1.1761512E+000,-1.2822818E-001, 1.1102230E-016, 1.0000000E+000, 5.2180568E+003, 1.3800000E+002, 7.1938454E-009, 7.8707222E-001
 1.1780162E+000,-1.1437924E-001, 1.1102230E-016, 1.0000000E+000, 5.2369127E+003, 1.3800000E+002, 7.2879298E-009, 7.8710388E-001
 1.1801477E+000,-1.0050362E-001, 1.1102230E-016, 1.0000000E+000, 5.2557723E+003, 1.3800000E+002, 7.2928011E-009, 7.8708635E-001
 1.1820127E+000,-8.7107725E-002, 1.1102230E-016, 1.0000000E+000, 5.2746341E+003, 1.3800000E+002, 7.2090891E-009, 7.8701692E-001
 1.1841442E+000,-7.4685477E-002, 1.1102230E-016, 1.0000000E+000, 5.2934895E+003, 1.3800000E+002, 7.0595208E-009, 7.8690519E-001
 1.1860092E+000,-6.3606092E-002, 1.1102230E-016, 1.0000000E+000, 5.3123607E+003, 1.3800000E+002, 6.7646428E-009, 7.8668023E-001
 1.1881406E+000,-5.4240278E-002, 1.2490009E-016, 1.0000000E+000, 5.3312213E+003, 1.3712500E+002, 8.9504072E-009, 7.8707429E-001
 1.1900057E+000,-4.6594168E-002, 1.1102230E-016, 1.0000000E+000, 5.3500789E+003, 1.3700000E+002, 7.9598139E-009, 7.8631064E-001
 1.1921371E+000,-4.0583567E-002, 1.1102230E-016, 1.0000000E+000, 5.3689616E+003, 1.3700000E+002, 8.6473600E-009, 7.8682920E-001
 1.1940288E+000,-3.5922479E-002, 1.1102230E-016, 1.0000000E+000, 5.3878994E+003, 1.3757746E+002, 7.8806764E-009, 7.8703706E-001
 1.1960803E+000,-3.2287937E-002, 1.1102230E-016, 1.0000000E+000, 5.4054355E+003, 1.3728571E+002, 6.7813563E-009, 7.8590275E-001
 1.1981319E+000,-2.9544528E-002, 1.1102230E-016, 1.0000000E+000, 5.4230441E+003, 1.3700000E+002, 9.7563729E-009, 7.8771999E-001
 1.2001834E+000,-2.7679765E-002, 1.1102230E-016, 1.0000000E+000, 5.4406679E+003, 1.3700000E+002, 9.1544904E-009, 7.8740936E-001
 1.2022349E+000,-2.6625877E-002, 1.1102230E-016, 1.0000000E+000, 5.4582942E+003, 1.3700000E+002, 8.5899240E-009, 7.8709677E-001
 1.2042865E+000,-2.6335990E-002, 1.1102230E-016, 1.0000000E+000, 5.4759221E+003, 1.3700000E+002, 8.8174840E-009, 7.8729720E-001
 1.2060449E+000,-2.6736995E-002, 1.1102230E-016, 1.0000000E+000, 5.4923376E+003, 1.3700000E+002, 9.4869990E-009, 7.8776650E-001
 1.2080964E+000,-2.7852434E-002, 1.1102230E-016, 1.0000000E+000, 5.5087701E+003, 1.3714286E+002, 9.3641220E-009, 7.8786495E-001
 1.2101480E+000,-2.9913607E-002, 1.1102230E-016, 1.0000000E+000, 5.5264039E+003, 1.3800000E+002, 6.2021319E-009, 7.8678628E-001
 1.2121995E+000,-3.2973023E-002, 1.1102230E-016, 1.0000000E+000, 5.5440402E+003, 1.3800000E+002, 6.2436243E-009, 7.8683914E-001
 1.2142510E+000,-3.7081875E-002, 1.1102230E-016, 1.0000000E+000, 5.5617709E+003, 1.3800000E+002, 6.3144531E-009, 7.8689093E-001
