s,Pa,m/s,
Time,"pres","error","iter"
 0.0000000E+000, 0.0000000E+000, 0.0000000E+000, 0.0000000E+000
 3.9528471E-003, 5.7933749E-002, 8.9473925E-005, 1.1000000E+001
 7.9056942E-003, 5.7927390E-002, 9.4465335E-005, 2.0000000E+000
 1.1858541E-002, 5.7919221E-002, 9.3526026E-005, 1.0000000E+000
 1.5811388E-002, 5.7909244E-002, 9.6644982E-005, 1.0000000E+000
 1.9764235E-002, 5.7897460E-002, 9.8521615E-005, 1.0000000E+000
 2.3717082E-002, 5.7883871E-002, 9.9136511E-005, 1.0000000E+000
 2.7669930E-002, 5.7868477E-002, 6.2261473E-005, 2.0000000E+000
 3.1622777E-002, 5.7851282E-002, 7.5573564E-005, 1.0000000E+000
 3.5575624E-002, 5.7832286E-002, 9.7630644E-005, 1.0000000E+000
 3.9528471E-002, 5.7811493E-002, 6.1669370E-005, 2.0000000E+000
 4.3481318E-002, 5.7788905E-002, 9.6781713E-005, 1.0000000E+000
 4.7434165E-002, 5.7764525E-002, 7.0525060E-005, 2.0000000E+000
 5.1387012E-002, 5.7738356E-002, 6.7795005E-005, 2.0000000E+000
 5.5339859E-002, 5.7710402E-002, 6.7861785E-005, 2.0000000E+000
 5.9292706E-002, 5.7680664E-002, 7.5826727E-005, 2.0000000E+000
 6.3245553E-002, 5.7649149E-002, 8.5896833E-005, 2.0000000E+000
 6.7198400E-002, 5.7615858E-002, 9.6231534E-005, 2.0000000E+000
 7.1151247E-002, 5.7580797E-002, 5.6085611E-005, 3.0000000E+000
 7.5104094E-002, 5.7543970E-002, 9.6162160E-005, 2.0000000E+000
 7.9056942E-002, 5.7505381E-002, 6.0750297E-005, 3.0000000E+000
 8.2487903E-002, 5.7479937E-002, 8.2716721E-005, 2.0000000E+000
 8.5918865E-002, 5.7444105E-002, 9.9478643E-005, 2.0000000E+000
 8.9349826E-002, 5.7406955E-002, 5.4561371E-005, 3.0000000E+000
 9.2360941E-002, 5.7381878E-002, 7.1353736E-005, 2.0000000E+000
 9.5372056E-002, 5.7347466E-002, 8.5118187E-005, 2.0000000E+000
 9.8383171E-002, 5.7312046E-002, 8.9906432E-005, 2.0000000E+000
 1.0139429E-001, 5.7275620E-002, 9.3089578E-005, 2.0000000E+000
 1.0402230E-001, 5.7251908E-002, 7.5298729E-005, 2.0000000E+000
 1.0665032E-001, 5.7218759E-002, 7.3175905E-005, 2.0000000E+000
 1.0927834E-001, 5.7184850E-002, 7.3913366E-005, 2.0000000E+000
 1.1190636E-001, 5.7150181E-002, 7.5846798E-005, 2.0000000E+000
 1.1453438E-001, 5.7114756E-002, 7.8040330E-005, 2.0000000E+000
 1.1684322E-001, 5.7091361E-002, 6.3534057E-005, 2.0000000E+000
 1.1915206E-001, 5.7059195E-002, 6.6697978E-005, 2.0000000E+000
 1.2146090E-001, 5.7026449E-002, 6.1331303E-005, 2.0000000E+000
 1.2376973E-001, 5.6993124E-002, 6.2276546E-005, 2.0000000E+000
 1.2607857E-001, 5.6959220E-002, 6.4033661E-005, 2.0000000E+000
 1.2838741E-001, 5.6924740E-002, 6.5593174E-005, 2.0000000E+000
 1.3044007E-001, 5.6901090E-002, 5.4163179E-005, 2.0000000E+000
 1.3249273E-001, 5.6869614E-002, 5.7249604E-005, 2.0000000E+000
 1.3454539E-001, 5.6837685E-002, 5.7803799E-005, 2.0000000E+000
 1.3659805E-001, 5.6805304E-002, 5.2566705E-005, 2.0000000E+000
 1.3865071E-001, 5.6772473E-002, 5.7838759E-005, 2.0000000E+000
 1.4070337E-001, 5.6739192E-002, 5.3542906E-005, 2.0000000E+000
 1.4275602E-001, 5.6705463E-002, 5.8930874E-005, 2.0000000E+000
 1.4480868E-001, 5.6671286E-002, 5.4748237E-005, 2.0000000E+000
 1.4663448E-001, 5.6647949E-002, 4.7145453E-005, 2.0000000E+000
 1.4846028E-001, 5.6616911E-002, 4.7925865E-005, 2.0000000E+000
 1.5028608E-001, 5.6585521E-002, 4.7902662E-005, 2.0000000E+000
 1.5211188E-001, 5.6553780E-002, 4.8092900E-005, 2.0000000E+000
 1.5393768E-001, 5.6521689E-002, 4.8337519E-005, 2.0000000E+000
 1.5576348E-001, 5.6489250E-002, 4.8352993E-005, 2.0000000E+000
 1.5758928E-001, 5.6456461E-002, 4.8254983E-005, 2.0000000E+000
 1.5941508E-001, 5.6423325E-002, 4.8253482E-005, 2.0000000E+000
 1.6124088E-001, 5.6389843E-002, 4.8427948E-005, 2.0000000E+000
 1.6306668E-001, 5.6356014E-002, 4.8732555E-005, 2.0000000E+000
 1.6470554E-001, 5.6332209E-002, 7.9234763E-005, 1.0000000E+000
 1.6634440E-001, 5.6301337E-002, 5.1438602E-005, 2.0000000E+000
 1.6798326E-001, 5.6270188E-002, 8.4313007E-005, 1.0000000E+000
 1.6962212E-001, 5.6238763E-002, 5.3912079E-005, 2.0000000E+000
 1.7126098E-001, 5.6207063E-002, 8.5313398E-005, 1.0000000E+000
 1.7289983E-001, 5.6175087E-002, 5.4595611E-005, 2.0000000E+000
 1.7453869E-001, 5.6142838E-002, 8.5560565E-005, 1.0000000E+000
 1.7617755E-001, 5.6110315E-002, 5.4470740E-005, 2.0000000E+000
 1.7781641E-001, 5.6077518E-002, 8.5648489E-005, 1.0000000E+000
 1.7945527E-001, 5.6044450E-002, 5.4873055E-005, 2.0000000E+000
 1.8109413E-001, 5.6011110E-002, 8.6433923E-005, 1.0000000E+000
 1.8273299E-001, 5.5977500E-002, 5.5656809E-005, 2.0000000E+000
 1.8437185E-001, 5.5943619E-002, 8.7222394E-005, 1.0000000E+000
 1.8584447E-001, 5.5919770E-002, 9.2513642E-005, 1.0000000E+000
 1.8731710E-001, 5.5888928E-002, 5.0126347E-005, 2.0000000E+000
 1.8878973E-001, 5.5857870E-002, 6.9858511E-005, 1.0000000E+000
 1.9026236E-001, 5.5826595E-002, 9.1073666E-005, 1.0000000E+000
 1.9173498E-001, 5.5795105E-002, 5.1183345E-005, 2.0000000E+000
 1.9320761E-001, 5.5763399E-002, 7.1445663E-005, 1.0000000E+000
 1.9468024E-001, 5.5731479E-002, 9.2810879E-005, 1.0000000E+000
 1.9615286E-001, 5.5699345E-002, 5.2407430E-005, 2.0000000E+000
 1.9762549E-001, 5.5666997E-002, 7.1840473E-005, 1.0000000E+000
 1.9909812E-001, 5.5634436E-002, 9.2675900E-005, 1.0000000E+000
 2.0057075E-001, 5.5601663E-002, 5.2293786E-005, 2.0000000E+000
 2.0204337E-001, 5.5568678E-002, 7.1997246E-005, 1.0000000E+000
 2.0351600E-001, 5.5535481E-002, 9.3191549E-005, 1.0000000E+000
 2.0498863E-001, 5.5502073E-002, 5.2958867E-005, 2.0000000E+000
 2.0646126E-001, 5.5468455E-002, 7.2682155E-005, 1.0000000E+000
 2.0793388E-001, 5.5434627E-002, 9.3868358E-005, 1.0000000E+000
 2.0940651E-001, 5.5400589E-002, 5.3518221E-005, 2.0000000E+000
 2.1073128E-001, 5.5376599E-002, 5.8065500E-005, 1.0000000E+000
 2.1205605E-001, 5.5345671E-002, 7.4536287E-005, 1.0000000E+000
 2.1338081E-001, 5.5314574E-002, 8.3359250E-005, 1.0000000E+000
 2.1470558E-001, 5.5283310E-002, 8.6874040E-005, 1.0000000E+000
 2.1603035E-001, 5.5251878E-002, 8.8587784E-005, 1.0000000E+000
 2.1735512E-001, 5.5220279E-002, 8.9561767E-005, 1.0000000E+000
 2.1867988E-001, 5.5188513E-002, 8.9796430E-005, 1.0000000E+000
 2.2000465E-001, 5.5156582E-002, 8.9420607E-005, 1.0000000E+000
 2.2132942E-001, 5.5124484E-002, 8.8842190E-005, 1.0000000E+000
 2.2265419E-001, 5.5092222E-002, 8.8457498E-005, 1.0000000E+000
 2.2397896E-001, 5.5059794E-002, 8.8440781E-005, 1.0000000E+000
 2.2530372E-001, 5.5027202E-002, 8.8740253E-005, 1.0000000E+000
 2.2662849E-001, 5.4994446E-002, 8.9190221E-005, 1.0000000E+000
 2.2795326E-001, 5.4961526E-002, 8.9627701E-005, 1.0000000E+000
 2.2927803E-001, 5.4928443E-002, 8.9957648E-005, 1.0000000E+000
 2.3060280E-001, 5.4895198E-002, 9.0162641E-005, 1.0000000E+000
 2.3192756E-001, 5.4861790E-002, 9.0277974E-005, 1.0000000E+000
 2.3325233E-001, 5.4828220E-002, 9.0356845E-005, 1.0000000E+000
 2.3457710E-001, 5.4794488E-002, 9.0443071E-005, 1.0000000E+000
 2.3590187E-001, 5.4760596E-002, 9.0558518E-005, 1.0000000E+000
 2.3722663E-001, 5.4726543E-002, 9.0703931E-005, 1.0000000E+000
 2.3855140E-001, 5.4692330E-002, 9.0867419E-005, 1.0000000E+000
 2.3987617E-001, 5.4657957E-002, 9.1034260E-005, 1.0000000E+000
 2.4106647E-001, 5.4633905E-002, 7.6816371E-005, 1.0000000E+000
 2.4225676E-001, 5.4602787E-002, 8.1473961E-005, 1.0000000E+000
 2.4344706E-001, 5.4571540E-002, 7.3315230E-005, 1.0000000E+000
 2.4463735E-001, 5.4540166E-002, 8.0377661E-005, 1.0000000E+000
 2.4582765E-001, 5.4508664E-002, 7.2696794E-005, 1.0000000E+000
 2.4701794E-001, 5.4477035E-002, 7.0629149E-005, 1.0000000E+000
 2.4820824E-001, 5.4445280E-002, 8.0728852E-005, 1.0000000E+000
 2.4939854E-001, 5.4413398E-002, 7.3127026E-005, 1.0000000E+000
 2.5058883E-001, 5.4381390E-002, 7.0553825E-005, 1.0000000E+000
 2.5177913E-001, 5.4349257E-002, 8.0521926E-005, 1.0000000E+000
 2.5296942E-001, 5.4316998E-002, 7.3101993E-005, 1.0000000E+000
 2.5415972E-001, 5.4284614E-002, 7.0707505E-005, 1.0000000E+000
 2.5535002E-001, 5.4252105E-002, 7.1157012E-005, 1.0000000E+000
 2.5654031E-001, 5.4219472E-002, 8.1660343E-005, 1.0000000E+000
 2.5773061E-001, 5.4186715E-002, 7.4031051E-005, 1.0000000E+000
 2.5892090E-001, 5.4153834E-002, 7.1653923E-005, 1.0000000E+000
 2.6011120E-001, 5.4120829E-002, 7.2174564E-005, 1.0000000E+000
 2.6130149E-001, 5.4087702E-002, 7.2949891E-005, 1.0000000E+000
 2.6249179E-001, 5.4054452E-002, 8.3171095E-005, 1.0000000E+000
 2.6368209E-001, 5.4021079E-002, 7.5308011E-005, 1.0000000E+000
 2.6487238E-001, 5.3987585E-002, 7.2772337E-005, 1.0000000E+000
 2.6606268E-001, 5.3953968E-002, 7.3104516E-005, 1.0000000E+000
 2.6725297E-001, 5.3920231E-002, 7.3659601E-005, 1.0000000E+000
 2.6844327E-001, 5.3886372E-002, 7.4032766E-005, 1.0000000E+000
 2.6963357E-001, 5.3852393E-002, 7.4520747E-005, 1.0000000E+000
 2.7082386E-001, 5.3818293E-002, 7.5194892E-005, 1.0000000E+000
 2.7201416E-001, 5.3784074E-002, 7.5871310E-005, 1.0000000E+000
 2.7439475E-001, 5.3732505E-002, 7.6475797E-005, 1.0000000E+000
 2.7677534E-001, 5.3663351E-002, 7.6633017E-005, 1.0000000E+000
 2.7891119E-001, 5.3606260E-002, 6.6342634E-005, 1.0000000E+000
 2.8104704E-001, 5.3543466E-002, 6.5481900E-005, 1.0000000E+000
 2.8211496E-001, 5.3496134E-002, 6.5997979E-005, 1.0000000E+000
 2.8425081E-001, 5.3448567E-002, 6.3326201E-005, 1.0000000E+000
 2.8638666E-001, 5.3384833E-002, 6.2867500E-005, 1.0000000E+000
 2.8852251E-001, 5.3320727E-002, 6.2696783E-005, 1.0000000E+000
 2.9065836E-001, 5.3256250E-002, 6.2980757E-005, 1.0000000E+000
 2.9279421E-001, 5.3191406E-002, 6.3153870E-005, 1.0000000E+000
 2.9493006E-001, 5.3126195E-002, 6.3191281E-005, 1.0000000E+000
 2.9706591E-001, 5.3060621E-002, 6.3259038E-005, 1.0000000E+000
 2.9813384E-001, 5.3011213E-002, 6.0097613E-005, 1.0000000E+000
 3.0026969E-001, 5.2961581E-002, 6.3498841E-005, 1.0000000E+000
 3.0240554E-001, 5.2895106E-002, 6.3679162E-005, 1.0000000E+000
 3.0454139E-001, 5.2828274E-002, 6.3841589E-005, 1.0000000E+000
 3.0667724E-001, 5.2761087E-002, 6.4002308E-005, 1.0000000E+000
 3.0881309E-001, 5.2693548E-002, 6.4175380E-005, 1.0000000E+000
 3.1094894E-001, 5.2625659E-002, 6.4358466E-005, 1.0000000E+000
 3.1201686E-001, 5.2574525E-002, 6.7825181E-005, 1.0000000E+000
 3.1415271E-001, 5.2523174E-002, 6.4642034E-005, 1.0000000E+000
 3.1628856E-001, 5.2454419E-002, 6.4828610E-005, 1.0000000E+000
 3.1842441E-001, 5.2385321E-002, 6.5017836E-005, 1.0000000E+000
 3.2045204E-001, 5.2321820E-002, 5.8075192E-005, 1.0000000E+000
 3.2237145E-001, 5.2262041E-002, 5.7061262E-005, 1.0000000E+000
 3.2429086E-001, 5.2199117E-002, 5.7508323E-005, 1.0000000E+000
 3.2621027E-001, 5.2135923E-002, 4.9904528E-005, 1.0000000E+000
 3.2812967E-001, 5.2072461E-002, 5.6783061E-005, 1.0000000E+000
 3.3004908E-001, 5.2008731E-002, 4.9601832E-005, 1.0000000E+000
 3.3292820E-001, 5.1928682E-002, 5.4182894E-005, 1.0000000E+000
 3.3484761E-001, 5.1848248E-002, 5.4959183E-005, 1.0000000E+000
 3.3676701E-001, 5.1783596E-002, 5.2918595E-005, 1.0000000E+000
 3.3868642E-001, 5.1718684E-002, 5.5051173E-005, 1.0000000E+000
 3.4060583E-001, 5.1653513E-002, 5.1201580E-005, 1.0000000E+000
 3.4252524E-001, 5.1588086E-002, 5.3823428E-005, 1.0000000E+000
 3.4444465E-001, 5.1522403E-002, 5.6965877E-005, 1.0000000E+000
 3.4636406E-001, 5.1456467E-002, 5.2565775E-005, 1.0000000E+000
 3.4828347E-001, 5.1390279E-002, 5.4547729E-005, 1.0000000E+000
 3.5020288E-001, 5.1323841E-002, 5.7288281E-005, 1.0000000E+000
 3.5212228E-001, 5.1257154E-002, 5.2938891E-005, 1.0000000E+000
 3.5404169E-001, 5.1190220E-002, 5.5152761E-005, 1.0000000E+000
 3.5692081E-001, 5.1106195E-002, 5.5561213E-005, 1.0000000E+000
 3.5884022E-001, 5.1021815E-002, 5.8199348E-005, 1.0000000E+000
 3.6075962E-001, 5.0954030E-002, 5.3704998E-005, 1.0000000E+000
 3.6267903E-001, 5.0886004E-002, 5.5908885E-005, 1.0000000E+000
 3.6459844E-001, 5.0817741E-002, 5.8761614E-005, 1.0000000E+000
 3.6651785E-001, 5.0749241E-002, 5.4203707E-005, 1.0000000E+000
 3.6834121E-001, 5.0686316E-002, 5.2082133E-005, 1.0000000E+000
 3.7006853E-001, 5.0627099E-002, 4.5386834E-005, 1.0000000E+000
 3.7265951E-001, 5.0549290E-002, 4.9452212E-005, 1.0000000E+000
 3.7438684E-001, 5.0471209E-002, 5.0129582E-005, 1.0000000E+000
 3.7611416E-001, 5.0408529E-002, 4.8519151E-005, 1.0000000E+000
 3.7870514E-001, 5.0329911E-002, 4.6539817E-005, 1.0000000E+000
 3.8043246E-001, 5.0251028E-002, 4.6776832E-005, 1.0000000E+000
 3.8215978E-001, 5.0187710E-002, 4.7469405E-005, 1.0000000E+000
 3.8475076E-001, 5.0108302E-002, 4.7563938E-005, 1.0000000E+000
 3.8647808E-001, 5.0028635E-002, 4.7317658E-005, 1.0000000E+000
 3.8820540E-001, 4.9964696E-002, 4.7338699E-005, 1.0000000E+000
 3.9079638E-001, 4.9884516E-002, 4.7585570E-005, 1.0000000E+000
 3.9252370E-001, 4.9804083E-002, 4.7775814E-005, 1.0000000E+000
 3.9425102E-001, 4.9739536E-002, 4.7846610E-005, 1.0000000E+000
 3.9684200E-001, 4.9658604E-002, 4.7953227E-005, 1.0000000E+000
 3.9856932E-001, 4.9577425E-002, 4.8114111E-005, 1.0000000E+000
 4.0029664E-001, 4.9512285E-002, 4.8253520E-005, 1.0000000E+000
 4.0202396E-001, 4.9446979E-002, 4.8380380E-005, 1.0000000E+000
 4.0461494E-001, 4.9365106E-002, 4.8529564E-005, 1.0000000E+000
 4.0634226E-001, 4.9282994E-002, 4.8683188E-005, 1.0000000E+000
 4.0806958E-001, 4.9217115E-002, 4.8809338E-005, 1.0000000E+000
 4.1066056E-001, 4.9134531E-002, 4.8964035E-005, 1.0000000E+000
 4.1238788E-001, 4.9051715E-002, 4.9115062E-005, 1.0000000E+000
 4.1411520E-001, 4.8985277E-002, 4.9235377E-005, 1.0000000E+000
 4.1670618E-001, 4.8902002E-002, 4.9386625E-005, 1.0000000E+000
 4.1843350E-001, 4.8818500E-002, 4.9537748E-005, 1.0000000E+000
 4.2016082E-001, 4.8751519E-002, 4.9657793E-005, 1.0000000E+000
 4.2266448E-001, 4.8671915E-002, 4.5553749E-005, 1.0000000E+000
 4.2421717E-001, 4.8598760E-002, 3.7634088E-005, 1.0000000E+000
 4.2654619E-001, 4.8522927E-002, 4.0571936E-005, 1.0000000E+000
 4.2809888E-001, 4.8446919E-002, 4.2332818E-005, 1.0000000E+000
 4.3042791E-001, 4.8370713E-002, 4.1581798E-005, 1.0000000E+000
 4.3275694E-001, 4.8279031E-002, 4.0271358E-005, 1.0000000E+000
 4.3430962E-001, 4.8202435E-002, 4.0713181E-005, 1.0000000E+000
 4.3663865E-001, 4.8125647E-002, 4.1232132E-005, 1.0000000E+000
 4.3819134E-001, 4.8048692E-002, 4.1222738E-005, 1.0000000E+000
 4.4052037E-001, 4.7971550E-002, 4.1145578E-005, 1.0000000E+000
 4.4207305E-001, 4.7894244E-002, 4.1277328E-005, 1.0000000E+000
 4.4440208E-001, 4.7816754E-002, 4.1447649E-005, 1.0000000E+000
 4.4673111E-001, 4.7723546E-002, 4.1538780E-005, 1.0000000E+000
 4.4828380E-001, 4.7645692E-002, 4.1598364E-005, 1.0000000E+000
 4.5061282E-001, 4.7567660E-002, 4.1696953E-005, 1.0000000E+000
 4.5216551E-001, 4.7489472E-002, 4.1803444E-005, 1.0000000E+000
 4.5449454E-001, 4.7411110E-002, 4.1898245E-005, 1.0000000E+000
 4.5604722E-001, 4.7332596E-002, 4.1990683E-005, 1.0000000E+000
 4.5837625E-001, 4.7253911E-002, 4.2087599E-005, 1.0000000E+000
 4.6070528E-001, 4.7159285E-002, 4.2202997E-005, 1.0000000E+000
 4.6225797E-001, 4.7080263E-002, 4.2294896E-005, 1.0000000E+000
 4.6458700E-001, 4.7001075E-002, 4.2384669E-005, 1.0000000E+000
 4.6613968E-001, 4.6921745E-002, 4.2474258E-005, 1.0000000E+000
 4.6846871E-001, 4.6842252E-002, 4.2563315E-005, 1.0000000E+000
 4.7002140E-001, 4.6762619E-002, 4.2651401E-005, 1.0000000E+000
 4.7235042E-001, 4.6682828E-002, 4.2738385E-005, 1.0000000E+000
 4.7467945E-001, 4.6586892E-002, 4.2841399E-005, 1.0000000E+000
 4.7623214E-001, 4.6506791E-002, 4.2925840E-005, 1.0000000E+000
 4.7856117E-001, 4.6426537E-002, 4.3008703E-005, 1.0000000E+000
 4.8011385E-001, 4.6346152E-002, 4.3090230E-005, 1.0000000E+000
 4.8244288E-001, 4.6265617E-002, 4.3170305E-005, 1.0000000E+000
 4.8461569E-001, 4.6177293E-002, 3.5712688E-005, 1.0000000E+000
 4.8601214E-001, 4.6105907E-002, 3.4128986E-005, 1.0000000E+000
 4.8810683E-001, 4.6033118E-002, 3.5840393E-005, 1.0000000E+000
 4.9020152E-001, 4.5945635E-002, 3.6465421E-005, 1.0000000E+000
 4.9229621E-001, 4.5857999E-002, 3.4990119E-005, 1.0000000E+000
 4.9439090E-001, 4.5770212E-002, 3.5028840E-005, 1.0000000E+000
 4.9648559E-001, 4.5682277E-002, 3.5555095E-005, 1.0000000E+000
 4.9858028E-001, 4.5594196E-002, 3.5474926E-005, 1.0000000E+000
 5.0067497E-001, 4.5505971E-002, 3.5414038E-005, 1.0000000E+000
 5.0207143E-001, 4.5432345E-002, 3.5528863E-005, 1.0000000E+000
 5.0416612E-001, 4.5358615E-002, 3.5604142E-005, 1.0000000E+000
 5.0626081E-001, 4.5270016E-002, 3.5615554E-005, 1.0000000E+000
 5.0835550E-001, 4.5181281E-002, 3.5648154E-005, 1.0000000E+000
 5.1045019E-001, 4.5092412E-002, 3.5707486E-005, 1.0000000E+000
 5.1254488E-001, 4.5003411E-002, 3.5755744E-005, 1.0000000E+000
 5.1463957E-001, 4.4914280E-002, 3.5799920E-005, 1.0000000E+000
 5.1603603E-001, 4.4839910E-002, 3.5839979E-005, 1.0000000E+000
 5.1813072E-001, 4.4765446E-002, 3.5878322E-005, 1.0000000E+000
 5.2022541E-001, 4.4675978E-002, 3.5919291E-005, 1.0000000E+000
 5.2232010E-001, 4.4586389E-002, 3.5957552E-005, 1.0000000E+000
 5.2441479E-001, 4.4496680E-002, 3.5994740E-005, 1.0000000E+000
 5.2650948E-001, 4.4406852E-002, 3.6030186E-005, 1.0000000E+000
 5.2860416E-001, 4.4316909E-002, 3.6063782E-005, 1.0000000E+000
 5.3000062E-001, 4.4241872E-002, 3.6090519E-005, 1.0000000E+000
 5.3209531E-001, 4.4166752E-002, 3.6115868E-005, 1.0000000E+000
 5.3419000E-001, 4.4076510E-002, 3.6144561E-005, 1.0000000E+000
 5.3628469E-001, 4.3986160E-002, 3.6171562E-005, 1.0000000E+000
 5.3837938E-001, 4.3895703E-002, 3.6197225E-005, 1.0000000E+000
 5.4047407E-001, 4.3805143E-002, 3.6221852E-005, 1.0000000E+000
 5.4256876E-001, 4.3714481E-002, 3.6245753E-005, 1.0000000E+000
 5.4466345E-001, 4.3623719E-002, 3.6269268E-005, 1.0000000E+000
 5.4605991E-001, 4.3548012E-002, 3.6288827E-005, 1.0000000E+000
 5.4815460E-001, 4.3472234E-002, 3.6308619E-005, 1.0000000E+000
 5.5024929E-001, 4.3381216E-002, 3.6333012E-005, 1.0000000E+000
 5.5234398E-001, 4.3290107E-002, 3.6358587E-005, 1.0000000E+000
 5.5443867E-001, 4.3198908E-002, 3.6385903E-005, 1.0000000E+000
 5.5639266E-001, 4.3115630E-002, 3.0067110E-005, 1.0000000E+000
 5.5827631E-001, 4.3034688E-002, 2.8973990E-005, 1.0000000E+000
 5.6015995E-001, 4.2952464E-002, 3.0558731E-005, 1.0000000E+000
 5.6204359E-001, 4.2870175E-002, 3.0180913E-005, 1.0000000E+000
 5.6455512E-001, 4.2774087E-002, 2.9222994E-005, 1.0000000E+000
 5.6643877E-001, 4.2677918E-002, 2.9697778E-005, 1.0000000E+000
 5.6832241E-001, 4.2595419E-002, 2.9763783E-005, 1.0000000E+000
 5.7020605E-001, 4.2512862E-002, 2.9647855E-005, 1.0000000E+000
 5.7208970E-001, 4.2430247E-002, 2.9736405E-005, 1.0000000E+000
 5.7460123E-001, 4.2333792E-002, 2.9837431E-005, 1.0000000E+000
 5.7648487E-001, 4.2237267E-002, 2.9872082E-005, 1.0000000E+000
 5.7836851E-001, 4.2154475E-002, 2.9938636E-005, 1.0000000E+000
 5.8025216E-001, 4.2071633E-002, 3.0021908E-005, 1.0000000E+000
 5.8213580E-001, 4.1988744E-002, 3.0102521E-005, 1.0000000E+000
 5.8401945E-001, 4.1905810E-002, 3.0191899E-005, 1.0000000E+000
 5.8653097E-001, 4.1808998E-002, 3.0307966E-005, 1.0000000E+000
 5.8841462E-001, 4.1712134E-002, 3.0428554E-005, 1.0000000E+000
 5.9029826E-001, 4.1629065E-002, 3.0537118E-005, 1.0000000E+000
 5.9218191E-001, 4.1545961E-002, 3.0651437E-005, 1.0000000E+000
 5.9406555E-001, 4.1462823E-002, 3.0770351E-005, 1.0000000E+000
 5.9657708E-001, 4.1365791E-002, 3.0913925E-005, 1.0000000E+000
 5.9846072E-001, 4.1268724E-002, 3.1061210E-005, 1.0000000E+000
 6.0034437E-001, 4.1185498E-002, 3.1189239E-005, 1.0000000E+000
 6.0222801E-001, 4.1102250E-002, 3.1317751E-005, 1.0000000E+000
 6.0411166E-001, 4.1018985E-002, 3.1445823E-005, 1.0000000E+000
 6.0662318E-001, 4.0921825E-002, 3.1593248E-005, 1.0000000E+000
 6.0850683E-001, 4.0824650E-002, 3.1737183E-005, 1.0000000E+000
 6.1039047E-001, 4.0741349E-002, 3.1856292E-005, 1.0000000E+000
 6.1227412E-001, 4.0658044E-002, 3.1970454E-005, 1.0000000E+000
 6.1415776E-001, 4.0574737E-002, 3.2078720E-005, 1.0000000E+000
 6.1604141E-001, 4.0491433E-002, 3.2180252E-005, 1.0000000E+000
 6.1855293E-001, 4.0394249E-002, 3.2289003E-005, 1.0000000E+000
 6.2043658E-001, 4.0297074E-002, 3.2387327E-005, 1.0000000E+000
 6.2232022E-001, 4.0213791E-002, 3.2462274E-005, 1.0000000E+000
 6.2420387E-001, 4.0130516E-002, 3.2528663E-005, 1.0000000E+000
 6.2608751E-001, 4.0047251E-002, 3.2586513E-005, 1.0000000E+000
 6.2859904E-001, 3.9950120E-002, 3.2643169E-005, 1.0000000E+000
 6.3048268E-001, 3.9852998E-002, 3.2689435E-005, 1.0000000E+000
 6.3236632E-001, 3.9769755E-002, 3.2720750E-005, 1.0000000E+000
 6.3424997E-001, 3.9686514E-002, 3.2745208E-005, 1.0000000E+000
 6.3613361E-001, 3.9603268E-002, 3.2763500E-005, 1.0000000E+000
 6.3801726E-001, 3.9520012E-002, 3.2776365E-005, 1.0000000E+000
 6.4040316E-001, 3.9428509E-002, 2.8598034E-005, 1.0000000E+000
 6.4209837E-001, 3.9341420E-002, 2.6096261E-005, 1.0000000E+000
 6.4435864E-001, 3.9253864E-002, 2.7550233E-005, 1.0000000E+000
 6.4605385E-001, 3.9166266E-002, 2.6707980E-005, 1.0000000E+000
 6.4831413E-001, 3.9078616E-002, 2.6298981E-005, 1.0000000E+000
 6.5000933E-001, 3.8990909E-002, 2.6694355E-005, 1.0000000E+000
 6.5226961E-001, 3.8903132E-002, 2.6558207E-005, 1.0000000E+000
 6.5452988E-001, 3.8802730E-002, 2.6512748E-005, 1.0000000E+000
 6.5622509E-001, 3.8714798E-002, 2.6553279E-005, 1.0000000E+000
 6.5848537E-001, 3.8626785E-002, 2.6510246E-005, 1.0000000E+000
 6.6018057E-001, 3.8538699E-002, 2.6493517E-005, 1.0000000E+000
 6.6244085E-001, 3.8450537E-002, 2.6490971E-005, 1.0000000E+000
 6.6413606E-001, 3.8362312E-002, 2.6480164E-005, 1.0000000E+000
 6.6639633E-001, 3.8274029E-002, 2.6474351E-005, 1.0000000E+000
 6.6809154E-001, 3.8185706E-002, 2.6468922E-005, 1.0000000E+000
 6.7035182E-001, 3.8097354E-002, 2.6460753E-005, 1.0000000E+000
 6.7204702E-001, 3.8008992E-002, 2.6453173E-005, 1.0000000E+000
 6.7430730E-001, 3.7920641E-002, 2.6446436E-005, 1.0000000E+000
 6.7600250E-001, 3.7832317E-002, 2.6440213E-005, 1.0000000E+000
 6.7826278E-001, 3.7744045E-002, 2.6434757E-005, 1.0000000E+000
 6.8052306E-001, 3.7643246E-002, 2.6429111E-005, 1.0000000E+000
 6.8221826E-001, 3.7555139E-002, 2.6424691E-005, 1.0000000E+000
 6.8447854E-001, 3.7467140E-002, 2.6421006E-005, 1.0000000E+000
 6.8617375E-001, 3.7379251E-002, 2.6418050E-005, 1.0000000E+000
 6.8843402E-001, 3.7291492E-002, 2.6415862E-005, 1.0000000E+000
 6.9012923E-001, 3.7203857E-002, 2.6414268E-005, 1.0000000E+000
 6.9238950E-001, 3.7116358E-002, 2.6413149E-005, 1.0000000E+000
 6.9408471E-001, 3.7028980E-002, 2.6412273E-005, 1.0000000E+000
 6.9634499E-001, 3.6941730E-002, 2.6411460E-005, 1.0000000E+000
 6.9804019E-001, 3.6854586E-002, 2.6410547E-005, 1.0000000E+000
 7.0030047E-001, 3.6767549E-002, 2.6409404E-005, 1.0000000E+000
 7.0256075E-001, 3.6668183E-002, 2.6407721E-005, 1.0000000E+000
 7.0425595E-001, 3.6581317E-002, 2.6405823E-005, 1.0000000E+000
 7.0651623E-001, 3.6494515E-002, 2.6403398E-005, 1.0000000E+000
 7.0821144E-001, 3.6407761E-002, 2.6400438E-005, 1.0000000E+000
 7.1047171E-001, 3.6321050E-002, 2.6396901E-005, 1.0000000E+000
 7.1216692E-001, 3.6234371E-002, 2.6392907E-005, 1.0000000E+000
 7.1442719E-001, 3.6147722E-002, 2.6388521E-005, 1.0000000E+000
 7.1612240E-001, 3.6061097E-002, 2.6383879E-005, 1.0000000E+000
 7.1838268E-001, 3.5974499E-002, 2.6379042E-005, 1.0000000E+000
 7.2007788E-001, 3.5887926E-002, 2.6374086E-005, 1.0000000E+000
 7.2233816E-001, 3.5801383E-002, 2.6369046E-005, 1.0000000E+000
 7.2403337E-001, 3.5714871E-002, 2.6363958E-005, 1.0000000E+000
 7.2629364E-001, 3.5628396E-002, 2.6358840E-005, 1.0000000E+000
 7.2855392E-001, 3.5529614E-002, 2.6352971E-005, 1.0000000E+000
 7.3024913E-001, 3.5443223E-002, 2.6347822E-005, 1.0000000E+000
 7.3250940E-001, 3.5356878E-002, 2.6342653E-005, 1.0000000E+000
 7.3420461E-001, 3.5270574E-002, 2.6337453E-005, 1.0000000E+000
 7.3646488E-001, 3.5184316E-002, 2.6332201E-005, 1.0000000E+000
 7.3810346E-001, 3.5100488E-002, 2.4105347E-005, 1.0000000E+000
 7.4013719E-001, 3.5023003E-002, 2.0480635E-005, 1.0000000E+000
 7.4217092E-001, 3.4934359E-002, 2.2133959E-005, 1.0000000E+000
 7.4420464E-001, 3.4845761E-002, 2.1313663E-005, 1.0000000E+000
 7.4623837E-001, 3.4757207E-002, 2.1191835E-005, 1.0000000E+000
 7.4827210E-001, 3.4668699E-002, 2.1392030E-005, 1.0000000E+000
 7.5030583E-001, 3.4580237E-002, 2.1251732E-005, 1.0000000E+000
 7.5233956E-001, 3.4491822E-002, 2.1296977E-005, 1.0000000E+000
 7.5437329E-001, 3.4403455E-002, 2.1280127E-005, 1.0000000E+000
 7.5640702E-001, 3.4315138E-002, 2.1258628E-005, 1.0000000E+000
 7.5844075E-001, 3.4226871E-002, 2.1258471E-005, 1.0000000E+000
 7.6047448E-001, 3.4138657E-002, 2.1250707E-005, 1.0000000E+000
 7.6250821E-001, 3.4050494E-002, 2.1247667E-005, 1.0000000E+000
 7.6403351E-001, 3.3973394E-002, 2.1243800E-005, 1.0000000E+000
 7.6606724E-001, 3.3896337E-002, 2.1237898E-005, 1.0000000E+000
 7.6810097E-001, 3.3808321E-002, 2.1231366E-005, 1.0000000E+000
 7.7013470E-001, 3.3720358E-002, 2.1224500E-005, 1.0000000E+000
 7.7216843E-001, 3.3632449E-002, 2.1217264E-005, 1.0000000E+000
 7.7420216E-001, 3.3544594E-002, 2.1209448E-005, 1.0000000E+000
 7.7623589E-001, 3.3456794E-002, 2.1200866E-005, 1.0000000E+000
 7.7826962E-001, 3.3369050E-002, 2.1191756E-005, 1.0000000E+000
 7.8030335E-001, 3.3281363E-002, 2.1182313E-005, 1.0000000E+000
 7.8233708E-001, 3.3193734E-002, 2.1172661E-005, 1.0000000E+000
 7.8437081E-001, 3.3106165E-002, 2.1162866E-005, 1.0000000E+000
 7.8640454E-001, 3.3018657E-002, 2.1152952E-005, 1.0000000E+000
 7.8843827E-001, 3.2931212E-002, 2.1142926E-005, 1.0000000E+000
 7.9047200E-001, 3.2843831E-002, 2.1132811E-005, 1.0000000E+000
 7.9250573E-001, 3.2756516E-002, 2.1122668E-005, 1.0000000E+000
 7.9403103E-001, 3.2680170E-002, 2.1113830E-005, 1.0000000E+000
 7.9606476E-001, 3.2603880E-002, 2.1105056E-005, 1.0000000E+000
 7.9809849E-001, 3.2516757E-002, 2.1095069E-005, 1.0000000E+000
 8.0013222E-001, 3.2429709E-002, 2.1085064E-005, 1.0000000E+000
 8.0216595E-001, 3.2342737E-002, 2.1074997E-005, 1.0000000E+000
 8.0419968E-001, 3.2255844E-002, 2.1064874E-005, 1.0000000E+000
 8.0623341E-001, 3.2169035E-002, 2.1054729E-005, 1.0000000E+000
 8.0826714E-001, 3.2082310E-002, 2.1044573E-005, 1.0000000E+000
 8.1030087E-001, 3.1995675E-002, 2.1034388E-005, 1.0000000E+000
 8.1233460E-001, 3.1909131E-002, 2.1024134E-005, 1.0000000E+000
 8.1436833E-001, 3.1822683E-002, 2.1013769E-005, 1.0000000E+000
 8.1640206E-001, 3.1736333E-002, 2.1003257E-005, 1.0000000E+000
 8.1843579E-001, 3.1650086E-002, 2.0992578E-005, 1.0000000E+000
 8.2046952E-001, 3.1563943E-002, 2.0981721E-005, 1.0000000E+000
 8.2250325E-001, 3.1477909E-002, 2.0970681E-005, 1.0000000E+000
 8.2402854E-001, 3.1402718E-002, 2.0960867E-005, 1.0000000E+000
 8.2606227E-001, 3.1327617E-002, 2.0950891E-005, 1.0000000E+000
 8.2809600E-001, 3.1241894E-002, 2.0939294E-005, 1.0000000E+000
 8.3012973E-001, 3.1156287E-002, 2.0927470E-005, 1.0000000E+000
 8.3216346E-001, 3.1070799E-002, 2.0915402E-005, 1.0000000E+000
 8.3419719E-001, 3.0985428E-002, 2.0903063E-005, 1.0000000E+000
 8.3623092E-001, 3.0900174E-002, 2.0890417E-005, 1.0000000E+000
 8.3826465E-001, 3.0815036E-002, 2.0877420E-005, 1.0000000E+000
 8.4029838E-001, 3.0730010E-002, 2.0864026E-005, 1.0000000E+000
 8.4233211E-001, 3.0645092E-002, 2.0850186E-005, 1.0000000E+000
 8.4436584E-001, 3.0560277E-002, 2.0835852E-005, 1.0000000E+000
 8.4639957E-001, 3.0475557E-002, 2.0820969E-005, 1.0000000E+000
 8.4843330E-001, 3.0390924E-002, 2.0805484E-005, 1.0000000E+000
 8.5046703E-001, 3.0306369E-002, 2.0789338E-005, 1.0000000E+000
 8.5250076E-001, 3.0221879E-002, 2.0772473E-005, 1.0000000E+000
 8.5402606E-001, 3.0147995E-002, 2.0757097E-005, 1.0000000E+000
 8.5605979E-001, 3.0074146E-002, 2.0741059E-005, 1.0000000E+000
 8.5809352E-001, 2.9989774E-002, 2.0721928E-005, 1.0000000E+000
 8.6012725E-001, 2.9905419E-002, 2.0701874E-005, 1.0000000E+000
 8.6205900E-001, 2.9822796E-002, 1.8042198E-005, 1.0000000E+000
 8.6434623E-001, 2.9734779E-002, 1.6723685E-005, 1.0000000E+000
 8.6617601E-001, 2.9649258E-002, 1.7214963E-005, 1.0000000E+000
 8.6800579E-001, 2.9573208E-002, 1.6481326E-005, 1.0000000E+000
 8.7029301E-001, 2.9487605E-002, 1.6735016E-005, 1.0000000E+000
 8.7212280E-001, 2.9401944E-002, 1.6627915E-005, 1.0000000E+000
 8.7441002E-001, 2.9316212E-002, 1.6626653E-005, 1.0000000E+000
 8.7623980E-001, 2.9230404E-002, 1.6604446E-005, 1.0000000E+000
 8.7806958E-001, 2.9154057E-002, 1.6582230E-005, 1.0000000E+000
 8.8035681E-001, 2.9068078E-002, 1.6576883E-005, 1.0000000E+000
 8.8218659E-001, 2.8982006E-002, 1.6566979E-005, 1.0000000E+000
 8.8401637E-001, 2.8905413E-002, 1.6562371E-005, 1.0000000E+000
 8.8630359E-001, 2.8819147E-002, 1.6554864E-005, 1.0000000E+000
 8.8813337E-001, 2.8732782E-002, 1.6547124E-005, 1.0000000E+000
 8.9042060E-001, 2.8646313E-002, 1.6540317E-005, 1.0000000E+000
 8.9225038E-001, 2.8559750E-002, 1.6534382E-005, 1.0000000E+000
 8.9408016E-001, 2.8482726E-002, 1.6529581E-005, 1.0000000E+000
 8.9636739E-001, 2.8395994E-002, 1.6524207E-005, 1.0000000E+000
 8.9819717E-001, 2.8309193E-002, 1.6518986E-005, 1.0000000E+000
 9.0002695E-001, 2.8231986E-002, 1.6514662E-005, 1.0000000E+000
 9.0231417E-001, 2.8145089E-002, 1.6510215E-005, 1.0000000E+000
 9.0414395E-001, 2.8058173E-002, 1.6506076E-005, 1.0000000E+000
 9.0643118E-001, 2.7971263E-002, 1.6502084E-005, 1.0000000E+000
 9.0826096E-001, 2.7884388E-002, 1.6498069E-005, 1.0000000E+000
 9.1009074E-001, 2.7807222E-002, 1.6494358E-005, 1.0000000E+000
 9.1237796E-001, 2.7720509E-002, 1.6489922E-005, 1.0000000E+000
 9.1420774E-001, 2.7633928E-002, 1.6485165E-005, 1.0000000E+000
 9.1603752E-001, 2.7557119E-002, 1.6480586E-005, 1.0000000E+000
 9.1832475E-001, 2.7470917E-002, 1.6474889E-005, 1.0000000E+000
 9.2015453E-001, 2.7384964E-002, 1.6468448E-005, 1.0000000E+000
 9.2244176E-001, 2.7299320E-002, 1.6460996E-005, 1.0000000E+000
 9.2427154E-001, 2.7214004E-002, 1.6452456E-005, 1.0000000E+000
 9.2610132E-001, 2.7138490E-002, 1.6443793E-005, 1.0000000E+000
 9.2838854E-001, 2.7053936E-002, 1.6432704E-005, 1.0000000E+000
 9.3021832E-001, 2.6969813E-002, 1.6420120E-005, 1.0000000E+000
 9.3204810E-001, 2.6895445E-002, 1.6407462E-005, 1.0000000E+000
 9.3433533E-001, 2.6812268E-002, 1.6391394E-005, 1.0000000E+000
 9.3616511E-001, 2.6729602E-002, 1.6373335E-005, 1.0000000E+000
 9.3845233E-001, 2.6647507E-002, 1.6352938E-005, 1.0000000E+000
 9.4028211E-001, 2.6565961E-002, 1.6330188E-005, 1.0000000E+000
 9.4211190E-001, 2.6493977E-002, 1.6307720E-005, 1.0000000E+000
 9.4439912E-001, 2.6413567E-002, 1.6279743E-005, 1.0000000E+000
 9.4622890E-001, 2.6333740E-002, 1.6248908E-005, 1.0000000E+000
 9.4805868E-001, 2.6263304E-002, 1.6218838E-005, 1.0000000E+000
 9.5034591E-001, 2.6184653E-002, 1.6181884E-005, 1.0000000E+000
 9.5217569E-001, 2.6106593E-002, 1.6141691E-005, 1.0000000E+000
 9.5400547E-001, 2.6037729E-002, 1.6102996E-005, 1.0000000E+000
 9.5629269E-001, 2.5960844E-002, 1.6056030E-005, 1.0000000E+000
 9.5812247E-001, 2.5884541E-002, 1.6005560E-005, 1.0000000E+000
 9.6040970E-001, 2.5808857E-002, 1.5951265E-005, 1.0000000E+000
 9.6223948E-001, 2.5733742E-002, 1.5893393E-005, 1.0000000E+000
 9.6406926E-001, 2.5667472E-002, 1.5838774E-005, 1.0000000E+000
 9.6635649E-001, 2.5593472E-002, 1.5782268E-005, 1.0000000E+000
 9.6818627E-001, 2.5520018E-002, 1.5792211E-005, 1.0000000E+000
 9.7001605E-001, 2.5455204E-002, 1.5820089E-005, 1.0000000E+000
 9.7230327E-001, 2.5382818E-002, 1.5853999E-005, 1.0000000E+000
 9.7413305E-001, 2.5310955E-002, 1.5890220E-005, 1.0000000E+000
 9.7642028E-001, 2.5239647E-002, 1.5928619E-005, 1.0000000E+000
 9.7825006E-001, 2.5168847E-002, 1.5968717E-005, 1.0000000E+000
 9.8007984E-001, 2.5106359E-002, 1.6005567E-005, 1.0000000E+000
 9.8236706E-001, 2.5036553E-002, 1.6047993E-005, 1.0000000E+000
 9.8419684E-001, 2.4967234E-002, 1.6090988E-005, 1.0000000E+000
 9.8602662E-001, 2.4906043E-002, 1.6129327E-005, 1.0000000E+000
 9.8831385E-001, 2.4837671E-002, 1.6172106E-005, 1.0000000E+000
 9.9014363E-001, 2.4769759E-002, 1.6214041E-005, 1.0000000E+000
 9.9243086E-001, 2.4702327E-002, 1.6254475E-005, 1.0000000E+000
 9.9426064E-001, 2.4635326E-002, 1.6292943E-005, 1.0000000E+000
 9.9609042E-001, 2.4576136E-002, 1.6324890E-005, 1.0000000E+000
 9.9837764E-001, 2.4509938E-002, 1.6357693E-005, 1.0000000E+000
 1.0002074E+000, 2.4444106E-002, 1.6386768E-005, 1.0000000E+000
 1.0020372E+000, 2.4385888E-002, 1.6408765E-005, 1.0000000E+000
 1.0043244E+000, 2.4320692E-002, 1.6428541E-005, 1.0000000E+000
 1.0061542E+000, 2.4255757E-002, 1.6442740E-005, 1.0000000E+000
 1.0084414E+000, 2.4191049E-002, 1.6450248E-005, 1.0000000E+000
 1.0102712E+000, 2.4126499E-002, 1.6450913E-005, 1.0000000E+000
 1.0121010E+000, 2.4069209E-002, 1.6444911E-005, 1.0000000E+000
 1.0143882E+000, 2.4004790E-002, 1.6430150E-005, 1.0000000E+000
 1.0162180E+000, 2.3940331E-002, 1.6406854E-005, 1.0000000E+000
 1.0180478E+000, 2.3882933E-002, 1.6378120E-005, 1.0000000E+000
 1.0203350E+000, 2.3818159E-002, 1.6336282E-005, 1.0000000E+000
 1.0221190E+000, 2.3752957E-002, 1.5249480E-005, 1.0000000E+000
 1.0241772E+000, 2.3688876E-002, 1.2822860E-005, 1.0000000E+000
 1.0262355E+000, 2.3622759E-002, 1.3488790E-005, 1.0000000E+000
 1.0282937E+000, 2.3556012E-002, 1.2889140E-005, 1.0000000E+000
 1.0303519E+000, 2.3488536E-002, 1.2994357E-005, 1.0000000E+000
 1.0324101E+000, 2.3420235E-002, 1.2832585E-005, 1.0000000E+000
 1.0340567E+000, 2.3357998E-002, 1.2777991E-005, 1.0000000E+000
 1.0361150E+000, 2.3294936E-002, 1.2668065E-005, 1.0000000E+000
 1.0381732E+000, 2.3223892E-002, 1.2555000E-005, 1.0000000E+000
 1.0402314E+000, 2.3151762E-002, 1.2433878E-005, 1.0000000E+000
 1.0422897E+000, 2.3078522E-002, 1.2306665E-005, 1.0000000E+000
 1.0443479E+000, 2.3004179E-002, 1.2170550E-005, 1.0000000E+000
 1.0464061E+000, 2.2928769E-002, 1.2026507E-005, 1.0000000E+000
 1.0480527E+000, 2.2860061E-002, 1.1891349E-005, 1.0000000E+000
 1.0501109E+000, 2.2790601E-002, 1.1751107E-005, 1.0000000E+000
 1.0521692E+000, 2.2712720E-002, 1.1650343E-005, 1.0000000E+000
 1.0542274E+000, 2.2634266E-002, 1.1742075E-005, 1.0000000E+000
 1.0562856E+000, 2.2555467E-002, 1.1852484E-005, 1.0000000E+000
 1.0583439E+000, 2.2476593E-002, 1.1968227E-005, 1.0000000E+000
 1.0604021E+000, 2.2397947E-002, 1.2088412E-005, 1.0000000E+000
 1.0620487E+000, 2.2327620E-002, 1.2199402E-005, 1.0000000E+000
 1.0641069E+000, 2.2258026E-002, 1.2312258E-005, 1.0000000E+000
 1.0661651E+000, 2.2181825E-002, 1.2438634E-005, 1.0000000E+000
 1.0682234E+000, 2.2107162E-002, 1.2564863E-005, 1.0000000E+000
 1.0702816E+000, 2.2034363E-002, 1.2689650E-005, 1.0000000E+000
 1.0723398E+000, 2.1963718E-002, 1.2811632E-005, 1.0000000E+000
 1.0743981E+000, 2.1895465E-002, 1.2929319E-005, 1.0000000E+000
 1.0760446E+000, 2.1836186E-002, 1.3030365E-005, 1.0000000E+000
 1.0781029E+000, 2.1779138E-002, 1.3125260E-005, 1.0000000E+000
 1.0801611E+000, 2.1718247E-002, 1.3222470E-005, 1.0000000E+000
 1.0822193E+000, 2.1659967E-002, 1.3309372E-005, 1.0000000E+000
 1.0842776E+000, 2.1604140E-002, 1.3384380E-005, 1.0000000E+000
 1.0863358E+000, 2.1550511E-002, 1.3445907E-005, 1.0000000E+000
 1.0883940E+000, 2.1498725E-002, 1.3492397E-005, 1.0000000E+000
 1.0900406E+000, 2.1453297E-002, 1.3520404E-005, 1.0000000E+000
 1.0920988E+000, 2.1408589E-002, 1.3533413E-005, 1.0000000E+000
 1.0941571E+000, 2.1359086E-002, 1.3529961E-005, 1.0000000E+000
 1.0962153E+000, 2.1308955E-002, 1.3506067E-005, 1.0000000E+000
 1.0982735E+000, 2.1257170E-002, 1.3460513E-005, 1.0000000E+000
 1.1003318E+000, 2.1202525E-002, 1.3392221E-005, 1.0000000E+000
 1.1023900E+000, 2.1143630E-002, 1.3300268E-005, 1.0000000E+000
 1.1040366E+000, 2.1085822E-002, 1.3197029E-005, 1.0000000E+000
 1.1060948E+000, 2.1021890E-002, 1.3072836E-005, 1.0000000E+000
 1.1081530E+000, 2.0942538E-002, 1.2911190E-005, 1.0000000E+000
 1.1102113E+000, 2.0852676E-002, 1.2723993E-005, 1.0000000E+000
 1.1122695E+000, 2.0750732E-002, 1.2511238E-005, 1.0000000E+000
 1.1143277E+000, 2.0635344E-002, 1.2273153E-005, 1.0000000E+000
 1.1163860E+000, 2.0505446E-002, 1.2010219E-005, 1.0000000E+000
 1.1180326E+000, 2.0375791E-002, 1.1753284E-005, 1.0000000E+000
 1.1200908E+000, 2.0233173E-002, 1.1695400E-005, 1.0000000E+000
 1.1221490E+000, 2.0060486E-002, 1.2028240E-005, 1.0000000E+000
 1.1242072E+000, 1.9873241E-002, 1.2385222E-005, 1.0000000E+000
 1.1262655E+000, 1.9672659E-002, 1.2753383E-005, 1.0000000E+000
 1.1283237E+000, 1.9460436E-002, 1.3129669E-005, 1.0000000E+000
 1.1303819E+000, 1.9238630E-002, 1.3510765E-005, 1.0000000E+000
 1.1320285E+000, 1.9032727E-002, 1.3854959E-005, 1.0000000E+000
 1.1340868E+000, 1.8822228E-002, 1.4197352E-005, 1.0000000E+000
 1.1361450E+000, 1.8584673E-002, 1.4572263E-005, 1.0000000E+000
 1.1382032E+000, 1.8343821E-002, 1.4937304E-005, 1.0000000E+000
 1.1402614E+000, 1.8098832E-002, 1.5288149E-005, 1.0000000E+000
 1.1423197E+000, 1.7846739E-002, 1.5620331E-005, 1.0000000E+000
 1.1443779E+000, 1.7582015E-002, 1.5929269E-005, 1.0000000E+000
 1.1460245E+000, 1.7326719E-002, 1.6184066E-005, 1.0000000E+000
 1.1480827E+000, 1.7046258E-002, 1.6411847E-005, 1.0000000E+000
 1.1501410E+000, 1.6696813E-002, 1.6630710E-005, 1.0000000E+000
 1.1521992E+000, 1.6297350E-002, 1.6808389E-005, 1.0000000E+000
 1.1542574E+000, 1.5841647E-002, 1.6940172E-005, 1.0000000E+000
 1.1563156E+000, 1.5329330E-002, 1.7021421E-005, 1.0000000E+000
 1.1583739E+000, 1.4764672E-002, 1.7047615E-005, 1.0000000E+000
 1.1600205E+000, 1.4215006E-002, 1.7021465E-005, 1.0000000E+000
 1.1620787E+000, 1.3618022E-002, 1.6942274E-005, 1.0000000E+000
 1.1641369E+000, 1.2879201E-002, 1.6791900E-005, 1.0000000E+000
 1.1661952E+000, 1.2017887E-002, 1.6571299E-005, 1.0000000E+000
 1.1682534E+000, 1.0984320E-002, 1.6277293E-005, 1.0000000E+000
 1.1703116E+000, 9.7385778E-003, 1.5907177E-005, 1.0000000E+000
 1.1723699E+000, 8.2586252E-003, 1.5458795E-005, 1.0000000E+000
 1.1740164E+000, 6.7232579E-003, 1.4988256E-005, 1.0000000E+000
 1.1760747E+000, 4.9822427E-003, 1.4449989E-005, 1.0000000E+000
 1.1781329E+000, 2.8169790E-003, 1.3776471E-005, 1.0000000E+000
 1.1801911E+000, 4.0215906E-004, 1.3022624E-005, 1.0000000E+000
 1.1822494E+000,-2.2602326E-003, 1.2189760E-005, 1.0000000E+000
 1.1843076E+000,-5.1574695E-003, 1.1280019E-005, 1.0000000E+000
 1.1863658E+000,-8.2601764E-003, 1.0296393E-005, 1.0000000E+000
 1.1880124E+000,-1.1186335E-002, 1.0126730E-005, 1.0000000E+000
 1.1900706E+000,-1.4191855E-002, 1.1569886E-005, 1.0000000E+000
 1.1921289E+000,-1.7545385E-002, 1.3239956E-005, 1.0000000E+000
 1.1941871E+000,-2.0827750E-002, 1.4961290E-005, 1.0000000E+000
 1.1962453E+000,-2.3953011E-002, 1.6719022E-005, 1.0000000E+000
 1.1983036E+000,-2.6854660E-002, 1.8495748E-005, 1.0000000E+000
 1.2003618E+000,-2.9499033E-002, 2.0271329E-005, 1.0000000E+000
 1.2020084E+000,-3.1667288E-002, 2.1850092E-005, 1.0000000E+000
 1.2040666E+000,-3.3660151E-002, 2.3388973E-005, 1.0000000E+000
 1.2061248E+000,-3.5750684E-002, 2.5028940E-005, 1.0000000E+000
 1.2081831E+000,-3.7813185E-002, 2.6563711E-005, 1.0000000E+000
 1.2102413E+000,-3.9991703E-002, 2.7958382E-005, 1.0000000E+000
 1.2122995E+000,-4.2477239E-002, 2.9175057E-005, 1.0000000E+000
 1.2143578E+000,-4.5493506E-002, 3.0173099E-005, 1.0000000E+000
 1.2160043E+000,-4.8794702E-002, 3.0853449E-005, 1.0000000E+000
 1.2180626E+000,-5.2696890E-002, 3.1280242E-005, 1.0000000E+000
 1.2201208E+000,-5.7575471E-002, 3.1678090E-005, 1.0000000E+000
 1.2221790E+000,-6.2898060E-002, 3.2960213E-005, 1.0000000E+000
 1.2242373E+000,-6.8632295E-002, 3.4214208E-005, 1.0000000E+000
 1.2262955E+000,-7.4816092E-002, 3.5247344E-005, 1.0000000E+000
 1.2283537E+000,-8.1471574E-002, 3.5998753E-005, 1.0000000E+000
 1.2300003E+000,-8.7823918E-002, 3.6385287E-005, 1.0000000E+000
 1.2320585E+000,-9.4425230E-002, 3.6426221E-005, 1.0000000E+000
 1.2341168E+000,-1.0185351E-001, 3.6025579E-005, 1.0000000E+000
 1.2361750E+000,-1.0918589E-001, 3.5084734E-005, 1.0000000E+000
 1.2381508E+000,-1.1617897E-001, 2.9975051E-005, 1.0000000E+000
 1.2400028E+000,-1.2237859E-001, 2.6332590E-005, 1.0000000E+000
 1.2422253E+000,-1.2789452E-001, 2.4605846E-005, 1.0000000E+000
 1.2440773E+000,-1.3222325E-001, 2.3509822E-005, 1.0000000E+000
 1.2462998E+000,-1.3500587E-001, 2.2117128E-005, 1.0000000E+000
 1.2481518E+000,-1.3615809E-001, 2.0653381E-005, 1.0000000E+000
 1.2500039E+000,-1.3567420E-001, 2.4080433E-005, 1.0000000E+000
 1.2522264E+000,-1.3353151E-001, 2.9625887E-005, 1.0000000E+000
 1.2540784E+000,-1.2997561E-001, 3.5362455E-005, 1.0000000E+000
 1.2563009E+000,-1.2527126E-001, 4.1156086E-005, 1.0000000E+000
 1.2581529E+000,-1.1992543E-001, 4.6848644E-005, 1.0000000E+000
 1.2600050E+000,-1.1492335E-001, 4.8931398E-005, 1.0000000E+000
 1.2622274E+000,-1.0977831E-001, 5.5874458E-005, 1.0000000E+000
 1.2640795E+000,-1.0542302E-001, 5.9372733E-005, 1.0000000E+000
 1.2663019E+000,-1.0227953E-001, 6.4676616E-005, 1.0000000E+000
 1.2681540E+000,-1.0051245E-001, 6.8876312E-005, 1.0000000E+000
 1.2700060E+000,-1.0025044E-001, 6.9443705E-005, 1.0000000E+000
 1.2722285E+000,-1.0140866E-001, 7.1098553E-005, 1.0000000E+000
 1.2740805E+000,-1.0389197E-001, 7.2842256E-005, 1.0000000E+000
 1.2763030E+000,-1.0764172E-001, 7.9041176E-005, 1.0000000E+000
 1.2781551E+000,-1.1245461E-001, 8.4217765E-005, 1.0000000E+000
 1.2800071E+000,-1.1761383E-001, 8.5247946E-005, 1.0000000E+000
 1.2822296E+000,-1.2382335E-001, 8.0643686E-005, 1.0000000E+000
 1.2840816E+000,-1.3023428E-001, 7.2550186E-005, 1.0000000E+000
 1.2863041E+000,-1.3657273E-001, 7.1244116E-005, 1.0000000E+000
 1.2881561E+000,-1.4263230E-001, 6.1995338E-005, 1.0000000E+000
 1.2900082E+000,-1.4768611E-001, 5.7502840E-005, 1.0000000E+000
 1.2922306E+000,-1.5245031E-001, 5.3154032E-005, 1.0000000E+000
 1.2940827E+000,-1.5609710E-001, 7.0446150E-005, 1.0000000E+000
 1.2963052E+000,-1.5820389E-001, 6.8448225E-005, 1.3333333E+000
 1.2981572E+000,-1.5859093E-001, 5.7585586E-005, 1.6000000E+000
 1.3000093E+000,-1.5724767E-001, 3.5790698E-005, 2.0000000E+000
 1.3022317E+000,-1.5392125E-001, 4.3318565E-005, 2.0000000E+000
 1.3040838E+000,-1.4894565E-001, 4.9055234E-005, 2.0000000E+000
 1.3063062E+000,-1.4264005E-001, 5.4215401E-005, 2.0000000E+000
 1.3081583E+000,-1.3562962E-001, 5.5291406E-005, 2.0000000E+000
 1.3100103E+000,-1.2916174E-001, 5.2811014E-005, 2.0000000E+000
 1.3122328E+000,-1.2256823E-001, 4.9452128E-005, 2.0000000E+000
 1.3140848E+000,-1.1701267E-001, 6.2079761E-005, 1.8000000E+000
 1.3163073E+000,-1.1298276E-001, 7.0934525E-005, 1.6666667E+000
 1.3181593E+000,-1.1061953E-001, 5.0111798E-005, 2.0000000E+000
 1.3202314E+000,-1.0997308E-001, 4.7521541E-005, 2.0000000E+000
 1.3222283E+000,-1.1109492E-001, 7.5327439E-005, 1.3333333E+000
 1.3242252E+000,-1.1388665E-001, 9.5662667E-005, 1.0000000E+000
 1.3262220E+000,-1.1819258E-001, 5.9275025E-005, 1.6666667E+000
 1.3282189E+000,-1.2395702E-001, 4.7774809E-005, 2.0000000E+000
 1.3302158E+000,-1.3117581E-001, 4.5529280E-005, 2.0000000E+000
 1.3322126E+000,-1.3989413E-001, 5.8572718E-005, 1.5000000E+000
 1.3342095E+000,-1.5016349E-001, 7.0183541E-005, 1.3333333E+000
 1.3362064E+000,-1.6196937E-001, 4.7637458E-005, 2.0000000E+000
 1.3382032E+000,-1.7516906E-001, 4.9873999E-005, 2.0000000E+000
 1.3402001E+000,-1.8943568E-001, 4.8598413E-005, 1.8333333E+000
 1.3421970E+000,-2.0418566E-001, 4.7117885E-005, 2.0000000E+000
 1.3441939E+000,-2.1855358E-001, 5.1567368E-005, 2.0000000E+000
 1.3461907E+000,-2.3149874E-001, 5.4209853E-005, 2.0000000E+000
 1.3481876E+000,-2.4200492E-001, 6.1038201E-005, 2.0000000E+000
 1.3501845E+000,-2.4925215E-001, 6.4112397E-005, 2.0000000E+000
 1.3521813E+000,-2.5268757E-001, 6.3943595E-005, 2.0000000E+000
 1.3541782E+000,-2.5201364E-001, 6.5121468E-005, 2.0000000E+000
 1.3561751E+000,-2.4715640E-001, 7.4476264E-005, 2.0000000E+000
 1.3581720E+000,-2.3826771E-001, 8.5261784E-005, 2.1666667E+000
 1.3601688E+000,-2.2577718E-001, 5.6625354E-005, 2.8333333E+000
 1.3621657E+000,-2.1045948E-001, 5.5824745E-005, 3.0000000E+000
 1.3641284E+000,-1.9351398E-001, 6.7207990E-005, 2.6782531E+000
 1.3662193E+000,-1.7547101E-001, 7.7430896E-005, 2.0000000E+000
 1.3680115E+000,-1.5929596E-001, 6.6563036E-005, 2.0000000E+000
 1.3701024E+000,-1.4461265E-001, 7.3931078E-005, 2.0000000E+000
 1.3721933E+000,-1.3078461E-001, 7.6620369E-005, 2.0000000E+000
 1.3742842E+000,-1.1915715E-001, 6.3275713E-005, 2.0000000E+000
 1.3760764E+000,-1.1032058E-001, 5.1394191E-005, 2.0000000E+000
 1.3781673E+000,-1.0343085E-001, 4.7334846E-005, 1.8571429E+000
 1.3802582E+000,-9.8099967E-002, 5.9572218E-005, 1.5714286E+000
 1.3820504E+000,-9.5143644E-002, 5.6655833E-005, 1.8333333E+000
 1.3841413E+000,-9.4338731E-002, 6.4737617E-005, 2.0000000E+000
 1.3862322E+000,-9.6033281E-002, 8.4824500E-005, 2.1428571E+000
 1.3880244E+000,-1.0018985E-001, 5.6937498E-005, 2.8333333E+000
 1.3901153E+000,-1.0704953E-001, 4.8083848E-005, 3.0000000E+000
 1.3922062E+000,-1.1730200E-001, 4.3072317E-005, 3.0000000E+000
 1.3942971E+000,-1.3022772E-001, 7.2880186E-005, 2.4285714E+000
 1.3960893E+000,-1.4396349E-001, 4.4888549E-005, 3.0000000E+000
 1.3981802E+000,-1.5844171E-001, 5.1614682E-005, 3.0000000E+000
 1.4002711E+000,-1.7349311E-001, 6.6818877E-005, 3.0000000E+000
 1.4020633E+000,-1.8572199E-001, 7.9700538E-005, 3.0000000E+000
 1.4041542E+000,-1.9507574E-001, 8.8236801E-005, 3.1428571E+000
 1.4062451E+000,-2.0116111E-001, 7.9208155E-005, 3.5714286E+000
 1.4080373E+000,-2.0259413E-001, 6.6947103E-005, 4.0000000E+000
 1.4100046E+000,-1.9964903E-001, 8.4794000E-005, 3.3036618E+000
 1.4121471E+000,-1.9150526E-001, 7.9349019E-005, 3.0000000E+000
 1.4140217E+000,-1.7882771E-001, 7.0147707E-005, 2.8571429E+000
 1.4161641E+000,-1.6153403E-001, 8.4051240E-005, 2.1250000E+000
 1.4180388E+000,-1.4025460E-001, 5.3825206E-005, 2.0000000E+000
 1.4201812E+000,-1.1549801E-001, 6.2309969E-005, 1.7500000E+000
 1.4220558E+000,-8.8372295E-002, 7.6579662E-005, 2.0000000E+000
 1.4241983E+000,-6.0139655E-002, 8.6976434E-005, 2.1250000E+000
 1.4260729E+000,-3.2375177E-002, 8.2886071E-005, 2.0000000E+000
 1.4282153E+000,-6.5267193E-003, 8.4203200E-005, 2.2500000E+000
 1.4300900E+000, 1.6689350E-002, 5.9274350E-005, 3.0000000E+000
 1.4322324E+000, 3.7043752E-002, 7.7962290E-005, 2.5000000E+000
 1.4341070E+000, 5.4992715E-002, 7.4609795E-005, 2.5714286E+000
 1.4362495E+000, 7.0835212E-002, 6.2090514E-005, 3.0000000E+000
 1.4381241E+000, 8.4788134E-002, 6.2212361E-005, 2.8571429E+000
 1.4402666E+000, 9.6191164E-002, 8.5085223E-005, 2.0000000E+000
 1.4421412E+000, 1.0504858E-001, 8.3447192E-005, 2.0000000E+000
 1.4440158E+000, 1.0967978E-001, 8.0800119E-005, 2.2857143E+000
 1.4461583E+000, 1.1019717E-001, 4.9255279E-005, 3.0000000E+000
 1.4480329E+000, 1.0634959E-001, 5.7739940E-005, 3.0000000E+000
 1.4501753E+000, 9.7798458E-002, 6.5961696E-005, 2.7500000E+000
 1.4520500E+000, 8.5078378E-002, 7.4397303E-005, 2.5714286E+000
 1.4541924E+000, 6.8320305E-002, 6.9541540E-005, 3.0000000E+000
 1.4560670E+000, 4.7758263E-002, 8.6556755E-005, 3.1428571E+000
 1.4582095E+000, 2.3393581E-002, 7.2495835E-005, 3.7500000E+000
 1.4600841E+000,-3.9107653E-003, 8.3636277E-005, 3.1428571E+000
 1.4622265E+000,-3.2927922E-002, 7.2629143E-005, 3.0000000E+000
 1.4641012E+000,-6.2063719E-002, 6.8445565E-005, 3.0000000E+000
 1.4662436E+000,-8.9801206E-002, 6.5718371E-005, 2.8750000E+000
 1.4681182E+000,-1.1484289E-001, 6.6868239E-005, 2.1428571E+000
 1.4702607E+000,-1.3579390E-001, 7.5493922E-005, 2.0000000E+000
 1.4721353E+000,-1.5187798E-001, 5.9236583E-005, 2.0000000E+000
 1.4740099E+000,-1.6181007E-001, 7.0334203E-005, 2.0000000E+000
 1.4761524E+000,-1.6677892E-001, 6.7341902E-005, 2.6250000E+000
 1.4780270E+000,-1.6617220E-001, 6.6581936E-005, 2.7142857E+000
 1.4801695E+000,-1.6017318E-001, 7.7545609E-005, 2.5000000E+000
 1.4820441E+000,-1.4976829E-001, 7.5024036E-005, 2.7142857E+000
 1.4841865E+000,-1.3587440E-001, 6.5014184E-005, 3.0000000E+000
 1.4860612E+000,-1.1988075E-001, 6.4363729E-005, 3.0000000E+000
 1.4882036E+000,-1.0301645E-001, 7.0854286E-005, 3.0000000E+000
 1.4900782E+000,-8.6562340E-002, 7.2177536E-005, 3.0000000E+000
 1.4922207E+000,-7.1633480E-002, 6.6465984E-005, 3.0000000E+000
 1.4940953E+000,-5.8736991E-002, 6.0439502E-005, 2.8571429E+000
 1.4962377E+000,-4.8007960E-002, 7.8816065E-005, 2.3750000E+000
 1.4981124E+000,-3.9126734E-002, 6.0758617E-005, 3.0000000E+000
 1.5002548E+000,-3.1939678E-002, 6.7841855E-005, 3.0000000E+000
 1.5021294E+000,-2.6291854E-002, 8.1333719E-005, 3.0000000E+000
 1.5040041E+000,-2.2561916E-002, 9.3455024E-005, 3.0000000E+000
 1.5061465E+000,-2.0499210E-002, 8.1507362E-005, 3.5000000E+000
 1.5080211E+000,-2.0728131E-002, 8.2487789E-005, 3.5714286E+000
 1.5101636E+000,-2.3756523E-002, 7.3247315E-005, 4.0000000E+000
 1.5120382E+000,-2.9803387E-002, 8.1152361E-005, 3.7142857E+000
 1.5141807E+000,-3.9264942E-002, 8.5648636E-005, 3.0000000E+000
 1.5160553E+000,-5.2139971E-002, 8.3713618E-005, 2.4285714E+000
 1.5181977E+000,-6.8544634E-002, 6.9075550E-005, 2.3750000E+000
 1.5200455E+000,-8.7804477E-002, 5.0816529E-005, 2.7246687E+000
 1.5222140E+000,-1.0957560E-001, 7.0420579E-005, 2.2222222E+000
 1.5241416E+000,-1.3175433E-001, 7.3251096E-005, 2.2500000E+000
 1.5260691E+000,-1.5167656E-001, 6.5487493E-005, 2.0000000E+000
 1.5282376E+000,-1.7027400E-001, 7.0186814E-005, 2.3333333E+000
 1.5301652E+000,-1.8484148E-001, 5.6541384E-005, 3.0000000E+000
 1.5320928E+000,-1.9363498E-001, 7.5911970E-005, 2.2500000E+000
 1.5340203E+000,-1.9709424E-001, 8.3001109E-005, 2.0000000E+000
 1.5361888E+000,-1.9483795E-001, 8.4790988E-005, 2.0000000E+000
 1.5381164E+000,-1.8721854E-001, 9.0850001E-005, 2.0000000E+000
 1.5400439E+000,-1.7600675E-001, 6.6963767E-005, 2.7500000E+000
 1.5422124E+000,-1.6133336E-001, 7.5463348E-005, 2.4444444E+000
 1.5440677E+000,-1.4625372E-001, 8.7863348E-005, 2.1428571E+000
 1.5461880E+000,-1.3152998E-001, 7.3833389E-005, 2.3750000E+000
 1.5480433E+000,-1.1852940E-001, 7.6178547E-005, 2.2857143E+000
 1.5501636E+000,-1.0793902E-001, 7.7609797E-005, 2.0000000E+000
 1.5520189E+000,-9.9792548E-002, 9.0059957E-005, 2.0000000E+000
 1.5541392E+000,-9.4067049E-002, 9.1224446E-005, 2.1250000E+000
 1.5562595E+000,-9.0177826E-002, 7.1781004E-005, 2.7500000E+000
 1.5581148E+000,-8.8171848E-002, 8.2970694E-005, 3.0000000E+000
 1.5602351E+000,-8.7470678E-002, 9.0409241E-005, 3.1250000E+000
 1.5620904E+000,-8.7972314E-002, 8.9565634E-005, 3.0000000E+000
 1.5642107E+000,-8.9867191E-002, 7.9390613E-005, 3.0000000E+000
 1.5660660E+000,-9.3143069E-002, 7.8153298E-005, 3.0000000E+000
 1.5681863E+000,-9.7600639E-002, 8.1529253E-005, 3.0000000E+000
 1.5700416E+000,-1.0259091E-001, 7.8233985E-005, 2.8571429E+000
 1.5721619E+000,-1.0716601E-001, 8.1809298E-005, 2.3750000E+000
 1.5740172E+000,-1.1013454E-001, 7.1349880E-005, 2.0000000E+000
 1.5761375E+000,-1.1005867E-001, 4.9381104E-005, 2.0000000E+000
 1.5782578E+000,-1.0562146E-001, 5.3658278E-005, 2.0000000E+000
 1.5801131E+000,-9.7228228E-002, 7.8505438E-005, 2.2857143E+000
 1.5822334E+000,-8.5384369E-002, 7.6506582E-005, 2.5000000E+000
 1.5840887E+000,-7.1294775E-002, 7.2901030E-005, 2.5714286E+000
 1.5862090E+000,-5.5792856E-002, 6.0288549E-005, 3.0000000E+000
 1.5880643E+000,-3.9742458E-002, 6.7884940E-005, 3.0000000E+000
 1.5901846E+000,-2.4136098E-002, 6.2443050E-005, 3.0000000E+000
 1.5920399E+000,-1.0136921E-002, 6.6517869E-005, 3.0000000E+000
 1.5941602E+000, 9.2992750E-004, 7.9780420E-005, 3.0000000E+000
 1.5960155E+000, 8.2197941E-003, 8.6773810E-005, 3.0000000E+000
 1.5981358E+000, 1.0974763E-002, 8.2964079E-005, 3.0000000E+000
 1.6002561E+000, 8.9875857E-003, 5.5446658E-005, 3.0000000E+000
 1.6021114E+000, 2.8374910E-003, 6.1791496E-005, 2.8571429E+000
 1.6042317E+000,-7.0331974E-003, 6.4725318E-005, 3.0000000E+000
 1.6060870E+000,-1.9881893E-002, 7.6902050E-005, 3.0000000E+000
 1.6082073E+000,-3.5286993E-002, 8.6582078E-005, 3.2500000E+000
 1.6100626E+000,-5.2711554E-002, 8.2264499E-005, 3.4285714E+000
 1.6121829E+000,-7.1924351E-002, 8.2524590E-005, 3.5000000E+000
 1.6140382E+000,-9.2608593E-002, 8.4984194E-005, 3.5714286E+000
 1.6161585E+000,-1.1455966E-001, 7.3842119E-005, 4.0000000E+000
 1.6180138E+000,-1.3730661E-001, 8.0071061E-005, 3.5714286E+000
 1.6201341E+000,-1.6012862E-001, 8.3214078E-005, 2.6250000E+000
 1.6222544E+000,-1.8327234E-001, 7.0011451E-005, 2.2500000E+000
 1.6241097E+000,-2.0233085E-001, 5.5327161E-005, 2.4285714E+000
 1.6261231E+000,-2.1684053E-001, 6.2386706E-005, 2.2632686E+000
 1.6280297E+000,-2.2594991E-001, 6.4611238E-005, 2.6250000E+000
 1.6301746E+000,-2.2807798E-001, 7.2650210E-005, 2.1111111E+000
 1.6320812E+000,-2.2275494E-001, 7.0017558E-005, 2.0000000E+000
 1.6342261E+000,-2.1001843E-001, 6.4001838E-005, 2.6666667E+000
 1.6361327E+000,-1.9124127E-001, 6.5082281E-005, 2.7500000E+000
 1.6380393E+000,-1.6941618E-001, 8.1462588E-005, 2.0000000E+000
 1.6401842E+000,-1.4375603E-001, 8.3947058E-005, 2.0000000E+000
 1.6420908E+000,-1.1741541E-001, 9.1567890E-005, 2.0000000E+000
 1.6442357E+000,-9.1939103E-002, 6.9195228E-005, 2.6666667E+000
 1.6461423E+000,-6.8424357E-002, 5.9781582E-005, 2.8750000E+000
 1.6480489E+000,-4.8873874E-002, 8.4268781E-005, 2.0000000E+000
 1.6501938E+000,-3.1436788E-002, 7.8567107E-005, 2.0000000E+000
 1.6521004E+000,-1.7865405E-002, 7.5361641E-005, 2.0000000E+000
 1.6540070E+000,-9.2885429E-003, 6.7406729E-005, 2.0000000E+000
 1.6560804E+000,-5.2179417E-003, 8.2580160E-005, 2.0000000E+000
 1.6581777E+000,-6.7300637E-003, 9.2724848E-005, 2.0000000E+000
 1.6600128E+000,-1.3680726E-002, 7.5338743E-005, 2.5714286E+000
 1.6621100E+000,-2.5852050E-002, 7.3098680E-005, 3.0000000E+000
 1.6642073E+000,-4.3563172E-002, 8.8587691E-005, 3.0000000E+000
 1.6660424E+000,-6.3439163E-002, 8.6772113E-005, 3.0000000E+000
 1.6681396E+000,-8.5055098E-002, 8.1146547E-005, 3.0000000E+000
 1.6702369E+000,-1.0810755E-001, 7.8981884E-005, 3.0000000E+000
 1.6720720E+000,-1.2798039E-001, 8.3081305E-005, 3.0000000E+000
 1.6741692E+000,-1.4446271E-001, 8.1195396E-005, 3.0000000E+000
 1.6760043E+000,-1.5650654E-001, 7.9365729E-005, 2.5714286E+000
 1.6781016E+000,-1.6323273E-001, 8.5806987E-005, 2.0000000E+000
 1.6801988E+000,-1.6477561E-001, 6.2431722E-005, 2.0000000E+000
 1.6820339E+000,-1.6166501E-001, 5.3097739E-005, 2.0000000E+000
 1.6841311E+000,-1.5523975E-001, 7.8255085E-005, 2.2500000E+000
 1.6862284E+000,-1.4638343E-001, 5.3580215E-005, 3.0000000E+000
 1.6880635E+000,-1.3750302E-001, 8.0982050E-005, 2.4285714E+000
 1.6901607E+000,-1.2910145E-001, 6.2755091E-005, 3.0000000E+000
 1.6922580E+000,-1.2138154E-001, 7.1402068E-005, 3.0000000E+000
 1.6940931E+000,-1.1566604E-001, 6.3546926E-005, 3.0000000E+000
 1.6961903E+000,-1.1165383E-001, 6.9547685E-005, 3.0000000E+000
 1.6980254E+000,-1.0937615E-001, 8.4664530E-005, 3.0000000E+000
 1.7001227E+000,-1.0901666E-001, 9.3546534E-005, 3.0000000E+000
 1.7022199E+000,-1.1079895E-001, 8.5972673E-005, 3.0000000E+000
 1.7040550E+000,-1.1460562E-001, 5.7269859E-005, 3.0000000E+000
 1.7061523E+000,-1.2065730E-001, 6.5684058E-005, 2.8750000E+000
 1.7082495E+000,-1.2966691E-001, 6.7786885E-005, 3.0000000E+000
 1.7100846E+000,-1.4074157E-001, 8.4207586E-005, 3.0000000E+000
 1.7121819E+000,-1.5474707E-001, 8.1007409E-005, 3.5000000E+000
 1.7140170E+000,-1.7175253E-001, 8.6793141E-005, 3.4285714E+000
 1.7161142E+000,-1.9184872E-001, 8.4661042E-005, 3.5000000E+000
 1.7182115E+000,-2.1612425E-001, 7.9927451E-005, 3.7500000E+000
 1.7200466E+000,-2.4051886E-001, 7.5422083E-005, 4.0000000E+000
 1.7221438E+000,-2.6451097E-001, 8.4275119E-005, 3.3750000E+000
 1.7242411E+000,-2.8644559E-001, 8.1573400E-005, 2.5000000E+000
 1.7260761E+000,-3.0029513E-001, 6.8182430E-005, 2.1428571E+000
 1.7281734E+000,-3.0461102E-001, 4.8594652E-005, 2.6250000E+000
 1.7300607E+000,-2.9804137E-001, 6.9732660E-005, 2.0000000E+000
 1.7321839E+000,-2.8102368E-001, 6.2426637E-005, 2.7777778E+000
 1.7340713E+000,-2.5652346E-001, 7.2170127E-005, 2.0000000E+000
 1.7361945E+000,-2.2768416E-001, 7.7756851E-005, 2.0000000E+000
 1.7380818E+000,-1.9871218E-001, 5.4773356E-005, 3.0000000E+000
 1.7402050E+000,-1.7237298E-001, 7.4317760E-005, 2.4444444E+000
 1.7420924E+000,-1.5000898E-001, 8.2339989E-005, 2.0000000E+000
 1.7442156E+000,-1.3212082E-001, 9.0283152E-005, 2.0000000E+000
 1.7461029E+000,-1.1826468E-001, 8.5417557E-005, 2.2500000E+000
 1.7482261E+000,-1.0802922E-001, 6.2607278E-005, 2.8888889E+000
 1.7501135E+000,-1.0058050E-001, 7.7126514E-005, 2.3750000E+000
 1.7520008E+000,-9.5531076E-002, 8.1529223E-005, 2.0000000E+000
 1.7541240E+000,-9.1638068E-002, 7.8552965E-005, 2.0000000E+000
 1.7560113E+000,-8.8784238E-002, 7.5608049E-005, 2.0000000E+000
 1.7581817E+000,-8.6614827E-002, 7.1301500E-005, 2.0000000E+000
 1.7602578E+000,-8.4745614E-002, 8.8180599E-005, 2.0000000E+000
 1.7620743E+000,-8.3381704E-002, 8.6064696E-005, 2.1428571E+000
 1.7641504E+000,-8.2151478E-002, 6.8968690E-005, 2.8750000E+000
 1.7662264E+000,-8.0854714E-002, 8.2093275E-005, 3.0000000E+000
 1.7680430E+000,-7.9499878E-002, 8.9930897E-005, 3.0000000E+000
 1.7701190E+000,-7.7788071E-002, 8.4352273E-005, 3.0000000E+000
 1.7721951E+000,-7.5275969E-002, 8.1021820E-005, 3.0000000E+000
 1.7740116E+000,-7.1988414E-002, 8.2368171E-005, 3.0000000E+000
 1.7760877E+000,-6.7586100E-002, 8.5146177E-005, 3.0000000E+000
 1.7781637E+000,-6.1773603E-002, 7.9786983E-005, 2.8750000E+000
 1.7802398E+000,-5.5245779E-002, 8.2884320E-005, 2.2500000E+000
 1.7820563E+000,-4.9209853E-002, 7.4736962E-005, 2.0000000E+000
 1.7841323E+000,-4.4144606E-002, 5.5815483E-005, 2.0000000E+000
 1.7861044E+000,-4.0493710E-002, 7.0372885E-005, 2.0000000E+000
 1.7882061E+000,-3.9162217E-002, 7.9807303E-005, 2.3333333E+000
 1.7900742E+000,-4.0319688E-002, 8.9192184E-005, 2.1250000E+000
 1.7921759E+000,-4.3613776E-002, 7.7978975E-005, 2.4444444E+000
 1.7940440E+000,-4.8660968E-002, 5.9585069E-005, 3.0000000E+000
 1.7961457E+000,-5.5245242E-002, 6.3469821E-005, 2.8888889E+000
 1.7980138E+000,-6.3143051E-002, 5.9144755E-005, 2.8750000E+000
 1.8001155E+000,-7.2380570E-002, 6.7179310E-005, 3.0000000E+000
 1.8022171E+000,-8.3705811E-002, 7.7325260E-005, 3.0000000E+000
 1.8040853E+000,-9.6122592E-002, 7.6076905E-005, 3.0000000E+000
 1.8061869E+000,-1.1068172E-001, 5.4028868E-005, 3.0000000E+000
 1.8081952E+000,-1.2844760E-001, 6.9600980E-005, 2.7674419E+000
 1.8102501E+000,-1.4934112E-001, 6.9018407E-005, 3.0000000E+000
 1.8120482E+000,-1.7261720E-001, 7.7808763E-005, 3.0000000E+000
 1.8141031E+000,-1.9957543E-001, 7.8353731E-005, 3.5000000E+000
 1.8161581E+000,-2.3202988E-001, 7.8689132E-005, 3.6250000E+000
 1.8182130E+000,-2.6749002E-001, 8.4916188E-005, 3.5000000E+000
 1.8200111E+000,-3.0174174E-001, 8.5435065E-005, 3.5714286E+000
 1.8220661E+000,-3.3393551E-001, 7.4751124E-005, 4.0000000E+000
 1.8241210E+000,-3.6162188E-001, 8.3588759E-005, 3.5000000E+000
 1.8261760E+000,-3.7866006E-001, 8.4908793E-005, 2.5000000E+000
 1.8282309E+000,-3.8530795E-001, 6.0929534E-005, 2.3750000E+000
 1.8300290E+000,-3.7452235E-001, 6.4683310E-005, 2.2857143E+000
 1.8320840E+000,-3.4858062E-001, 7.8872354E-005, 2.1250000E+000
 1.8341389E+000,-3.0954336E-001, 6.2925867E-005, 3.0000000E+000
 1.8361939E+000,-2.6536436E-001, 7.5143052E-005, 2.2500000E+000
 1.8382488E+000,-2.2046340E-001, 8.9979563E-005, 2.1250000E+000
 1.8400469E+000,-1.8151558E-001, 6.5527195E-005, 3.0000000E+000
 1.8421019E+000,-1.4708906E-001, 7.1733538E-005, 2.7500000E+000
 1.8441568E+000,-1.1630463E-001, 8.6090349E-005, 2.2500000E+000
 1.8462118E+000,-9.0287530E-002, 8.1819704E-005, 2.5000000E+000
 1.8480098E+000,-6.9312870E-002, 6.8741055E-005, 2.8571429E+000
 1.8500648E+000,-5.1087466E-002, 6.9303354E-005, 3.0000000E+000
 1.8521197E+000,-3.3284141E-002, 6.8085407E-005, 2.7500000E+000
 1.8541747E+000,-1.6261994E-002, 7.7008463E-005, 2.3750000E+000
 1.8562296E+000, 6.8363449E-004, 8.2200178E-005, 2.2500000E+000
 1.8580277E+000, 1.6651069E-002, 7.6109627E-005, 2.2857143E+000
 1.8600827E+000, 3.2344120E-002, 8.3015353E-005, 2.0000000E+000
 1.8621376E+000, 4.7744586E-002, 8.7483031E-005, 2.0000000E+000
 1.8641926E+000, 5.9889330E-002, 8.3004936E-005, 2.2500000E+000
 1.8662475E+000, 6.4226300E-002, 7.0735273E-005, 2.8750000E+000
 1.8680456E+000, 5.7085676E-002, 8.3004981E-005, 3.0000000E+000
 1.8701006E+000, 4.4337629E-002, 8.9501942E-005, 3.0000000E+000
 1.8721555E+000, 2.5207635E-002, 8.4620635E-005, 3.0000000E+000
 1.8742105E+000, 1.0502077E-003, 8.1943139E-005, 3.0000000E+000
 1.8760085E+000,-2.2665669E-002, 8.3019393E-005, 3.0000000E+000
 1.8780635E+000,-4.4550724E-002, 8.5747651E-005, 3.0000000E+000
 1.8801184E+000,-6.3890118E-002, 7.9533758E-005, 2.8750000E+000
 1.8821734E+000,-7.7788901E-002, 8.9718905E-005, 2.1250000E+000
 1.8842283E+000,-8.6128488E-002, 7.3691536E-005, 2.0000000E+000
 1.8860264E+000,-8.9945471E-002, 5.5613343E-005, 2.0000000E+000
 1.8881831E+000,-9.0856750E-002, 7.7615071E-005, 2.0000000E+000
 1.8900312E+000,-9.0362783E-002, 7.6372163E-005, 2.5000000E+000
 1.8921102E+000,-8.9429254E-002, 8.5184176E-005, 2.2222222E+000
 1.8941893E+000,-8.8616814E-002, 6.9335504E-005, 2.6666667E+000
 1.8960374E+000,-8.8477943E-002, 6.0880975E-005, 3.0000000E+000
 1.8981164E+000,-8.9290286E-002, 6.2624273E-005, 2.8888889E+000
 1.9001955E+000,-9.1397078E-002, 5.7336674E-005, 3.0000000E+000
 1.9020436E+000,-9.4743410E-002, 7.2288304E-005, 3.0000000E+000
 1.9041226E+000,-9.9648518E-002, 8.0748613E-005, 3.0000000E+000
 1.9062017E+000,-1.0677310E-001, 7.3135390E-005, 3.0000000E+000
 1.9080498E+000,-1.1565361E-001, 5.6684361E-005, 2.8750000E+000
 1.9100827E+000,-1.2689490E-001, 6.3511089E-005, 3.0000000E+000
 1.9121155E+000,-1.4167557E-001, 7.0998120E-005, 3.0000000E+000
 1.9141484E+000,-1.6006179E-001, 8.2556617E-005, 3.1250000E+000
 1.9161813E+000,-1.8258583E-001, 7.1349823E-005, 3.7500000E+000
 1.9182141E+000,-2.0979339E-001, 8.1419616E-005, 3.6250000E+000
 1.9202470E+000,-2.4985096E-001, 8.6016525E-005, 3.5000000E+000
 1.9220258E+000,-2.9288264E-001, 8.2653071E-005, 3.7142857E+000
 1.9240586E+000,-3.3210999E-001, 7.5983827E-005, 4.0000000E+000
 1.9260915E+000,-3.6620266E-001, 8.1874025E-005, 3.2500000E+000
 1.9281244E+000,-3.8571178E-001, 6.7103037E-005, 2.6250000E+000
 1.9301573E+000,-3.8768323E-001, 6.8837584E-005, 2.0000000E+000
 1.9321901E+000,-3.7228378E-001, 5.7418483E-005, 2.6250000E+000
 1.9342230E+000,-3.4119278E-001, 6.9649276E-005, 2.5000000E+000
 1.9360018E+000,-3.0287547E-001, 6.6534402E-005, 2.8571429E+000
 1.9380346E+000,-2.6176083E-001, 8.9210623E-005, 2.0000000E+000
 1.9400675E+000,-2.1817937E-001, 7.6472023E-005, 2.5000000E+000
 1.9421004E+000,-1.7849037E-001, 6.9950924E-005, 3.0000000E+000
 1.9441332E+000,-1.4307064E-001, 7.3874258E-005, 2.5000000E+000
 1.9461661E+000,-1.1174367E-001, 8.3872165E-005, 2.3750000E+000
 1.9481990E+000,-8.3781582E-002, 7.9992567E-005, 2.6250000E+000
 1.9502319E+000,-5.8294009E-002, 6.5923130E-005, 3.0000000E+000
 1.9520106E+000,-3.5733763E-002, 6.6259046E-005, 3.0000000E+000
 1.9540435E+000,-1.3755951E-002, 7.6642307E-005, 2.5000000E+000
 1.9560764E+000, 9.3874743E-003, 7.5541355E-005, 2.3750000E+000
 1.9581092E+000, 3.1828989E-002, 7.7457705E-005, 2.3750000E+000
 1.9601421E+000, 5.2297855E-002, 8.8590324E-005, 2.0000000E+000
 1.9621750E+000, 6.8362740E-002, 8.3143169E-005, 2.0000000E+000
 1.9642078E+000, 7.0301029E-002, 9.0310156E-005, 2.0000000E+000
 1.9662407E+000, 6.3306623E-002, 6.7930096E-005, 2.7500000E+000
 1.9680195E+000, 5.0340659E-002, 7.4734684E-005, 3.0000000E+000
 1.9700524E+000, 3.0037504E-002, 8.7414655E-005, 3.0000000E+000
 1.9720852E+000, 2.7049904E-003, 8.6819809E-005, 3.0000000E+000
 1.9741181E+000,-2.6540922E-002, 8.4463311E-005, 3.0000000E+000
 1.9761510E+000,-5.4231968E-002, 8.2201771E-005, 3.0000000E+000
 1.9781838E+000,-7.7345743E-002, 8.5530573E-005, 3.0000000E+000
 1.9802167E+000,-9.3988801E-002, 8.2192412E-005, 3.0000000E+000
 1.9822496E+000,-1.0371717E-001, 8.1716657E-005, 2.5000000E+000
 1.9840283E+000,-1.0755519E-001, 8.2089572E-005, 2.0000000E+000
 1.9860612E+000,-1.0756130E-001, 6.3737966E-005, 2.0000000E+000
 1.9880941E+000,-1.0508769E-001, 6.9884663E-005, 2.0000000E+000
 1.9901270E+000,-1.0143640E-001, 6.1149812E-005, 2.8750000E+000
 1.9921598E+000,-9.7662907E-002, 6.3440674E-005, 2.8750000E+000
 1.9941927E+000,-9.4447031E-002, 6.0124168E-005, 3.0000000E+000
 1.9962256E+000,-9.2201856E-002, 7.5367537E-005, 3.0000000E+000
 1.9980043E+000,-9.1185674E-002, 7.4537844E-005, 3.0000000E+000
 2.0000000E+000,-9.1358720E-002, 6.5204440E-005, 3.0000000E+000
