s,m3/s,m3/s,m/s,
Time,"flow_in","flow_out","error","iter"
 0.0000000E+000, 2.0896396E-003, 2.1388555E-003, 0.0000000E+000, 0.0000000E+000
 1.2500000E-001, 1.5152478E-005, 2.2167460E-003, 9.7691611E-004, 3.0000000E+000
 2.5000000E-001, 1.2367747E-001, 1.6578833E-002, 3.5814494E-003, 1.0000000E+003
 3.7500000E-001, 2.4407189E-001, 9.2857275E-002, 4.5184285E-003, 1.0000000E+003
 5.0000000E-001, 3.5765873E-001, 2.3042441E-001, 3.7321615E-003, 1.0000000E+003
 6.2500000E-001, 4.6178646E-001, 4.0111274E-001, 1.7673165E-003, 1.0000000E+003
 7.5000000E-001, 5.5480842E-001, 5.7071457E-001, 9.9819371E-004, 1.4100000E+002
 8.7500000E-001, 6.3560978E-001, 7.1591535E-001, 2.4556271E-003, 1.0000000E+003
 1.0000000E+000, 7.0452640E-001, 8.1573004E-001, 3.3130666E-003, 1.0000000E+003
 1.1250000E+000, 7.6219754E-001, 8.6980917E-001, 3.2193176E-003, 1.0000000E+003
 1.2500000E+000, 8.0975061E-001, 8.8951005E-001, 2.3978351E-003, 1.0000000E+003
 1.3750000E+000, 8.4852464E-001, 8.9079763E-001, 1.2846535E-003, 1.0000000E+003
 1.5000000E+000, 8.8017064E-001, 8.8945313E-001, 9.6562861E-004, 1.0000000E+001
 1.6250000E+000, 9.0550126E-001, 8.8840938E-001, 9.9480354E-004, 2.4000000E+001
 1.7500000E+000, 9.2534114E-001, 8.9384069E-001, 9.9950531E-004, 2.6900000E+002
 1.8750000E+000, 9.4122343E-001, 9.0170190E-001, 9.9981600E-004, 1.5700000E+002
 2.0000000E+000, 9.5385701E-001, 9.1936902E-001, 1.0058706E-003, 1.0000000E+003
 2.1250000E+000, 9.6385413E-001, 9.3624948E-001, 9.9902501E-004, 7.4000000E+001
 2.2500000E+000, 9.7181027E-001, 9.5176695E-001, 9.8142802E-004, 1.2000000E+001
 2.3750000E+000, 9.7807472E-001, 9.6717564E-001, 9.0065626E-004, 1.4000000E+001
 2.4851842E+000, 9.7836731E-001, 9.8092492E-001, 9.8899751E-004, 1.1000000E+001
 2.5953684E+000, 9.8621668E-001, 9.9439155E-001, 9.2853305E-004, 1.2000000E+001
 2.7055526E+000, 9.8909391E-001, 1.0077935E+000, 9.9388803E-004, 1.4000000E+001
 2.8157368E+000, 9.9129329E-001, 1.0199387E+000, 9.9881804E-004, 2.4000000E+001
 2.9259210E+000, 9.9304694E-001, 1.0285855E+000, 9.9884402E-004, 5.3000000E+001
 3.0361052E+000, 9.9445433E-001, 1.0289118E+000, 9.9986597E-004, 5.4600000E+002
 3.1462894E+000, 9.9558641E-001, 1.0285235E+000, 9.9979841E-004, 7.2000000E+001
 3.2564736E+000, 9.9649734E-001, 1.0280007E+000, 9.9655657E-004, 2.5000000E+001
 3.3551744E+000, 9.9649617E-001, 1.0266081E+000, 9.9955566E-004, 1.0300000E+002
 3.4538753E+000, 9.9769159E-001, 1.0253474E+000, 9.8602059E-004, 1.8000000E+001
 3.5525761E+000, 9.9812753E-001, 1.0239658E+000, 9.9938826E-004, 1.6000000E+001
 3.6512770E+000, 9.9847236E-001, 1.0225003E+000, 9.7881534E-004, 1.3000000E+001
 3.7499779E+000, 9.9875084E-001, 1.0209270E+000, 9.3409960E-004, 1.1000000E+001
 3.8486787E+000, 9.9897779E-001, 1.0192099E+000, 9.0901317E-004, 9.0000000E+000
 3.9473796E+000, 9.9916216E-001, 1.0171481E+000, 9.3479110E-004, 9.0000000E+000
 4.0460804E+000, 9.9931048E-001, 1.0146712E+000, 9.1128740E-004, 9.0000000E+000
 4.1447813E+000, 9.9942684E-001, 1.0118048E+000, 9.7150760E-004, 8.0000000E+000
 4.2434821E+000, 9.9951321E-001, 1.0085519E+000, 9.8022092E-004, 7.0000000E+000
 4.3421830E+000, 9.9957257E-001, 1.0049523E+000, 8.0309039E-004, 8.0000000E+000
 4.4408839E+000, 9.9961049E-001, 1.0010737E+000, 7.6726657E-004, 8.0000000E+000
 4.5395847E+000, 9.9963669E-001, 9.9699131E-001, 7.1573647E-004, 8.0000000E+000
 4.6382856E+000, 9.9965874E-001, 9.9290026E-001, 8.6537696E-004, 8.0000000E+000
 4.7369864E+000, 9.9967960E-001, 9.8902317E-001, 9.2303903E-004, 8.0000000E+000
 4.8356873E+000, 9.9969790E-001, 9.8548973E-001, 9.2406289E-004, 8.0000000E+000
 4.9343882E+000, 9.9971043E-001, 9.8229024E-001, 9.5119563E-004, 8.0000000E+000
 5.0330890E+000, 9.9971665E-001, 9.7928755E-001, 9.6718133E-004, 1.0000000E+001
 5.1317899E+000, 9.9972259E-001, 9.7643029E-001, 9.8882248E-004, 1.0000000E+001
 5.2304907E+000, 9.9973600E-001, 9.7373423E-001, 9.7777295E-004, 1.2000000E+001
 5.3291916E+000, 9.9975646E-001, 9.7124256E-001, 9.5520990E-004, 1.4000000E+001
 5.4278924E+000, 9.9978117E-001, 9.6901738E-001, 9.3711661E-004, 1.6000000E+001
 5.5265933E+000, 9.9980708E-001, 9.6722258E-001, 9.4791094E-004, 1.8000000E+001
 5.6252942E+000, 9.9983250E-001, 9.6602675E-001, 9.8072874E-004, 2.0000000E+001
 5.7239950E+000, 9.9985603E-001, 9.6554611E-001, 9.9670511E-004, 2.2000000E+001
 5.8226959E+000, 9.9987615E-001, 9.6572804E-001, 9.9948632E-004, 2.1000000E+001
 5.9213967E+000, 9.9989252E-001, 9.6648947E-001, 9.7358336E-004, 2.1000000E+001
 6.0200976E+000, 9.9990674E-001, 9.6777912E-001, 9.8240670E-004, 2.1000000E+001
 6.1187985E+000, 9.9992005E-001, 9.6951513E-001, 9.9574876E-004, 1.9000000E+001
 6.2174993E+000, 9.9993195E-001, 9.7156606E-001, 9.9427570E-004, 1.7000000E+001
 6.3162002E+000, 9.9994108E-001, 9.7379658E-001, 9.9908074E-004, 1.5000000E+001
 6.4149010E+000, 9.9994671E-001, 9.7605614E-001, 9.9656217E-004, 1.2000000E+001
 6.5136019E+000, 9.9994911E-001, 9.7824663E-001, 9.2694785E-004, 1.0000000E+001
 6.6123027E+000, 9.9994998E-001, 9.8031332E-001, 9.9532409E-004, 9.0000000E+000
 6.7110036E+000, 9.9995170E-001, 9.8226964E-001, 9.4837202E-004, 8.0000000E+000
 6.8097045E+000, 9.9995648E-001, 9.8408018E-001, 9.9145549E-004, 8.0000000E+000
 6.8975964E+000, 9.9996247E-001, 9.8559185E-001, 9.2887358E-004, 8.0000000E+000
 6.9854883E+000, 9.9996751E-001, 9.8708750E-001, 9.0079017E-004, 8.0000000E+000
 7.0733802E+000, 9.9996612E-001, 9.8843233E-001, 8.6241921E-004, 9.0000000E+000
 7.1612721E+000, 9.9995552E-001, 9.8953445E-001, 8.1714545E-004, 9.0000000E+000
 7.2491640E+000, 9.9993675E-001, 9.9028190E-001, 9.5679541E-004, 8.0000000E+000
 7.3370559E+000, 9.9991313E-001, 9.9055325E-001, 8.2786573E-004, 8.0000000E+000
 7.4249478E+000, 9.9988883E-001, 9.9030371E-001, 9.0096040E-004, 8.0000000E+000
 7.5128397E+000, 9.9986632E-001, 9.8952062E-001, 9.5134835E-004, 8.0000000E+000
 7.6007316E+000, 9.9984550E-001, 9.8820199E-001, 9.2747792E-004, 8.0000000E+000
 7.6886235E+000, 9.9982520E-001, 9.8642885E-001, 9.7625349E-004, 8.0000000E+000
 7.7765154E+000, 9.9980916E-001, 9.8347924E-001, 9.9997866E-004, 5.5000000E+001
 7.8644073E+000, 9.9980637E-001, 9.8041086E-001, 9.9905467E-004, 3.0000000E+001
 7.9522992E+000, 9.9980732E-001, 9.7735069E-001, 9.9783938E-004, 8.0000000E+000
 8.0401911E+000, 9.9981127E-001, 9.7440824E-001, 9.6965994E-004, 1.0000000E+001
 8.1280830E+000, 9.9982046E-001, 9.7169096E-001, 9.6930077E-004, 1.2000000E+001
 8.2159749E+000, 9.9984097E-001, 9.6957296E-001, 9.8451315E-004, 1.7000000E+001
 8.3038668E+000, 9.9987224E-001, 9.6845129E-001, 9.9604868E-004, 1.9000000E+001
 8.3917587E+000, 9.9990646E-001, 9.6821464E-001, 9.9763835E-004, 1.8000000E+001
 8.4796506E+000, 9.9993736E-001, 9.6856381E-001, 9.8437449E-004, 1.5000000E+001
 8.5675425E+000, 9.9996126E-001, 9.6927594E-001, 9.9664673E-004, 1.4000000E+001
 8.6554344E+000, 9.9997523E-001, 9.7039419E-001, 9.9918406E-004, 1.7000000E+001
 8.7433264E+000, 9.9998092E-001, 9.7183695E-001, 9.9954637E-004, 1.8000000E+001
 8.8312183E+000, 9.9998066E-001, 9.7340269E-001, 9.8774170E-004, 1.5000000E+001
 8.9191102E+000, 9.9997624E-001, 9.7493910E-001, 9.6702476E-004, 1.3000000E+001
 9.0070021E+000, 9.9996948E-001, 9.7633888E-001, 9.8620521E-004, 1.1000000E+001
 9.0948940E+000, 9.9996114E-001, 9.7753603E-001, 9.4000533E-004, 1.0000000E+001
 9.1827859E+000, 9.9995114E-001, 9.7850600E-001, 9.4884110E-004, 1.0000000E+001
 9.2706778E+000, 9.9993906E-001, 9.7925258E-001, 9.6530945E-004, 9.0000000E+000
 9.3585697E+000, 9.9992423E-001, 9.7980387E-001, 9.7164372E-004, 9.0000000E+000
 9.4464616E+000, 9.9990806E-001, 9.8015698E-001, 9.9981091E-004, 8.0000000E+000
 9.5343535E+000, 9.9989167E-001, 9.8035180E-001, 9.5672026E-004, 9.0000000E+000
 9.6222454E+000, 9.9987791E-001, 9.8041815E-001, 9.5908192E-004, 9.0000000E+000
 9.7101373E+000, 9.9986826E-001, 9.8036290E-001, 9.2369070E-004, 9.0000000E+000
 9.7980292E+000, 9.9986238E-001, 9.8015288E-001, 8.6677328E-004, 8.0000000E+000
 9.8859211E+000, 9.9985925E-001, 9.7975380E-001, 7.8898347E-004, 8.0000000E+000
 9.9738130E+000, 9.9985716E-001, 9.7914727E-001, 7.9162925E-004, 8.0000000E+000
 1.0061705E+001, 9.9985564E-001, 9.7829919E-001, 9.5515379E-004, 7.0000000E+000
 1.0149597E+001, 9.9985497E-001, 9.7723598E-001, 9.4883097E-004, 8.0000000E+000
 1.0237489E+001, 9.9985687E-001, 9.7598792E-001, 9.9162390E-004, 8.0000000E+000
 1.0325381E+001, 9.9986334E-001, 9.7451937E-001, 9.1246555E-004, 9.0000000E+000
 1.0413273E+001, 9.9987478E-001, 9.7281598E-001, 9.8847162E-004, 8.0000000E+000
 1.0501164E+001, 9.9988922E-001, 9.7101106E-001, 9.9491380E-004, 8.0000000E+000
 1.0589056E+001, 9.9990460E-001, 9.6935961E-001, 9.1303339E-004, 1.0000000E+001
 1.0676948E+001, 9.9991813E-001, 9.6813339E-001, 9.9266195E-004, 1.3000000E+001
 1.0764840E+001, 9.9992726E-001, 9.6787539E-001, 9.9263236E-004, 2.1000000E+001
 1.0852732E+001, 9.9993132E-001, 9.6861453E-001, 9.9593180E-004, 2.4000000E+001
 1.0940624E+001, 9.9993163E-001, 9.7030514E-001, 9.9807220E-004, 2.4000000E+001
 1.1028516E+001, 9.9993184E-001, 9.7274182E-001, 9.9423814E-004, 2.3000000E+001
 1.1116408E+001, 9.9993487E-001, 9.7573655E-001, 9.9803154E-004, 2.1000000E+001
 1.1204300E+001, 9.9994149E-001, 9.7929065E-001, 9.9180780E-004, 2.0000000E+001
 1.1292192E+001, 9.9995087E-001, 9.8338932E-001, 9.9619817E-004, 1.8000000E+001
 1.1380083E+001, 9.9996192E-001, 9.8811753E-001, 9.7298746E-004, 1.7000000E+001
 1.1467975E+001, 9.9997402E-001, 9.9344441E-001, 9.9889589E-004, 1.4000000E+001
 1.1555867E+001, 9.9998724E-001, 9.9949194E-001, 9.7398712E-004, 1.3000000E+001
 1.1643759E+001, 1.0000020E+000, 1.0062262E+000, 9.5110521E-004, 1.2000000E+001
 1.1731651E+001, 1.0000195E+000, 1.0134921E+000, 9.9926482E-004, 1.3000000E+001
 1.1819543E+001, 1.0000415E+000, 1.0209416E+000, 9.9845585E-004, 1.8000000E+001
 1.1907435E+001, 1.0000667E+000, 1.0282988E+000, 9.9306476E-004, 1.6000000E+001
 1.1995327E+001, 1.0000934E+000, 1.0352286E+000, 9.9032261E-004, 1.3000000E+001
 1.2083219E+001, 1.0001209E+000, 1.0415885E+000, 9.9881649E-004, 1.1000000E+001
 1.2171111E+001, 1.0001578E+000, 1.0436212E+000, 9.9904417E-004, 8.2000000E+001
 1.2259003E+001, 1.0001878E+000, 1.0432040E+000, 9.9987845E-004, 9.1000000E+001
 1.2346894E+001, 1.0001867E+000, 1.0361236E+000, 9.9984842E-004, 3.4500000E+002
 1.2434786E+001, 1.0001856E+000, 1.0292451E+000, 9.9988947E-004, 2.2000000E+001
 1.2522678E+001, 1.0001840E+000, 1.0227547E+000, 9.9817293E-004, 1.2000000E+001
 1.2610570E+001, 1.0001816E+000, 1.0166585E+000, 9.9861838E-004, 8.0000000E+000
 1.2698462E+001, 1.0001787E+000, 1.0110138E+000, 9.7659669E-004, 8.0000000E+000
 1.2786354E+001, 1.0001740E+000, 1.0060337E+000, 9.4941297E-004, 9.0000000E+000
 1.2874246E+001, 1.0001656E+000, 1.0017461E+000, 9.7907908E-004, 9.0000000E+000
 1.2962138E+001, 1.0001538E+000, 9.9808905E-001, 9.6498666E-004, 1.0000000E+001
 1.3050030E+001, 1.0001371E+000, 9.9483609E-001, 9.0579464E-004, 1.2000000E+001
 1.3137922E+001, 1.0001138E+000, 9.9167872E-001, 9.6324884E-004, 1.2000000E+001
 1.3225813E+001, 1.0000833E+000, 9.8853383E-001, 9.8766050E-004, 1.2000000E+001
 1.3313705E+001, 1.0000453E+000, 9.8544691E-001, 9.9323950E-004, 1.2000000E+001
 1.3401597E+001, 1.0000009E+000, 9.8250786E-001, 9.6728224E-004, 1.2000000E+001
 1.3489489E+001, 9.9995220E-001, 9.7975611E-001, 9.4131175E-004, 1.2000000E+001
 1.3577381E+001, 9.9990165E-001, 9.7718761E-001, 9.5660061E-004, 1.0000000E+001
 1.3665273E+001, 9.9985135E-001, 9.7481385E-001, 9.7024968E-004, 1.0000000E+001
 1.3753165E+001, 9.9981174E-001, 9.7339480E-001, 9.9975130E-004, 1.8400000E+002
 1.3841057E+001, 9.9981011E-001, 9.7269096E-001, 9.9967035E-004, 1.4100000E+002
 1.3928949E+001, 9.9981208E-001, 9.7196497E-001, 9.9400481E-004, 1.0000000E+001
 1.4016841E+001, 9.9981582E-001, 9.7165298E-001, 9.7635886E-004, 1.0000000E+001
 1.4104733E+001, 9.9982160E-001, 9.7204871E-001, 9.6340647E-004, 1.0000000E+001
 1.4192624E+001, 9.9982865E-001, 9.7319930E-001, 9.5202608E-004, 1.0000000E+001
 1.4280516E+001, 9.9983632E-001, 9.7491197E-001, 9.5270456E-004, 9.0000000E+000
 1.4368408E+001, 9.9984342E-001, 9.7701450E-001, 9.8213851E-004, 1.4000000E+001
 1.4456300E+001, 9.9985264E-001, 9.7896866E-001, 9.9749489E-004, 1.4000000E+001
 1.4544192E+001, 9.9986251E-001, 9.8036785E-001, 9.7768801E-004, 1.6000000E+001
 1.4632084E+001, 9.9987033E-001, 9.8109221E-001, 9.7622216E-004, 1.6000000E+001
 1.4719976E+001, 9.9987329E-001, 9.8118600E-001, 9.9348872E-004, 1.6000000E+001
 1.4807868E+001, 9.9987012E-001, 9.8074074E-001, 9.8543931E-004, 1.8000000E+001
 1.4895760E+001, 9.9986360E-001, 9.7995895E-001, 9.7647905E-004, 1.8000000E+001
 1.4983652E+001, 9.9985787E-001, 9.7898596E-001, 9.9847860E-004, 1.6000000E+001
 1.5071543E+001, 9.9985643E-001, 9.7786526E-001, 9.7573245E-004, 1.6000000E+001
 1.5159435E+001, 9.9986127E-001, 9.7672319E-001, 9.8470706E-004, 1.4000000E+001
 1.5247327E+001, 9.9987271E-001, 9.7568742E-001, 9.8581462E-004, 1.3000000E+001
 1.5335219E+001, 9.9988972E-001, 9.7494094E-001, 9.5116728E-004, 1.2000000E+001
 1.5423111E+001, 9.9991147E-001, 9.7471361E-001, 9.9154226E-004, 1.4000000E+001
 1.5511003E+001, 9.9994129E-001, 9.7585274E-001, 9.9910207E-004, 3.3000000E+001
 1.5598895E+001, 9.9997672E-001, 9.7832776E-001, 9.9615914E-004, 3.2000000E+001
 1.5686787E+001, 1.0000117E+000, 9.8158137E-001, 9.9251284E-004, 2.2000000E+001
 1.5774679E+001, 1.0000422E+000, 9.8537191E-001, 9.9096446E-004, 1.8000000E+001
 1.5862571E+001, 1.0000656E+000, 9.8954983E-001, 9.7985349E-004, 1.6000000E+001
 1.5950462E+001, 1.0000815E+000, 9.9393102E-001, 9.7156487E-004, 1.3000000E+001
 1.6038354E+001, 1.0000898E+000, 9.9846418E-001, 8.5132057E-004, 1.3000000E+001
 1.6126246E+001, 1.0000919E+000, 1.0030064E+000, 9.3490853E-004, 1.1000000E+001
 1.6214138E+001, 1.0000892E+000, 1.0076653E+000, 9.5894341E-004, 1.2000000E+001
 1.6302030E+001, 1.0000839E+000, 1.0123603E+000, 9.6418020E-004, 1.2000000E+001
 1.6389922E+001, 1.0000787E+000, 1.0168477E+000, 9.8587233E-004, 9.0000000E+000
 1.6477814E+001, 1.0000750E+000, 1.0209989E+000, 9.4587147E-004, 9.0000000E+000
 1.6565706E+001, 1.0000734E+000, 1.0246203E+000, 8.9937791E-004, 9.0000000E+000
 1.6653598E+001, 1.0000741E+000, 1.0275254E+000, 9.6723450E-004, 1.0000000E+001
 1.6741490E+001, 1.0000770E+000, 1.0294287E+000, 9.9969190E-004, 1.5000000E+001
 1.6829382E+001, 1.0000844E+000, 1.0298269E+000, 9.9002725E-004, 2.4000000E+001
 1.6917273E+001, 1.0000955E+000, 1.0290567E+000, 9.9541499E-004, 1.5000000E+001
 1.7005165E+001, 1.0001087E+000, 1.0274937E+000, 9.9370301E-004, 1.2000000E+001
 1.7093057E+001, 1.0001231E+000, 1.0254186E+000, 9.4385147E-004, 1.0000000E+001
 1.7180949E+001, 1.0001379E+000, 1.0229949E+000, 8.5704551E-004, 1.0000000E+001
 1.7268841E+001, 1.0001523E+000, 1.0203136E+000, 8.2021689E-004, 1.0000000E+001
 1.7356733E+001, 1.0001647E+000, 1.0174668E+000, 9.7624399E-004, 9.0000000E+000
 1.7444625E+001, 1.0001738E+000, 1.0145933E+000, 9.6174287E-004, 8.0000000E+000
 1.7532517E+001, 1.0001788E+000, 1.0118337E+000, 9.3377591E-004, 9.0000000E+000
 1.7620409E+001, 1.0001793E+000, 1.0092235E+000, 9.8076605E-004, 9.0000000E+000
 1.7708301E+001, 1.0001769E+000, 1.0068058E+000, 9.8007631E-004, 9.0000000E+000
 1.7796192E+001, 1.0001729E+000, 1.0045880E+000, 9.9620539E-004, 1.0000000E+001
 1.7884084E+001, 1.0001679E+000, 1.0025533E+000, 9.9424940E-004, 1.2000000E+001
 1.7971976E+001, 1.0001608E+000, 1.0007893E+000, 9.7219411E-004, 1.1000000E+001
 1.8059868E+001, 1.0001508E+000, 9.9933026E-001, 9.6971623E-004, 1.1000000E+001
 1.8147760E+001, 1.0001370E+000, 9.9819040E-001, 9.0333637E-004, 1.0000000E+001
 1.8235652E+001, 1.0001186E+000, 9.9731860E-001, 9.3023476E-004, 1.0000000E+001
 1.8323544E+001, 1.0000961E+000, 9.9663872E-001, 8.8929519E-004, 1.0000000E+001
 1.8411436E+001, 1.0000702E+000, 9.9612208E-001, 9.4265421E-004, 8.0000000E+000
 1.8499328E+001, 1.0000416E+000, 9.9564376E-001, 8.9034317E-004, 8.0000000E+000
 1.8587220E+001, 1.0000107E+000, 9.9512528E-001, 7.9029333E-004, 8.0000000E+000
 1.8675112E+001, 9.9997731E-001, 9.9454752E-001, 7.8471237E-004, 8.0000000E+000
 1.8763003E+001, 9.9994125E-001, 9.9394791E-001, 8.5899788E-004, 8.0000000E+000
 1.8850895E+001, 9.9990161E-001, 9.9341789E-001, 9.5333033E-004, 8.0000000E+000
 1.8938787E+001, 9.9985943E-001, 9.9298775E-001, 8.6636323E-004, 1.0000000E+001
 1.9026679E+001, 9.9981712E-001, 9.9274149E-001, 9.8523940E-004, 1.2000000E+001
 1.9114571E+001, 9.9980655E-001, 9.9141763E-001, 9.9972972E-004, 1.0500000E+002
 1.9202463E+001, 9.9980212E-001, 9.9051981E-001, 9.9512934E-004, 1.0000000E+001
 1.9290355E+001, 9.9980467E-001, 9.8962860E-001, 9.7628709E-004, 9.0000000E+000
 1.9378247E+001, 9.9981500E-001, 9.8861130E-001, 9.1164061E-004, 9.0000000E+000
 1.9466139E+001, 9.9983180E-001, 9.8767267E-001, 8.1761335E-004, 8.0000000E+000
 1.9554031E+001, 9.9985337E-001, 9.8683769E-001, 7.4323499E-004, 8.0000000E+000
 1.9641922E+001, 9.9987812E-001, 9.8609876E-001, 8.1886262E-004, 8.0000000E+000
 1.9729814E+001, 9.9990414E-001, 9.8535929E-001, 8.1068794E-004, 1.0000000E+001
 1.9817706E+001, 9.9992862E-001, 9.8451065E-001, 8.3657150E-004, 1.0000000E+001
 1.9905598E+001, 9.9994778E-001, 9.8332492E-001, 9.4891165E-004, 1.0000000E+001
 1.9993490E+001, 9.9995747E-001, 9.8165167E-001, 9.5420477E-004, 1.2000000E+001
 2.0081382E+001, 9.9995606E-001, 9.7943715E-001, 9.4936479E-004, 1.4000000E+001
 2.0169274E+001, 9.9994630E-001, 9.7684337E-001, 9.6548924E-004, 1.6000000E+001
 2.0257166E+001, 9.9993620E-001, 9.7431424E-001, 9.8887521E-004, 1.9000000E+001
 2.0345058E+001, 9.9993406E-001, 9.7251285E-001, 9.9771963E-004, 2.5000000E+001
 2.0432950E+001, 9.9993993E-001, 9.7158673E-001, 9.9718856E-004, 2.6000000E+001
 2.0520842E+001, 9.9994787E-001, 9.7127195E-001, 9.9782830E-004, 2.1000000E+001
 2.0608733E+001, 9.9995377E-001, 9.7135438E-001, 9.9778137E-004, 1.7000000E+001
 2.0696625E+001, 9.9995611E-001, 9.7171912E-001, 9.7961461E-004, 1.5000000E+001
 2.0784517E+001, 9.9995497E-001, 9.7227549E-001, 9.5945740E-004, 1.3000000E+001
 2.0872409E+001, 9.9995073E-001, 9.7295040E-001, 9.5095129E-004, 1.1000000E+001
 2.0960301E+001, 9.9994468E-001, 9.7367169E-001, 9.6059782E-004, 1.0000000E+001
 2.1048193E+001, 9.9993727E-001, 9.7437108E-001, 9.5301685E-004, 1.2000000E+001
 2.1136085E+001, 9.9992952E-001, 9.7507449E-001, 9.2059035E-004, 1.2000000E+001
 2.1223977E+001, 9.9992258E-001, 9.7588798E-001, 9.4109021E-004, 1.0000000E+001
 2.1311869E+001, 9.9991639E-001, 9.7682304E-001, 9.6987916E-004, 8.0000000E+000
 2.1399761E+001, 9.9991065E-001, 9.7791327E-001, 9.2630249E-004, 8.0000000E+000
 2.1487652E+001, 9.9990493E-001, 9.7920464E-001, 7.4395783E-004, 1.0000000E+001
 2.1575544E+001, 9.9990028E-001, 9.8060603E-001, 9.2681138E-004, 8.0000000E+000
 2.1663436E+001, 9.9989656E-001, 9.8224795E-001, 7.6165543E-004, 8.0000000E+000
 2.1751328E+001, 9.9989429E-001, 9.8411933E-001, 7.6477815E-004, 8.0000000E+000
 2.1839220E+001, 9.9989381E-001, 9.8619530E-001, 6.9980483E-004, 8.0000000E+000
 2.1927112E+001, 9.9989488E-001, 9.8842387E-001, 7.7363530E-004, 8.0000000E+000
 2.2015004E+001, 9.9989729E-001, 9.9076910E-001, 8.8267512E-004, 8.0000000E+000
 2.2102896E+001, 9.9990081E-001, 9.9320565E-001, 9.5144269E-004, 8.0000000E+000
 2.2190788E+001, 9.9990504E-001, 9.9571340E-001, 8.8805860E-004, 9.0000000E+000
 2.2278680E+001, 9.9991038E-001, 9.9843213E-001, 8.9191043E-004, 1.0000000E+001
 2.2366571E+001, 9.9991673E-001, 1.0015574E+000, 9.7874862E-004, 1.2000000E+001
 2.2454463E+001, 9.9992433E-001, 1.0052701E+000, 9.9276323E-004, 1.5000000E+001
 2.2542355E+001, 9.9993297E-001, 1.0093029E+000, 9.8981777E-004, 1.4000000E+001
 2.2630247E+001, 9.9994383E-001, 1.0130960E+000, 9.9692488E-004, 1.6000000E+001
 2.2718139E+001, 9.9995798E-001, 1.0163145E+000, 9.8268547E-004, 1.6000000E+001
 2.2806031E+001, 9.9997584E-001, 1.0187986E+000, 9.8565580E-004, 1.4000000E+001
 2.2893923E+001, 9.9999725E-001, 1.0205445E+000, 9.6409650E-004, 1.3000000E+001
 2.2981815E+001, 1.0000219E+000, 1.0217062E+000, 9.2444852E-004, 1.3000000E+001
 2.3069707E+001, 1.0000489E+000, 1.0224537E+000, 9.3786037E-004, 1.2000000E+001
 2.3157599E+001, 1.0000772E+000, 1.0229940E+000, 8.8570118E-004, 1.2000000E+001
 2.3245491E+001, 1.0001053E+000, 1.0234108E+000, 9.6586289E-004, 1.0000000E+001
 2.3333382E+001, 1.0001321E+000, 1.0238290E+000, 8.8003750E-004, 1.0000000E+001
 2.3421274E+001, 1.0001563E+000, 1.0242993E+000, 9.3341877E-004, 1.0000000E+001
 2.3509166E+001, 1.0001762E+000, 1.0247914E+000, 9.8191925E-004, 1.0000000E+001
 2.3597058E+001, 1.0001909E+000, 1.0251789E+000, 9.8062872E-004, 1.2000000E+001
 2.3684950E+001, 1.0001961E+000, 1.0251371E+000, 9.9901315E-004, 2.0000000E+001
 2.3772842E+001, 1.0001947E+000, 1.0247752E+000, 9.9407453E-004, 1.2000000E+001
 2.3860734E+001, 1.0001883E+000, 1.0243932E+000, 9.6844450E-004, 1.2000000E+001
 2.3948626E+001, 1.0001775E+000, 1.0239652E+000, 9.8718712E-004, 1.1000000E+001
 2.4036518E+001, 1.0001640E+000, 1.0234786E+000, 8.9383556E-004, 1.1000000E+001
 2.4124410E+001, 1.0001491E+000, 1.0229056E+000, 8.0730876E-004, 1.1000000E+001
 2.4212301E+001, 1.0001342E+000, 1.0222720E+000, 9.7778103E-004, 9.0000000E+000
 2.4300193E+001, 1.0001204E+000, 1.0216197E+000, 9.4445460E-004, 9.0000000E+000
 2.4388085E+001, 1.0001083E+000, 1.0208246E+000, 9.3776618E-004, 9.0000000E+000
 2.4475977E+001, 1.0000983E+000, 1.0198100E+000, 8.9029519E-004, 9.0000000E+000
 2.4563869E+001, 1.0000902E+000, 1.0184857E+000, 9.3189875E-004, 9.0000000E+000
 2.4651761E+001, 1.0000838E+000, 1.0168149E+000, 9.4610869E-004, 9.0000000E+000
 2.4739653E+001, 1.0000786E+000, 1.0147240E+000, 6.7937466E-004, 1.0000000E+001
 2.4827545E+001, 1.0000741E+000, 1.0125317E+000, 9.3783851E-004, 8.0000000E+000
 2.4915437E+001, 1.0000693E+000, 1.0099778E+000, 9.4517952E-004, 9.0000000E+000
 2.5003329E+001, 1.0000627E+000, 1.0071014E+000, 8.6116233E-004, 1.0000000E+001
 2.5091221E+001, 1.0000533E+000, 1.0040343E+000, 8.3334239E-004, 1.0000000E+001
 2.5179112E+001, 1.0000402E+000, 1.0008575E+000, 9.9852700E-004, 9.0000000E+000
 2.5267004E+001, 1.0000234E+000, 9.9755924E-001, 9.3350892E-004, 9.0000000E+000
 2.5354896E+001, 1.0000029E+000, 9.9418383E-001, 9.8127676E-004, 9.0000000E+000
 2.5442788E+001, 9.9998025E-001, 9.9080951E-001, 8.6078497E-004, 1.0000000E+001
 2.5530680E+001, 9.9995738E-001, 9.8755033E-001, 8.3956687E-004, 1.0000000E+001
 2.5618572E+001, 9.9993611E-001, 9.8446747E-001, 9.8997355E-004, 9.0000000E+000
 2.5706464E+001, 9.9991807E-001, 9.8168272E-001, 9.6575682E-004, 1.2000000E+001
 2.5794356E+001, 9.9990648E-001, 9.7973032E-001, 9.9366553E-004, 1.9000000E+001
 2.5882248E+001, 9.9990426E-001, 9.7910640E-001, 9.9909919E-004, 2.1000000E+001
 2.5970140E+001, 9.9990852E-001, 9.7940947E-001, 9.9175412E-004, 1.8000000E+001
 2.6058031E+001, 9.9991764E-001, 9.8060236E-001, 9.9779160E-004, 1.8000000E+001
 2.6145923E+001, 9.9993076E-001, 9.8275786E-001, 9.9230768E-004, 1.8000000E+001
 2.6233815E+001, 9.9994657E-001, 9.8580205E-001, 9.7649285E-004, 1.7000000E+001
 2.6321707E+001, 9.9996357E-001, 9.8958119E-001, 9.5374649E-004, 1.6000000E+001
 2.6409599E+001, 9.9998055E-001, 9.9381612E-001, 9.4964886E-004, 1.4000000E+001
 2.6497491E+001, 9.9999651E-001, 9.9829900E-001, 8.6407029E-004, 1.4000000E+001
 2.6585383E+001, 1.0000111E+000, 1.0027087E+000, 9.9040338E-004, 1.2000000E+001
 2.6673275E+001, 1.0000229E+000, 1.0072487E+000, 9.8908409E-004, 2.1000000E+001
 2.6761167E+001, 1.0000322E+000, 1.0109679E+000, 9.9567081E-004, 1.8000000E+001
 2.6849059E+001, 1.0000378E+000, 1.0135191E+000, 9.7663059E-004, 1.8000000E+001
 2.6936951E+001, 1.0000398E+000, 1.0149274E+000, 9.5610256E-004, 1.6000000E+001
 2.7024842E+001, 1.0000389E+000, 1.0155344E+000, 9.3394358E-004, 1.4000000E+001
 2.7112734E+001, 1.0000360E+000, 1.0157234E+000, 9.4110260E-004, 1.2000000E+001
 2.7200626E+001, 1.0000323E+000, 1.0158999E+000, 9.0852112E-004, 1.2000000E+001
 2.7288518E+001, 1.0000290E+000, 1.0162222E+000, 9.5011254E-004, 1.1000000E+001
 2.7376410E+001, 1.0000277E+000, 1.0166721E+000, 9.4473538E-004, 1.0000000E+001
 2.7464302E+001, 1.0000294E+000, 1.0172551E+000, 8.3985203E-004, 1.0000000E+001
 2.7552194E+001, 1.0000347E+000, 1.0179018E+000, 8.4803923E-004, 9.0000000E+000
 2.7640086E+001, 1.0000439E+000, 1.0185839E+000, 9.5512595E-004, 9.0000000E+000
 2.7727978E+001, 1.0000572E+000, 1.0192652E+000, 8.9159595E-004, 1.0000000E+001
 2.7815870E+001, 1.0000740E+000, 1.0198804E+000, 8.2501737E-004, 1.0000000E+001
 2.7903761E+001, 1.0000930E+000, 1.0203895E+000, 8.9826266E-004, 9.0000000E+000
 2.7991653E+001, 1.0001135E+000, 1.0208531E+000, 9.0857939E-004, 1.1000000E+001
 2.8079545E+001, 1.0001327E+000, 1.0212443E+000, 9.5927070E-004, 1.2000000E+001
 2.8167437E+001, 1.0001468E+000, 1.0215898E+000, 9.9097630E-004, 1.3000000E+001
 2.8255329E+001, 1.0001526E+000, 1.0219422E+000, 9.6803691E-004, 1.4000000E+001
 2.8343221E+001, 1.0001494E+000, 1.0223196E+000, 9.9842251E-004, 1.2000000E+001
 2.8431113E+001, 1.0001372E+000, 1.0229587E+000, 9.6776588E-004, 1.4000000E+001
 2.8519005E+001, 1.0001181E+000, 1.0238639E+000, 9.2228311E-004, 1.4000000E+001
 2.8606897E+001, 1.0000965E+000, 1.0250367E+000, 9.3939552E-004, 1.2000000E+001
 2.8694789E+001, 1.0000757E+000, 1.0264663E+000, 9.7647848E-004, 9.0000000E+000
 2.8782681E+001, 1.0000582E+000, 1.0281386E+000, 8.9120303E-004, 9.0000000E+000
 2.8870572E+001, 1.0000453E+000, 1.0299680E+000, 8.9751966E-004, 9.0000000E+000
 2.8958464E+001, 1.0000382E+000, 1.0318265E+000, 9.6262676E-004, 9.0000000E+000
 2.9046356E+001, 1.0000386E+000, 1.0333543E+000, 9.2928560E-004, 1.1000000E+001
 2.9134248E+001, 1.0000476E+000, 1.0341617E+000, 9.9762044E-004, 1.3000000E+001
 2.9222140E+001, 1.0000644E+000, 1.0340608E+000, 9.9053506E-004, 1.3000000E+001
 2.9310032E+001, 1.0000839E+000, 1.0337568E+000, 9.8247858E-004, 9.0000000E+000
 2.9397924E+001, 1.0001040E+000, 1.0330515E+000, 9.4328351E-004, 1.0000000E+001
 2.9485816E+001, 1.0001228E+000, 1.0322568E+000, 9.9885626E-004, 9.0000000E+000
 2.9573708E+001, 1.0001380E+000, 1.0309305E+000, 9.7793777E-004, 1.0000000E+001
 2.9661600E+001, 1.0001484E+000, 1.0291980E+000, 9.6190500E-004, 1.0000000E+001
 2.9749491E+001, 1.0001547E+000, 1.0272075E+000, 9.4455002E-004, 1.0000000E+001
 2.9837383E+001, 1.0001580E+000, 1.0246918E+000, 9.4496145E-004, 1.0000000E+001
 2.9925275E+001, 1.0001591E+000, 1.0216456E+000, 9.2547637E-004, 1.0000000E+001
 3.0013167E+001, 1.0001585E+000, 1.0180368E+000, 8.8034563E-004, 1.0000000E+001
 3.0101059E+001, 1.0001557E+000, 1.0138579E+000, 9.2010855E-004, 1.0000000E+001
 3.0188951E+001, 1.0001502E+000, 1.0091070E+000, 8.7163234E-004, 1.2000000E+001
 3.0276843E+001, 1.0001417E+000, 1.0039363E+000, 9.5672379E-004, 1.2000000E+001
 3.0364735E+001, 1.0001307E+000, 9.9851913E-001, 9.9190295E-004, 1.4000000E+001
 3.0452627E+001, 1.0001173E+000, 9.9303319E-001, 9.9408443E-004, 1.8000000E+001
 3.0540519E+001, 1.0000989E+000, 9.8772543E-001, 9.8909271E-004, 2.4000000E+001
 3.0628410E+001, 1.0000724E+000, 9.8287912E-001, 9.9916874E-004, 2.4000000E+001
 3.0716302E+001, 1.0000363E+000, 9.7853586E-001, 9.9865082E-004, 2.3000000E+001
 3.0804194E+001, 9.9999223E-001, 9.7451374E-001, 9.9940130E-004, 1.9000000E+001
 3.0892086E+001, 9.9994268E-001, 9.7060787E-001, 9.8992866E-004, 1.7000000E+001
 3.0979978E+001, 9.9989110E-001, 9.6666563E-001, 9.7499883E-004, 1.2000000E+001
 3.1067870E+001, 9.9983957E-001, 9.6268406E-001, 9.5821425E-004, 1.2000000E+001
 3.1155762E+001, 9.9981256E-001, 9.6417799E-001, 9.9986638E-004, 2.7900000E+002
 3.1243654E+001, 9.9981233E-001, 9.6834832E-001, 9.9993908E-004, 1.9100000E+002
 3.1331546E+001, 9.9981434E-001, 9.7226618E-001, 9.9828488E-004, 1.2000000E+001
 3.1419438E+001, 9.9981643E-001, 9.7578404E-001, 9.9707431E-004, 1.3000000E+001
 3.1507330E+001, 9.9981904E-001, 9.7890336E-001, 9.8216669E-004, 1.2000000E+001
 3.1595221E+001, 9.9982218E-001, 9.8187646E-001, 9.6696971E-004, 1.2000000E+001
 3.1683113E+001, 9.9982659E-001, 9.8494204E-001, 9.2531700E-004, 1.4000000E+001
 3.1771005E+001, 9.9983439E-001, 9.8821533E-001, 8.6838638E-004, 1.4000000E+001
 3.1858897E+001, 9.9984653E-001, 9.9154566E-001, 9.2408752E-004, 1.2000000E+001
 3.1946789E+001, 9.9986284E-001, 9.9473172E-001, 9.0485611E-004, 1.3000000E+001
 3.2034681E+001, 9.9988331E-001, 9.9776495E-001, 9.3377590E-004, 1.3000000E+001
 3.2122573E+001, 9.9990692E-001, 1.0006361E+000, 9.2730757E-004, 1.3000000E+001
 3.2210465E+001, 9.9993286E-001, 1.0033682E+000, 8.5532225E-004, 1.3000000E+001
 3.2298357E+001, 9.9996052E-001, 1.0058887E+000, 8.2667128E-004, 1.3000000E+001
 3.2386249E+001, 9.9999031E-001, 1.0082716E+000, 9.5844399E-004, 1.2000000E+001
 3.2474140E+001, 1.0000225E+000, 1.0108284E+000, 9.8120811E-004, 1.3000000E+001
 3.2562032E+001, 1.0000570E+000, 1.0136866E+000, 9.2605641E-004, 1.3000000E+001
 3.2649924E+001, 1.0000922E+000, 1.0168840E+000, 9.3879443E-004, 1.1000000E+001
 3.2737816E+001, 1.0001265E+000, 1.0206922E+000, 9.4571234E-004, 1.1000000E+001
 3.2825708E+001, 1.0001586E+000, 1.0251627E+000, 9.9548062E-004, 1.1000000E+001
 3.2913600E+001, 1.0001869E+000, 1.0306878E+000, 9.9088850E-004, 1.5000000E+001
 3.3001492E+001, 1.0001871E+000, 1.0342634E+000, 9.9986500E-004, 3.0900000E+002
 3.3089384E+001, 1.0001864E+000, 1.0352301E+000, 9.9989716E-004, 5.4000000E+001
 3.3177276E+001, 1.0001856E+000, 1.0357715E+000, 9.9946281E-004, 2.2000000E+001
 3.3265168E+001, 1.0001846E+000, 1.0361647E+000, 9.9629380E-004, 1.4000000E+001
 3.3353060E+001, 1.0001833E+000, 1.0365302E+000, 9.8541266E-004, 1.2000000E+001
 3.3440951E+001, 1.0001806E+000, 1.0369236E+000, 9.6227117E-004, 1.0000000E+001
 3.3528843E+001, 1.0001756E+000, 1.0373453E+000, 9.7773226E-004, 1.0000000E+001
 3.3616735E+001, 1.0001670E+000, 1.0375607E+000, 9.4228085E-004, 1.1000000E+001
 3.3704627E+001, 1.0001553E+000, 1.0372814E+000, 9.8679021E-004, 1.0000000E+001
 3.3792519E+001, 1.0001425E+000, 1.0364778E+000, 9.7761776E-004, 1.0000000E+001
 3.3880411E+001, 1.0001303E+000, 1.0352467E+000, 9.8687201E-004, 1.0000000E+001
 3.3968303E+001, 1.0001201E+000, 1.0336744E+000, 9.9178309E-004, 1.1000000E+001
 3.4056195E+001, 1.0001123E+000, 1.0318975E+000, 9.6122555E-004, 1.0000000E+001
 3.4144087E+001, 1.0001071E+000, 1.0300369E+000, 9.8939031E-004, 1.0000000E+001
 3.4231979E+001, 1.0001054E+000, 1.0281050E+000, 9.8353921E-004, 1.2000000E+001
 3.4319870E+001, 1.0001080E+000, 1.0264299E+000, 9.8257338E-004, 1.1000000E+001
 3.4407762E+001, 1.0001145E+000, 1.0251191E+000, 9.7014050E-004, 9.0000000E+000
 3.4495654E+001, 1.0001253E+000, 1.0238183E+000, 9.7809644E-004, 1.1000000E+001
 3.4583546E+001, 1.0001394E+000, 1.0226240E+000, 9.4580677E-004, 1.2000000E+001
 3.4671438E+001, 1.0001542E+000, 1.0217015E+000, 9.6236191E-004, 1.0000000E+001
 3.4759330E+001, 1.0001671E+000, 1.0209280E+000, 9.5817971E-004, 1.0000000E+001
 3.4847222E+001, 1.0001764E+000, 1.0202591E+000, 9.4495643E-004, 1.1000000E+001
 3.4935114E+001, 1.0001812E+000, 1.0197098E+000, 9.4627819E-004, 1.1000000E+001
 3.5023006E+001, 1.0001816E+000, 1.0193968E+000, 9.5471175E-004, 9.0000000E+000
 3.5110898E+001, 1.0001782E+000, 1.0192721E+000, 9.4507108E-004, 9.0000000E+000
 3.5198790E+001, 1.0001710E+000, 1.0192194E+000, 9.9112309E-004, 9.0000000E+000
 3.5286681E+001, 1.0001598E+000, 1.0191614E+000, 9.5254755E-004, 8.0000000E+000
 3.5374573E+001, 1.0001433E+000, 1.0189124E+000, 8.3105505E-004, 9.0000000E+000
 3.5462465E+001, 1.0001204E+000, 1.0183520E+000, 8.8827771E-004, 1.0000000E+001
 3.5550357E+001, 1.0000911E+000, 1.0174605E+000, 8.9382702E-004, 1.0000000E+001
 3.5638249E+001, 1.0000583E+000, 1.0163430E+000, 8.2027294E-004, 1.0000000E+001
 3.5726141E+001, 1.0000255E+000, 1.0150115E+000, 7.5201813E-004, 1.0000000E+001
 3.5814033E+001, 9.9999516E-001, 1.0135704E+000, 9.3296773E-004, 9.0000000E+000
 3.5901925E+001, 9.9996905E-001, 1.0121223E+000, 8.3549616E-004, 8.0000000E+000
 3.5989817E+001, 9.9994805E-001, 1.0105351E+000, 8.4166747E-004, 8.0000000E+000
 3.6077709E+001, 9.9993192E-001, 1.0087811E+000, 8.5391955E-004, 8.0000000E+000
 3.6165600E+001, 9.9992073E-001, 1.0068974E+000, 9.0497117E-004, 8.0000000E+000
 3.6253492E+001, 9.9991474E-001, 1.0049882E+000, 8.6446752E-004, 8.0000000E+000
 3.6341384E+001, 9.9991399E-001, 1.0031662E+000, 8.2625393E-004, 8.0000000E+000
 3.6429276E+001, 9.9991832E-001, 1.0014810E+000, 8.4996133E-004, 8.0000000E+000
 3.6517168E+001, 9.9992694E-001, 9.9987884E-001, 8.8813740E-004, 8.0000000E+000
 3.6605060E+001, 9.9993790E-001, 9.9821970E-001, 7.8031092E-004, 8.0000000E+000
 3.6692952E+001, 9.9994891E-001, 9.9627362E-001, 9.0218125E-004, 9.0000000E+000
 3.6780844E+001, 9.9995727E-001, 9.9387162E-001, 9.1905669E-004, 9.0000000E+000
 3.6868736E+001, 9.9996228E-001, 9.9115134E-001, 9.3507229E-004, 8.0000000E+000
 3.6956628E+001, 9.9996403E-001, 9.8823629E-001, 9.0745006E-004, 8.0000000E+000
 3.7044519E+001, 9.9996212E-001, 9.8510089E-001, 8.9074020E-004, 1.0000000E+001
 3.7132411E+001, 9.9995708E-001, 9.8191739E-001, 9.7891020E-004, 1.0000000E+001
 3.7220303E+001, 9.9994882E-001, 9.7895807E-001, 9.9339830E-004, 1.2000000E+001
 3.7308195E+001, 9.9993792E-001, 9.7649542E-001, 9.6927663E-004, 1.2000000E+001
 3.7396087E+001, 9.9992524E-001, 9.7464142E-001, 9.5624940E-004, 1.0000000E+001
 3.7483979E+001, 9.9991049E-001, 9.7331061E-001, 9.3931792E-004, 1.0000000E+001
 3.7571871E+001, 9.9989344E-001, 9.7240632E-001, 9.0415516E-004, 1.2000000E+001
 3.7659763E+001, 9.9987462E-001, 9.7204721E-001, 8.9567944E-004, 1.2000000E+001
 3.7747655E+001, 9.9985449E-001, 9.7223576E-001, 9.8298150E-004, 1.2000000E+001
 3.7835547E+001, 9.9983367E-001, 9.7282511E-001, 9.6992415E-004, 1.2000000E+001
 3.7923439E+001, 9.9981311E-001, 9.7376493E-001, 9.9939753E-004, 2.6000000E+001
 3.8011330E+001, 9.9980802E-001, 9.7524750E-001, 9.9984709E-004, 6.1000000E+001
 3.8099222E+001, 9.9980820E-001, 9.7641492E-001, 9.9214199E-004, 1.2000000E+001
 3.8187114E+001, 9.9981256E-001, 9.7716163E-001, 9.8294052E-004, 9.0000000E+000
 3.8275006E+001, 9.9982125E-001, 9.7768597E-001, 9.4717295E-004, 1.0000000E+001
 3.8362898E+001, 9.9983353E-001, 9.7819772E-001, 9.8670171E-004, 1.0000000E+001
 3.8450790E+001, 9.9984807E-001, 9.7876221E-001, 9.8698176E-004, 9.0000000E+000
 3.8538682E+001, 9.9986365E-001, 9.7939697E-001, 8.5189471E-004, 9.0000000E+000
 3.8626574E+001, 9.9987922E-001, 9.8012257E-001, 9.2369387E-004, 1.0000000E+001
 3.8714466E+001, 9.9989415E-001, 9.8087518E-001, 8.8450588E-004, 1.0000000E+001
 3.8802358E+001, 9.9990850E-001, 9.8156626E-001, 9.2244898E-004, 8.0000000E+000
 3.8890249E+001, 9.9992154E-001, 9.8226839E-001, 8.3063649E-004, 1.0000000E+001
 3.8978141E+001, 9.9993379E-001, 9.8294326E-001, 9.8255603E-004, 9.0000000E+000
 3.9066033E+001, 9.9994475E-001, 9.8362230E-001, 8.0116539E-004, 9.0000000E+000
 3.9153925E+001, 9.9995455E-001, 9.8434303E-001, 9.4937754E-004, 8.0000000E+000
 3.9241817E+001, 9.9996344E-001, 9.8518565E-001, 9.8342385E-004, 9.0000000E+000
 3.9329709E+001, 9.9997225E-001, 9.8612411E-001, 9.8100194E-004, 9.0000000E+000
 3.9417601E+001, 9.9998105E-001, 9.8711066E-001, 9.8294819E-004, 8.0000000E+000
 3.9505493E+001, 9.9998985E-001, 9.8805816E-001, 9.6848069E-004, 8.0000000E+000
 3.9593385E+001, 9.9999897E-001, 9.8881581E-001, 8.9638329E-004, 9.0000000E+000
 3.9681277E+001, 1.0000068E+000, 9.8927396E-001, 9.7297510E-004, 9.0000000E+000
 3.9769169E+001, 1.0000123E+000, 9.8943705E-001, 9.6148256E-004, 1.1000000E+001
 3.9857060E+001, 1.0000155E+000, 9.8945126E-001, 9.7291089E-004, 1.3000000E+001
 3.9944952E+001, 1.0000176E+000, 9.8960762E-001, 9.8924353E-004, 1.4000000E+001
 4.0032844E+001, 1.0000202E+000, 9.9032887E-001, 9.9264655E-004, 1.6000000E+001
 4.0120736E+001, 1.0000242E+000, 9.9176459E-001, 9.8137474E-004, 1.6000000E+001
 4.0208628E+001, 1.0000303E+000, 9.9374683E-001, 9.8547116E-004, 1.4000000E+001
 4.0296520E+001, 1.0000385E+000, 9.9610283E-001, 9.2496409E-004, 1.4000000E+001
 4.0384412E+001, 1.0000482E+000, 9.9856973E-001, 9.1631504E-004, 1.2000000E+001
 4.0472304E+001, 1.0000588E+000, 1.0010051E+000, 9.4190428E-004, 1.0000000E+001
 4.0560196E+001, 1.0000694E+000, 1.0033675E+000, 8.0893155E-004, 1.0000000E+001
 4.0648088E+001, 1.0000792E+000, 1.0055675E+000, 8.0049761E-004, 9.0000000E+000
 4.0735979E+001, 1.0000876E+000, 1.0075837E+000, 7.7389393E-004, 8.0000000E+000
 4.0823871E+001, 1.0000937E+000, 1.0093129E+000, 8.8895601E-004, 9.0000000E+000
 4.0911763E+001, 1.0000962E+000, 1.0106105E+000, 8.7542794E-004, 1.0000000E+001
 4.0999655E+001, 1.0000932E+000, 1.0113722E+000, 9.8026754E-004, 1.1000000E+001
 4.1087547E+001, 1.0000849E+000, 1.0115740E+000, 9.7288386E-004, 1.1000000E+001
 4.1175439E+001, 1.0000722E+000, 1.0112475E+000, 8.8166283E-004, 1.1000000E+001
 4.1263331E+001, 1.0000571E+000, 1.0104652E+000, 9.4670892E-004, 1.0000000E+001
 4.1351223E+001, 1.0000414E+000, 1.0092783E+000, 9.5026612E-004, 1.0000000E+001
 4.1439115E+001, 1.0000261E+000, 1.0077312E+000, 8.8008904E-004, 1.0000000E+001
 4.1527007E+001, 1.0000124E+000, 1.0058908E+000, 7.4878123E-004, 1.0000000E+001
 4.1614899E+001, 1.0000004E+000, 1.0038298E+000, 9.9800164E-004, 8.0000000E+000
 4.1702790E+001, 9.9999097E-001, 1.0016740E+000, 9.4197908E-004, 8.0000000E+000
 4.1790682E+001, 9.9998416E-001, 9.9949873E-001, 6.7393253E-004, 1.0000000E+001
 4.1878574E+001, 9.9997961E-001, 9.9727722E-001, 9.6587440E-004, 8.0000000E+000
 4.1966466E+001, 9.9997841E-001, 9.9506130E-001, 8.6355691E-004, 8.0000000E+000
 4.2054358E+001, 9.9998000E-001, 9.9287574E-001, 8.5418535E-004, 8.0000000E+000
 4.2142250E+001, 9.9998379E-001, 9.9069991E-001, 7.9613395E-004, 9.0000000E+000
 4.2230142E+001, 9.9998758E-001, 9.8853082E-001, 8.7517996E-004, 8.0000000E+000
 4.2318034E+001, 9.9999031E-001, 9.8642643E-001, 9.6210004E-004, 9.0000000E+000
 4.2405926E+001, 9.9999079E-001, 9.8475415E-001, 9.8259613E-004, 1.2000000E+001
 4.2493818E+001, 9.9998914E-001, 9.8397993E-001, 9.7247035E-004, 1.4000000E+001
 4.2581709E+001, 9.9998608E-001, 9.8410488E-001, 9.5185581E-004, 1.4000000E+001
 4.2669601E+001, 9.9998072E-001, 9.8497639E-001, 9.0975788E-004, 1.4000000E+001
 4.2757493E+001, 9.9997236E-001, 9.8634550E-001, 9.6484705E-004, 1.2000000E+001
 4.2845385E+001, 9.9996042E-001, 9.8816639E-001, 9.3607191E-004, 1.2000000E+001
 4.2933277E+001, 9.9994535E-001, 9.9040267E-001, 8.8373463E-004, 1.2000000E+001
 4.3021169E+001, 9.9992882E-001, 9.9299662E-001, 9.8167275E-004, 1.1000000E+001
 4.3109061E+001, 9.9991303E-001, 9.9580160E-001, 9.7593458E-004, 1.0000000E+001
 4.3196953E+001, 9.9989989E-001, 9.9860003E-001, 9.1373263E-004, 1.1000000E+001
 4.3284845E+001, 9.9989167E-001, 1.0013029E+000, 9.3450214E-004, 1.0000000E+001
 4.3372737E+001, 9.9988878E-001, 1.0037474E+000, 9.4174997E-004, 1.1000000E+001
 4.3460628E+001, 9.9989188E-001, 1.0058581E+000, 9.5009709E-004, 1.3000000E+001
 4.3548520E+001, 9.9989956E-001, 1.0076333E+000, 9.6452980E-004, 1.5000000E+001
 4.3636412E+001, 9.9990861E-001, 1.0091086E+000, 9.9656710E-004, 1.3000000E+001
 4.3724304E+001, 9.9991714E-001, 1.0103658E+000, 9.7261430E-004, 1.3000000E+001
 4.3812196E+001, 9.9992529E-001, 1.0115848E+000, 9.4517233E-004, 1.0000000E+001
 4.3900088E+001, 9.9993354E-001, 1.0128201E+000, 9.9477033E-004, 9.0000000E+000
 4.3987980E+001, 9.9994300E-001, 1.0140435E+000, 8.9085679E-004, 1.0000000E+001
 4.4075872E+001, 9.9995630E-001, 1.0150441E+000, 9.1939712E-004, 1.2000000E+001
 4.4163764E+001, 9.9997397E-001, 1.0155316E+000, 9.5423439E-004, 1.1000000E+001
 4.4251656E+001, 9.9999661E-001, 1.0154622E+000, 9.1400303E-004, 1.1000000E+001
 4.4339548E+001, 1.0000237E+000, 1.0148871E+000, 8.5036863E-004, 1.1000000E+001
 4.4427439E+001, 1.0000536E+000, 1.0138549E+000, 8.9487706E-004, 1.0000000E+001
 4.4515331E+001, 1.0000848E+000, 1.0124285E+000, 8.9871749E-004, 9.0000000E+000
 4.4603223E+001, 1.0001167E+000, 1.0106685E+000, 8.9245337E-004, 1.0000000E+001
 4.4691115E+001, 1.0001472E+000, 1.0085204E+000, 8.1438510E-004, 1.1000000E+001
 4.4779007E+001, 1.0001741E+000, 1.0059282E+000, 9.0377046E-004, 1.0000000E+001
 4.4866899E+001, 1.0001947E+000, 1.0030515E+000, 9.8090775E-004, 1.0000000E+001
 4.4954791E+001, 1.0002020E+000, 1.0001461E+000, 9.9282203E-004, 1.2000000E+001
 4.5042683E+001, 1.0001954E+000, 9.9724556E-001, 9.9733080E-004, 1.6000000E+001
 4.5130575E+001, 1.0001724E+000, 9.9477574E-001, 9.9399676E-004, 2.2000000E+001
 4.5218467E+001, 1.0001405E+000, 9.9294348E-001, 9.9975501E-004, 2.0000000E+001
 4.5306358E+001, 1.0001070E+000, 9.9160877E-001, 9.9413592E-004, 1.6000000E+001
 4.5394250E+001, 1.0000756E+000, 9.9063126E-001, 9.9421158E-004, 1.4000000E+001
 4.5482142E+001, 1.0000475E+000, 9.9000402E-001, 9.4875351E-004, 1.6000000E+001
 4.5570034E+001, 1.0000219E+000, 9.8960796E-001, 9.7550330E-004, 1.4000000E+001
 4.5657926E+001, 9.9999732E-001, 9.8932992E-001, 9.4377276E-004, 1.4000000E+001
 4.5745818E+001, 9.9997280E-001, 9.8908722E-001, 9.5017243E-004, 1.2000000E+001
 4.5833710E+001, 9.9994806E-001, 9.8884259E-001, 9.7917000E-004, 1.0000000E+001
 4.5921602E+001, 9.9992317E-001, 9.8850550E-001, 9.7836897E-004, 1.0000000E+001
 4.6009494E+001, 9.9989837E-001, 9.8794593E-001, 9.4751881E-004, 1.1000000E+001
 4.6097386E+001, 9.9987405E-001, 9.8705884E-001, 9.8963297E-004, 1.2000000E+001
 4.6185278E+001, 9.9985066E-001, 9.8564750E-001, 9.8284157E-004, 1.3000000E+001
 4.6273169E+001, 9.9982896E-001, 9.8382297E-001, 9.6589255E-004, 1.2000000E+001
 4.6361061E+001, 9.9981045E-001, 9.8162666E-001, 9.9995836E-004, 1.6000000E+001
 4.6448953E+001, 9.9980766E-001, 9.7895937E-001, 9.9925942E-004, 5.5000000E+001
 4.6536845E+001, 9.9981012E-001, 9.7688588E-001, 9.8807073E-004, 1.2000000E+001
 4.6624737E+001, 9.9981687E-001, 9.7543336E-001, 9.5497115E-004, 1.2000000E+001
 4.6712629E+001, 9.9982668E-001, 9.7420477E-001, 9.9943910E-004, 9.0000000E+000
 4.6800521E+001, 9.9983842E-001, 9.7336257E-001, 9.2078716E-004, 1.2000000E+001
 4.6888413E+001, 9.9985010E-001, 9.7303324E-001, 9.5301840E-004, 1.4000000E+001
 4.6976305E+001, 9.9986042E-001, 9.7364307E-001, 9.0997502E-004, 1.6000000E+001
 4.7064197E+001, 9.9986930E-001, 9.7492175E-001, 9.3205756E-004, 1.4000000E+001
 4.7152088E+001, 9.9987625E-001, 9.7663517E-001, 9.2452076E-004, 1.4000000E+001
 4.7239980E+001, 9.9988150E-001, 9.7865119E-001, 9.4222251E-004, 1.4000000E+001
 4.7327872E+001, 9.9988571E-001, 9.8096170E-001, 9.5382805E-004, 1.4000000E+001
 4.7415764E+001, 9.9988912E-001, 9.8360608E-001, 9.2798874E-004, 1.4000000E+001
 4.7503656E+001, 9.9989261E-001, 9.8660231E-001, 9.8463248E-004, 1.3000000E+001
 4.7591548E+001, 9.9989691E-001, 9.8987958E-001, 8.9637146E-004, 1.2000000E+001
 4.7679440E+001, 9.9990314E-001, 9.9331715E-001, 8.7682468E-004, 1.1000000E+001
 4.7767332E+001, 9.9991195E-001, 9.9678074E-001, 8.5820292E-004, 1.0000000E+001
 4.7855224E+001, 9.9992424E-001, 1.0003108E+000, 9.7268682E-004, 9.0000000E+000
 4.7943116E+001, 9.9994040E-001, 1.0041640E+000, 9.3880315E-004, 9.0000000E+000
 4.8031008E+001, 9.9996108E-001, 1.0083939E+000, 8.3647409E-004, 9.0000000E+000
 4.8118899E+001, 9.9998622E-001, 1.0126831E+000, 9.9778188E-004, 1.0000000E+001
 4.8206791E+001, 1.0000160E+000, 1.0166149E+000, 9.9198606E-004, 1.3000000E+001
 4.8294683E+001, 1.0000491E+000, 1.0197628E+000, 9.9893336E-004, 1.4000000E+001
 4.8382575E+001, 1.0000836E+000, 1.0221085E+000, 9.9693995E-004, 1.5000000E+001
 4.8470467E+001, 1.0001181E+000, 1.0240599E+000, 9.3976662E-004, 1.4000000E+001
 4.8558359E+001, 1.0001514E+000, 1.0260835E+000, 9.0225980E-004, 1.4000000E+001
 4.8646251E+001, 1.0001821E+000, 1.0284047E+000, 9.7089363E-004, 1.4000000E+001
 4.8734143E+001, 1.0001929E+000, 1.0295691E+000, 9.9962804E-004, 6.8000000E+001
 4.8822035E+001, 1.0001925E+000, 1.0313661E+000, 9.9889332E-004, 2.4000000E+001
 4.8909927E+001, 1.0001877E+000, 1.0340079E+000, 9.9254273E-004, 1.3000000E+001
 4.8997818E+001, 1.0001810E+000, 1.0371897E+000, 9.9741144E-004, 1.3000000E+001
 4.9085710E+001, 1.0001743E+000, 1.0402515E+000, 9.9373242E-004, 1.8000000E+001
 4.9173602E+001, 1.0001788E+000, 1.0397833E+000, 9.9991655E-004, 1.0100000E+002
 4.9261494E+001, 1.0001834E+000, 1.0389641E+000, 9.9942698E-004, 1.6000000E+001
 4.9349386E+001, 1.0001863E+000, 1.0367835E+000, 9.9989026E-004, 4.2000000E+001
 4.9437278E+001, 1.0001867E+000, 1.0343598E+000, 9.9999791E-004, 1.9000000E+001
 4.9525170E+001, 1.0001851E+000, 1.0316712E+000, 9.9325884E-004, 1.2000000E+001
 4.9613062E+001, 1.0001812E+000, 1.0281783E+000, 9.6381399E-004, 1.2000000E+001
 4.9700954E+001, 1.0001736E+000, 1.0237004E+000, 9.7185225E-004, 1.2000000E+001
 4.9788846E+001, 1.0001613E+000, 1.0183204E+000, 9.4017859E-004, 1.2000000E+001
 4.9876738E+001, 1.0001446E+000, 1.0123290E+000, 9.5315460E-004, 1.1000000E+001
 4.9964629E+001, 1.0001248E+000, 1.0058719E+000, 8.7435813E-004, 1.1000000E+001
 5.0052521E+001, 1.0001030E+000, 9.9932143E-001, 8.8125701E-004, 1.0000000E+001
 5.0140413E+001, 1.0000798E+000, 9.9275899E-001, 8.8214349E-004, 1.0000000E+001
 5.0228305E+001, 1.0000540E+000, 9.8634218E-001, 9.7232196E-004, 1.0000000E+001
 5.0316197E+001, 1.0000225E+000, 9.8033464E-001, 9.7695449E-004, 1.2000000E+001
 5.0404089E+001, 9.9998543E-001, 9.7514741E-001, 9.6686958E-004, 1.2000000E+001
 5.0491981E+001, 9.9994378E-001, 9.7059140E-001, 9.5673493E-004, 1.3000000E+001
 5.0579873E+001, 9.9989955E-001, 9.6668384E-001, 9.8523879E-004, 1.2000000E+001
 5.0667765E+001, 9.9985499E-001, 9.6321083E-001, 9.1479375E-004, 1.4000000E+001
 5.0755657E+001, 9.9981317E-001, 9.6339930E-001, 9.9993412E-004, 1.4600000E+002
 5.0843548E+001, 9.9981238E-001, 9.6719533E-001, 9.9990279E-004, 2.8800000E+002
 5.0931440E+001, 9.9981399E-001, 9.6971935E-001, 9.9482436E-004, 1.4000000E+001
 5.1019332E+001, 9.9981661E-001, 9.7164283E-001, 9.9338586E-004, 1.4000000E+001
 5.1107224E+001, 9.9981995E-001, 9.7301155E-001, 9.9794532E-004, 1.2000000E+001
 5.1195116E+001, 9.9982376E-001, 9.7400180E-001, 9.5817342E-004, 1.1000000E+001
 5.1283008E+001, 9.9982903E-001, 9.7500958E-001, 9.3478431E-004, 1.2000000E+001
 5.1370900E+001, 9.9983684E-001, 9.7592238E-001, 9.9765453E-004, 1.1000000E+001
 5.1458792E+001, 9.9984784E-001, 9.7673239E-001, 9.5258971E-004, 9.0000000E+000
 5.1546684E+001, 9.9986178E-001, 9.7777064E-001, 9.4319953E-004, 1.0000000E+001
 5.1634576E+001, 9.9987704E-001, 9.7904583E-001, 8.5465860E-004, 1.1000000E+001
 5.1722467E+001, 9.9989201E-001, 9.8035172E-001, 9.6960368E-004, 9.0000000E+000
 5.1810359E+001, 9.9990595E-001, 9.8153232E-001, 8.1714722E-004, 8.0000000E+000
 5.1898251E+001, 9.9991846E-001, 9.8234158E-001, 9.1216416E-004, 9.0000000E+000
 5.1986143E+001, 9.9993130E-001, 9.8250953E-001, 8.9360609E-004, 9.0000000E+000
 5.2074035E+001, 9.9994656E-001, 9.8199620E-001, 8.2278818E-004, 8.0000000E+000
 5.2161927E+001, 9.9996505E-001, 9.8115003E-001, 8.9492498E-004, 8.0000000E+000
 5.2249819E+001, 9.9998620E-001, 9.8042931E-001, 8.5679772E-004, 1.0000000E+001
 5.2337711E+001, 1.0000068E+000, 9.8004903E-001, 9.9913580E-004, 1.1000000E+001
 5.2425603E+001, 1.0000236E+000, 9.8028931E-001, 9.9694110E-004, 1.2000000E+001
 5.2513495E+001, 1.0000346E+000, 9.8185111E-001, 9.8526907E-004, 1.6000000E+001
 5.2601387E+001, 1.0000423E+000, 9.8407211E-001, 9.8864356E-004, 1.4000000E+001
 5.2689278E+001, 1.0000475E+000, 9.8668337E-001, 9.7942783E-004, 1.2000000E+001
 5.2777170E+001, 1.0000505E+000, 9.8943343E-001, 8.9801066E-004, 1.2000000E+001
 5.2865062E+001, 1.0000520E+000, 9.9201921E-001, 9.2510765E-004, 1.0000000E+001
 5.2952954E+001, 1.0000517E+000, 9.9428921E-001, 8.2821589E-004, 1.0000000E+001
 5.3040846E+001, 1.0000488E+000, 9.9615362E-001, 7.3998324E-004, 1.0000000E+001
 5.3128738E+001, 1.0000436E+000, 9.9761361E-001, 7.4515101E-004, 1.0000000E+001
 5.3216630E+001, 1.0000373E+000, 9.9874221E-001, 7.1985326E-004, 1.0000000E+001
 5.3304522E+001, 1.0000314E+000, 9.9957827E-001, 9.1167277E-004, 9.0000000E+000
 5.3392414E+001, 1.0000278E+000, 1.0002575E+000, 9.3250153E-004, 8.0000000E+000
 5.3480306E+001, 1.0000270E+000, 1.0010543E+000, 9.5193901E-004, 9.0000000E+000
 5.3568197E+001, 1.0000273E+000, 1.0019377E+000, 9.4372971E-004, 9.0000000E+000
 5.3656089E+001, 1.0000270E+000, 1.0028547E+000, 9.0798523E-004, 9.0000000E+000
 5.3743981E+001, 1.0000245E+000, 1.0037184E+000, 8.2242695E-004, 9.0000000E+000
 5.3831873E+001, 1.0000196E+000, 1.0044507E+000, 9.8027671E-004, 9.0000000E+000
 5.3919765E+001, 1.0000135E+000, 1.0049451E+000, 6.6893855E-004, 9.0000000E+000
 5.4007657E+001, 1.0000083E+000, 1.0051748E+000, 8.9571817E-004, 7.0000000E+000
 5.4095549E+001, 1.0000049E+000, 1.0050649E+000, 7.5665614E-004, 9.0000000E+000
 5.4183441E+001, 1.0000046E+000, 1.0047632E+000, 9.0324860E-004, 9.0000000E+000
 5.4271333E+001, 1.0000057E+000, 1.0043596E+000, 9.9492928E-004, 8.0000000E+000
 5.4359225E+001, 1.0000066E+000, 1.0041208E+000, 9.8380374E-004, 1.2000000E+001
 5.4447117E+001, 1.0000062E+000, 1.0040327E+000, 9.9623154E-004, 1.4000000E+001
 5.4535008E+001, 1.0000046E+000, 1.0040729E+000, 9.9045579E-004, 1.4000000E+001
 5.4622900E+001, 1.0000027E+000, 1.0041217E+000, 9.6023664E-004, 1.4000000E+001
 5.4710792E+001, 1.0000001E+000, 1.0041050E+000, 9.7321941E-004, 1.2000000E+001
 5.4798684E+001, 9.9999558E-001, 1.0040572E+000, 9.9082719E-004, 1.1000000E+001
 5.4886576E+001, 9.9998749E-001, 1.0040438E+000, 9.6125567E-004, 1.3000000E+001
 5.4974468E+001, 9.9997551E-001, 1.0041678E+000, 9.7964148E-004, 1.2000000E+001
 5.5062360E+001, 9.9996096E-001, 1.0044614E+000, 9.8649661E-004, 1.2000000E+001
 5.5150252E+001, 9.9994738E-001, 1.0049470E+000, 9.8103954E-004, 1.2000000E+001
 5.5238144E+001, 9.9993877E-001, 1.0056378E+000, 9.4241123E-004, 1.2000000E+001
 5.5326036E+001, 9.9993728E-001, 1.0064526E+000, 9.8895204E-004, 1.0000000E+001
 5.5413927E+001, 9.9994383E-001, 1.0074789E+000, 9.2293371E-004, 1.0000000E+001
 5.5501819E+001, 9.9995742E-001, 1.0087244E+000, 9.7490002E-004, 9.0000000E+000
 5.5589711E+001, 9.9997650E-001, 1.0103654E+000, 8.1180575E-004, 1.0000000E+001
 5.5677603E+001, 9.9999933E-001, 1.0124224E+000, 7.4819298E-004, 1.0000000E+001
 5.5765495E+001, 1.0000244E+000, 1.0148353E+000, 8.7200817E-004, 1.0000000E+001
 5.5853387E+001, 1.0000511E+000, 1.0174195E+000, 8.0448615E-004, 9.0000000E+000
 5.5941279E+001, 1.0000794E+000, 1.0200459E+000, 9.4062105E-004, 1.0000000E+001
 5.6029171E+001, 1.0001099E+000, 1.0225795E+000, 9.5551810E-004, 1.1000000E+001
 5.6117063E+001, 1.0001411E+000, 1.0248778E+000, 9.8670952E-004, 1.1000000E+001
 5.6204955E+001, 1.0001704E+000, 1.0268981E+000, 9.6798866E-004, 1.0000000E+001
 5.6284004E+001, 1.0001917E+000, 1.0281024E+000, 9.9947692E-004, 1.8000000E+001
 5.6363053E+001, 1.0001938E+000, 1.0276195E+000, 9.9988502E-004, 4.9000000E+001
 5.6442102E+001, 1.0001903E+000, 1.0272962E+000, 9.8714951E-004, 1.1000000E+001
 5.6521151E+001, 1.0001829E+000, 1.0271929E+000, 9.4663810E-004, 1.0000000E+001
 5.6600200E+001, 1.0001727E+000, 1.0272355E+000, 9.0967984E-004, 1.1000000E+001
 5.6679249E+001, 1.0001603E+000, 1.0273272E+000, 9.5952004E-004, 1.1000000E+001
 5.6758298E+001, 1.0001467E+000, 1.0273896E+000, 9.1025030E-004, 1.0000000E+001
 5.6837347E+001, 1.0001327E+000, 1.0273734E+000, 9.7322399E-004, 9.0000000E+000
 5.6916397E+001, 1.0001191E+000, 1.0271071E+000, 9.6759262E-004, 1.1000000E+001
 5.6995446E+001, 1.0001072E+000, 1.0265454E+000, 9.8032033E-004, 1.1000000E+001
 5.7074495E+001, 1.0000985E+000, 1.0256967E+000, 9.7172757E-004, 1.1000000E+001
 5.7153544E+001, 1.0000941E+000, 1.0246530E+000, 9.5186146E-004, 1.0000000E+001
 5.7232593E+001, 1.0000955E+000, 1.0234618E+000, 9.6695227E-004, 1.1000000E+001
 5.7311642E+001, 1.0001028E+000, 1.0221954E+000, 9.2144110E-004, 1.2000000E+001
 5.7390691E+001, 1.0001136E+000, 1.0210183E+000, 9.7344503E-004, 1.0000000E+001
 5.7469740E+001, 1.0001260E+000, 1.0199677E+000, 9.5754318E-004, 9.0000000E+000
 5.7548789E+001, 1.0001380E+000, 1.0190126E+000, 9.1708065E-004, 1.1000000E+001
 5.7627839E+001, 1.0001479E+000, 1.0181712E+000, 9.2510254E-004, 1.1000000E+001
 5.7706888E+001, 1.0001549E+000, 1.0174347E+000, 9.4429463E-004, 1.0000000E+001
 5.7785937E+001, 1.0001589E+000, 1.0167279E+000, 9.0341027E-004, 9.0000000E+000
 5.7864986E+001, 1.0001599E+000, 1.0158877E+000, 9.8042483E-004, 1.0000000E+001
 5.7944035E+001, 1.0001584E+000, 1.0148229E+000, 8.7202559E-004, 1.1000000E+001
 5.8023084E+001, 1.0001549E+000, 1.0135769E+000, 8.3042550E-004, 1.0000000E+001
 5.8102133E+001, 1.0001496E+000, 1.0122001E+000, 9.2906852E-004, 8.0000000E+000
 5.8181182E+001, 1.0001421E+000, 1.0105953E+000, 7.8326038E-004, 1.0000000E+001
 5.8260231E+001, 1.0001321E+000, 1.0088201E+000, 7.6962561E-004, 1.0000000E+001
 5.8339281E+001, 1.0001196E+000, 1.0069779E+000, 9.6007181E-004, 8.0000000E+000
 5.8418330E+001, 1.0001049E+000, 1.0050921E+000, 8.1761217E-004, 7.0000000E+000
 5.8497379E+001, 1.0000880E+000, 1.0030735E+000, 6.1787999E-004, 9.0000000E+000
 5.8576428E+001, 1.0000692E+000, 1.0009986E+000, 5.8776182E-004, 9.0000000E+000
 5.8655477E+001, 1.0000486E+000, 9.9891017E-001, 7.7019110E-004, 8.0000000E+000
 5.8734526E+001, 1.0000264E+000, 9.9684222E-001, 8.0183855E-004, 8.0000000E+000
 5.8813575E+001, 1.0000025E+000, 9.9485962E-001, 8.8353172E-004, 8.0000000E+000
 5.8892624E+001, 9.9997649E-001, 9.9305468E-001, 7.0544292E-004, 9.0000000E+000
 5.8971673E+001, 9.9994894E-001, 9.9146532E-001, 9.2848797E-004, 8.0000000E+000
 5.9050722E+001, 9.9992113E-001, 9.9016203E-001, 9.2026436E-004, 8.0000000E+000
 5.9129772E+001, 9.9989433E-001, 9.8922588E-001, 7.7211416E-004, 9.0000000E+000
 5.9208821E+001, 9.9987064E-001, 9.8867464E-001, 9.2733886E-004, 9.0000000E+000
 5.9287870E+001, 9.9985209E-001, 9.8851118E-001, 8.8090361E-004, 1.0000000E+001
 5.9366919E+001, 9.9984028E-001, 9.8869439E-001, 8.4942686E-004, 1.0000000E+001
 5.9445968E+001, 9.9983482E-001, 9.8913737E-001, 8.8575124E-004, 9.0000000E+000
 5.9525017E+001, 9.9983549E-001, 9.8974896E-001, 8.9637836E-004, 1.0000000E+001
 5.9604066E+001, 9.9984102E-001, 9.9044761E-001, 9.5436351E-004, 1.1000000E+001
 5.9683115E+001, 9.9984980E-001, 9.9124170E-001, 9.7885885E-004, 1.1000000E+001
 5.9762164E+001, 9.9986006E-001, 9.9214879E-001, 9.4917598E-004, 1.1000000E+001
 5.9841214E+001, 9.9987060E-001, 9.9320939E-001, 8.6432187E-004, 1.0000000E+001
 5.9920263E+001, 9.9988114E-001, 9.9445415E-001, 9.6653519E-004, 1.0000000E+001
 5.9999312E+001, 9.9989148E-001, 9.9590314E-001, 8.8473697E-004, 1.1000000E+001
 6.0000000E+001, 9.9989224E-001, 9.9589885E-001, 7.6219823E-004, 2.0000000E+000
