s,C,C,C,C,C,C,C,C,C,C,C,C,C,C,C,C,C,C,C,C,C,C,C,C,C,C,C,C,C,C,C,C,C,C,C,C,m,C,m,C,kg/s,kg/s,kg/s,kg/s,kg/s,kg/s,kg/s,kg/s,kg/s,kg/s,kg/s,kg/s
Time,"null","null","null","null","null","null","null","null","null","null","null","null","null","null","null","null","null","null","null","null","null","null","null","null","null","null","null","null","null","null","null","null","null","null","null","null","Layer_H_1","Layer_T_1","Layer_H_2","Layer_T_1","vent1","vent2","vent3","vent4","vent1 p","vent2 p","vent3 p","vent4 p","vent1 m","vent2 m","vent3 m","vent4 m"
 0.0000000E+000, 2.0000000E+001, 2.0000000E+001, 2.0000000E+001, 2.0000000E+001, 2.0000000E+001, 2.0000000E+001, 2.0000000E+001, 2.0000000E+001, 2.0000000E+001, 2.0000000E+001, 2.0000000E+001, 2.0000000E+001, 2.0000000E+001, 2.0000000E+001, 2.0000000E+001, 2.0000000E+001, 2.0000000E+001, 2.0000000E+001, 2.0000000E+001, 2.0000000E+001, 2.0000000E+001, 2.0000000E+001, 2.0000000E+001, 2.0000000E+001, 2.0000000E+001, 2.0000000E+001, 2.0000000E+001, 2.0000000E+001, 2.0000000E+001, 2.0000000E+001, 2.0000000E+001, 2.0000000E+001, 2.0000000E+001, 2.0000000E+001, 2.0000000E+001, 2.0000000E+001, 7.0004193E+000, 2.0000000E+001, 7.0004193E+000, 2.0000000E+001, 1.2204421E-003,-4.3060359E-004, 1.9928255E-004, 8.9614648E-004, 4.8428177E-003, 3.7758378E-003, 5.0798971E-003, 4.6089093E-003, 3.6223756E-003, 4.2064414E-003, 4.8806146E-003, 3.7127628E-003
 1.5609873E-001, 2.0000004E+001, 2.0000004E+001, 2.0000007E+001, 2.0000007E+001, 2.0000007E+001, 2.0000000E+001, 2.0000000E+001, 2.0000023E+001, 2.0000023E+001, 2.0000023E+001, 2.0000045E+001, 2.0000045E+001, 2.0000020E+001, 2.0000020E+001, 2.0000020E+001, 2.0000000E+001, 2.0000000E+001, 1.9999977E+001, 2.0000013E+001, 2.0000013E+001, 2.0000045E+001, 2.0000045E+001, 2.0000045E+001, 2.0000053E+001, 2.0000053E+001, 2.0000017E+001, 2.0000017E+001, 2.0000017E+001, 1.9999988E+001, 1.9999988E+001, 1.9999992E+001, 1.9999992E+001, 1.9999992E+001, 2.0000009E+001, 2.0000009E+001, 1.9999982E+001, 6.8590858E+000, 1.9999989E+001, 5.7698804E+000, 1.9999978E+001, 9.8782839E-004,-3.9481545E-004, 2.8878915E-005, 7.4438828E-004, 4.6863932E-003, 3.7713725E-003, 4.9655529E-003, 4.4802115E-003, 3.6985648E-003, 4.1661879E-003, 4.9366740E-003, 3.7358232E-003
 3.1219747E-001, 2.0000005E+001, 2.0000005E+001, 2.0000009E+001, 2.0000009E+001, 2.0000009E+001, 2.0000001E+001, 2.0000001E+001, 2.0000032E+001, 2.0000032E+001, 2.0000032E+001, 2.0000064E+001, 2.0000064E+001, 2.0000029E+001, 2.0000029E+001, 2.0000029E+001, 2.0000001E+001, 2.0000001E+001, 1.9999970E+001, 2.0000019E+001, 2.0000019E+001, 2.0000065E+001, 2.0000065E+001, 2.0000065E+001, 2.0000076E+001, 2.0000076E+001, 2.0000024E+001, 2.0000024E+001, 2.0000024E+001, 1.9999983E+001, 1.9999983E+001, 1.9999988E+001, 1.9999988E+001, 1.9999988E+001, 2.0000012E+001, 2.0000012E+001, 1.9999974E+001, 6.8584608E+000, 1.9999986E+001, 5.6425954E+000, 1.9999954E+001, 8.5614065E-004,-3.6017117E-004,-5.8978596E-005, 6.8902571E-004, 4.6036908E-003, 3.7708986E-003, 4.9058715E-003, 4.4282740E-003, 3.7475501E-003, 4.1310698E-003, 4.9648501E-003, 3.7392483E-003
 4.6829620E-001, 2.0000006E+001, 2.0000006E+001, 2.0000012E+001, 2.0000012E+001, 2.0000012E+001, 2.0000001E+001, 2.0000001E+001, 2.0000042E+001, 2.0000042E+001, 2.0000042E+001, 2.0000083E+001, 2.0000083E+001, 2.0000038E+001, 2.0000038E+001, 2.0000038E+001, 2.0000001E+001, 2.0000001E+001, 1.9999963E+001, 2.0000024E+001, 2.0000024E+001, 2.0000085E+001, 2.0000085E+001, 2.0000085E+001, 2.0000098E+001, 2.0000098E+001, 2.0000031E+001, 2.0000031E+001, 2.0000031E+001, 1.9999978E+001, 1.9999978E+001, 1.9999985E+001, 1.9999985E+001, 1.9999985E+001, 2.0000016E+001, 2.0000016E+001, 1.9999967E+001, 6.8551740E+000, 1.9999980E+001, 5.5454490E+000, 1.9999945E+001, 8.1243515E-004,-3.1771707E-004,-6.3079777E-005, 6.8343274E-004, 4.5687748E-003, 3.7780432E-003, 4.8855992E-003, 4.4129539E-003, 3.7563397E-003, 4.0957603E-003, 4.9486790E-003, 3.7295211E-003
 6.2439493E-001, 2.0000008E+001, 2.0000008E+001, 2.0000015E+001, 2.0000015E+001, 2.0000015E+001, 2.0000001E+001, 2.0000001E+001, 2.0000051E+001, 2.0000051E+001, 2.0000051E+001, 2.0000101E+001, 2.0000101E+001, 2.0000047E+001, 2.0000047E+001, 2.0000047E+001, 2.0000002E+001, 2.0000002E+001, 1.9999957E+001, 2.0000030E+001, 2.0000030E+001, 2.0000104E+001, 2.0000104E+001, 2.0000104E+001, 2.0000120E+001, 2.0000120E+001, 2.0000038E+001, 2.0000038E+001, 2.0000038E+001, 1.9999973E+001, 1.9999973E+001, 1.9999982E+001, 1.9999982E+001, 1.9999982E+001, 2.0000019E+001, 2.0000019E+001, 1.9999960E+001, 6.8464776E+000, 1.9999975E+001, 5.5191584E+000, 1.9999934E+001, 8.0755450E-004,-2.9095015E-004,-4.2169853E-005, 6.8942435E-004, 4.5535062E-003, 3.7799335E-003, 4.8760656E-003, 4.4052961E-003, 3.7459517E-003, 4.0708836E-003, 4.9182354E-003, 3.7158718E-003
 7.8049367E-001, 2.0000009E+001, 2.0000009E+001, 2.0000017E+001, 2.0000017E+001, 2.0000017E+001, 2.0000001E+001, 2.0000001E+001, 2.0000060E+001, 2.0000060E+001, 2.0000060E+001, 2.0000119E+001, 2.0000119E+001, 2.0000055E+001, 2.0000055E+001, 2.0000055E+001, 2.0000002E+001, 2.0000002E+001, 1.9999950E+001, 2.0000035E+001, 2.0000035E+001, 2.0000124E+001, 2.0000124E+001, 2.0000124E+001, 2.0000142E+001, 2.0000142E+001, 2.0000045E+001, 2.0000045E+001, 2.0000045E+001, 1.9999969E+001, 1.9999969E+001, 1.9999979E+001, 1.9999979E+001, 1.9999979E+001, 2.0000023E+001, 2.0000023E+001, 1.9999954E+001, 6.8359561E+000, 1.9999969E+001, 5.5033397E+000, 1.9999923E+001, 8.0529197E-004,-2.9680545E-004,-2.3006845E-005, 6.8032326E-004, 4.5393954E-003, 3.7675196E-003, 4.8656605E-003, 4.3879511E-003, 3.7341034E-003, 4.0643251E-003, 4.8886674E-003, 3.7076278E-003
 9.3659240E-001, 2.0000011E+001, 2.0000011E+001, 2.0000019E+001, 2.0000019E+001, 2.0000019E+001, 2.0000001E+001, 2.0000001E+001, 2.0000069E+001, 2.0000069E+001, 2.0000069E+001, 2.0000137E+001, 2.0000137E+001, 2.0000064E+001, 2.0000064E+001, 2.0000064E+001, 2.0000002E+001, 2.0000002E+001, 1.9999944E+001, 2.0000040E+001, 2.0000040E+001, 2.0000143E+001, 2.0000143E+001, 2.0000143E+001, 2.0000164E+001, 2.0000164E+001, 2.0000052E+001, 2.0000052E+001, 2.0000052E+001, 1.9999964E+001, 1.9999964E+001, 1.9999976E+001, 1.9999976E+001, 1.9999976E+001, 2.0000026E+001, 2.0000026E+001, 1.9999947E+001, 6.8243021E+000, 1.9999964E+001, 5.4802426E+000, 1.9999913E+001, 7.9260350E-004,-3.2910805E-004,-9.9024252E-006, 6.5010289E-004, 4.5202643E-003, 3.7429580E-003, 4.8525881E-003, 4.3575488E-003, 3.7276608E-003, 4.0720661E-003, 4.8624905E-003, 3.7074459E-003
 1.0926911E+000, 2.0000012E+001, 2.0000012E+001, 2.0000022E+001, 2.0000022E+001, 2.0000022E+001, 2.0000001E+001, 2.0000001E+001, 2.0000077E+001, 2.0000077E+001, 2.0000077E+001, 2.0000155E+001, 2.0000155E+001, 2.0000072E+001, 2.0000072E+001, 2.0000072E+001, 2.0000003E+001, 2.0000003E+001, 1.9999938E+001, 2.0000045E+001, 2.0000045E+001, 2.0000162E+001, 2.0000162E+001, 2.0000162E+001, 2.0000185E+001, 2.0000185E+001, 2.0000058E+001, 2.0000058E+001, 2.0000058E+001, 1.9999960E+001, 1.9999960E+001, 1.9999973E+001, 1.9999973E+001, 1.9999973E+001, 2.0000030E+001, 2.0000030E+001, 1.9999941E+001, 6.8114846E+000, 1.9999958E+001, 5.4560009E+000, 1.9999902E+001, 7.7005020E-004,-3.6950962E-004,-1.2101938E-006, 6.0690612E-004, 4.4964212E-003, 3.7143402E-003, 4.8376010E-003, 4.3192785E-003, 3.7263710E-003, 4.0838498E-003, 4.8388112E-003, 3.7123723E-003
 1.2487899E+000, 2.0000013E+001, 2.0000013E+001, 2.0000024E+001, 2.0000024E+001, 2.0000024E+001, 2.0000001E+001, 2.0000001E+001, 2.0000086E+001, 2.0000086E+001, 2.0000086E+001, 2.0000172E+001, 2.0000172E+001, 2.0000080E+001, 2.0000080E+001, 2.0000080E+001, 2.0000003E+001, 2.0000003E+001, 1.9999932E+001, 2.0000050E+001, 2.0000050E+001, 2.0000181E+001, 2.0000181E+001, 2.0000181E+001, 2.0000206E+001, 2.0000206E+001, 2.0000064E+001, 2.0000064E+001, 2.0000064E+001, 1.9999956E+001, 1.9999956E+001, 1.9999971E+001, 1.9999971E+001, 1.9999971E+001, 2.0000033E+001, 2.0000033E+001, 1.9999936E+001, 6.7975270E+000, 1.9999953E+001, 5.4438828E+000, 1.9999892E+001, 7.4251532E-004,-4.0143118E-004, 3.3398383E-006, 5.6100250E-004, 4.4702273E-003, 3.6891336E-003, 4.8208736E-003, 4.2793872E-003, 3.7277120E-003, 4.0905648E-003, 4.8175337E-003, 3.7183847E-003
 1.4048886E+000, 2.0000014E+001, 2.0000014E+001, 2.0000026E+001, 2.0000026E+001, 2.0000026E+001, 2.0000001E+001, 2.0000001E+001, 2.0000094E+001, 2.0000094E+001, 2.0000094E+001, 2.0000189E+001, 2.0000189E+001, 2.0000088E+001, 2.0000088E+001, 2.0000088E+001, 2.0000003E+001, 2.0000003E+001, 1.9999927E+001, 2.0000055E+001, 2.0000055E+001, 2.0000200E+001, 2.0000200E+001, 2.0000200E+001, 2.0000227E+001, 2.0000227E+001, 2.0000071E+001, 2.0000071E+001, 2.0000071E+001, 1.9999952E+001, 1.9999952E+001, 1.9999968E+001, 1.9999968E+001, 1.9999968E+001, 2.0000036E+001, 2.0000036E+001, 1.9999930E+001, 6.7836159E+000, 1.9999948E+001, 5.4291521E+000, 1.9999883E+001, 7.1485009E-004,-4.1711470E-004, 2.3041587E-006, 5.1843661E-004, 4.4440099E-003, 3.6708979E-003, 4.8018305E-003, 4.2414865E-003, 3.7291598E-003, 4.0880126E-003, 4.7995263E-003, 3.7230499E-003
 1.5609873E+000, 2.0000015E+001, 2.0000015E+001, 2.0000028E+001, 2.0000028E+001, 2.0000028E+001, 2.0000001E+001, 2.0000001E+001, 2.0000102E+001, 2.0000102E+001, 2.0000102E+001, 2.0000205E+001, 2.0000205E+001, 2.0000096E+001, 2.0000096E+001, 2.0000096E+001, 2.0000003E+001, 2.0000003E+001, 1.9999921E+001, 2.0000059E+001, 2.0000059E+001, 2.0000218E+001, 2.0000218E+001, 2.0000218E+001, 2.0000247E+001, 2.0000247E+001, 2.0000077E+001, 2.0000077E+001, 2.0000077E+001, 1.9999948E+001, 1.9999948E+001, 1.9999966E+001, 1.9999966E+001, 1.9999966E+001, 2.0000040E+001, 2.0000040E+001, 1.9999925E+001, 6.7684391E+000, 1.9999943E+001, 5.4159174E+000, 1.9999873E+001, 6.9046674E-004,-4.1765958E-004,-5.1870440E-006, 4.8115465E-004, 4.4193987E-003, 3.6592371E-003, 4.7801142E-003, 4.2067319E-003, 3.7289320E-003, 4.0768966E-003, 4.7853012E-003, 3.7255772E-003
 1.7170861E+000, 2.0000016E+001, 2.0000016E+001, 2.0000030E+001, 2.0000030E+001, 2.0000030E+001, 2.0000001E+001, 2.0000001E+001, 2.0000110E+001, 2.0000110E+001, 2.0000110E+001, 2.0000222E+001, 2.0000222E+001, 2.0000104E+001, 2.0000104E+001, 2.0000104E+001, 2.0000003E+001, 2.0000003E+001, 1.9999916E+001, 2.0000064E+001, 2.0000064E+001, 2.0000237E+001, 2.0000237E+001, 2.0000237E+001, 2.0000268E+001, 2.0000268E+001, 2.0000082E+001, 2.0000082E+001, 2.0000082E+001, 1.9999944E+001, 1.9999944E+001, 1.9999963E+001, 1.9999963E+001, 1.9999963E+001, 2.0000043E+001, 2.0000043E+001, 1.9999920E+001, 6.7529846E+000, 1.9999938E+001, 5.4046530E+000, 1.9999864E+001, 6.7109084E-004,-4.0923741E-004,-1.7903242E-005, 4.4933077E-004, 4.3972141E-003, 3.6514817E-003, 4.7562445E-003, 4.1752477E-003, 3.7261233E-003, 4.0607191E-003, 4.7741477E-003, 3.7259169E-003
 1.8731848E+000, 2.0000017E+001, 2.0000017E+001, 2.0000032E+001, 2.0000032E+001, 2.0000032E+001, 2.0000001E+001, 2.0000001E+001, 2.0000117E+001, 2.0000117E+001, 2.0000117E+001, 2.0000238E+001, 2.0000238E+001, 2.0000111E+001, 2.0000111E+001, 2.0000111E+001, 2.0000004E+001, 2.0000004E+001, 1.9999911E+001, 2.0000068E+001, 2.0000068E+001, 2.0000255E+001, 2.0000255E+001, 2.0000255E+001, 2.0000287E+001, 2.0000287E+001, 2.0000088E+001, 2.0000088E+001, 2.0000088E+001, 1.9999940E+001, 1.9999940E+001, 1.9999961E+001, 1.9999961E+001, 1.9999961E+001, 2.0000046E+001, 2.0000046E+001, 1.9999916E+001, 6.7367091E+000, 1.9999933E+001, 5.3940274E+000, 1.9999855E+001, 6.5697296E-004,-3.9892305E-004,-3.2909856E-005, 4.2283153E-004, 4.3775687E-003, 3.6445440E-003, 4.7314596E-003, 4.1469965E-003, 3.7205957E-003, 4.0434671E-003, 4.7643694E-003, 3.7241650E-003
 2.0292835E+000, 2.0000018E+001, 2.0000018E+001, 2.0000033E+001, 2.0000033E+001, 2.0000033E+001, 2.0000001E+001, 2.0000001E+001, 2.0000125E+001, 2.0000125E+001, 2.0000125E+001, 2.0000254E+001, 2.0000254E+001, 2.0000119E+001, 2.0000119E+001, 2.0000119E+001, 2.0000004E+001, 2.0000004E+001, 1.9999906E+001, 2.0000073E+001, 2.0000073E+001, 2.0000274E+001, 2.0000274E+001, 2.0000274E+001, 2.0000307E+001, 2.0000307E+001, 2.0000094E+001, 2.0000094E+001, 2.0000094E+001, 1.9999937E+001, 1.9999937E+001, 1.9999959E+001, 1.9999959E+001, 1.9999959E+001, 2.0000049E+001, 2.0000049E+001, 1.9999911E+001, 6.7196747E+000, 1.9999929E+001, 5.3831277E+000, 1.9999846E+001, 6.4725382E-004,-3.9201588E-004,-4.7104129E-005, 4.0141249E-004, 4.3600413E-003, 3.6361088E-003, 4.7070694E-003, 4.1218766E-003, 3.7127875E-003, 4.0281247E-003, 4.7541736E-003, 3.7204641E-003
 2.1853823E+000, 2.0000019E+001, 2.0000019E+001, 2.0000035E+001, 2.0000035E+001, 2.0000035E+001, 2.0000001E+001, 2.0000001E+001, 2.0000132E+001, 2.0000132E+001, 2.0000132E+001, 2.0000269E+001, 2.0000269E+001, 2.0000126E+001, 2.0000126E+001, 2.0000126E+001, 2.0000004E+001, 2.0000004E+001, 1.9999901E+001, 2.0000077E+001, 2.0000077E+001, 2.0000292E+001, 2.0000292E+001, 2.0000292E+001, 2.0000326E+001, 2.0000326E+001, 2.0000099E+001, 2.0000099E+001, 2.0000099E+001, 1.9999933E+001, 1.9999933E+001, 1.9999957E+001, 1.9999957E+001, 1.9999957E+001, 2.0000052E+001, 2.0000052E+001, 1.9999907E+001, 6.7020159E+000, 1.9999924E+001, 5.3754648E+000, 1.9999837E+001, 6.4040750E-004,-3.9116723E-004,-5.8637428E-005, 3.8448286E-004, 4.3438906E-003, 3.6250231E-003, 4.6838522E-003, 4.0995640E-003, 3.7034831E-003, 4.0161903E-003, 4.7424896E-003, 3.7150811E-003
 2.3414810E+000, 2.0000020E+001, 2.0000020E+001, 2.0000036E+001, 2.0000036E+001, 2.0000036E+001, 2.0000000E+001, 2.0000000E+001, 2.0000139E+001, 2.0000139E+001, 2.0000139E+001, 2.0000285E+001, 2.0000285E+001, 2.0000133E+001, 2.0000133E+001, 2.0000133E+001, 2.0000004E+001, 2.0000004E+001, 1.9999896E+001, 2.0000081E+001, 2.0000081E+001, 2.0000310E+001, 2.0000310E+001, 2.0000310E+001, 2.0000345E+001, 2.0000345E+001, 2.0000105E+001, 2.0000105E+001, 2.0000105E+001, 1.9999930E+001, 1.9999930E+001, 1.9999955E+001, 1.9999955E+001, 1.9999955E+001, 2.0000056E+001, 2.0000056E+001, 1.9999903E+001, 6.6839028E+000, 1.9999920E+001, 5.3661189E+000, 1.9999828E+001, 6.3466816E-004,-3.9671092E-004,-6.7482789E-005, 3.7107480E-004, 4.3282624E-003, 3.6111513E-003, 4.6618124E-003, 4.0794885E-003, 3.6935943E-003, 4.0078622E-003, 4.7292952E-003, 3.7084136E-003
 2.4975797E+000, 2.0000021E+001, 2.0000021E+001, 2.0000038E+001, 2.0000038E+001, 2.0000038E+001, 2.0000000E+001, 2.0000000E+001, 2.0000146E+001, 2.0000146E+001, 2.0000146E+001, 2.0000300E+001, 2.0000300E+001, 2.0000140E+001, 2.0000140E+001, 2.0000140E+001, 2.0000004E+001, 2.0000004E+001, 1.9999892E+001, 2.0000085E+001, 2.0000085E+001, 2.0000328E+001, 2.0000328E+001, 2.0000328E+001, 2.0000364E+001, 2.0000364E+001, 2.0000110E+001, 2.0000110E+001, 2.0000110E+001, 1.9999927E+001, 1.9999927E+001, 1.9999953E+001, 1.9999953E+001, 1.9999953E+001, 2.0000059E+001, 2.0000059E+001, 1.9999899E+001, 6.6651593E+000, 1.9999915E+001, 5.3576750E+000, 1.9999820E+001, 6.2844917E-004,-4.0752716E-004,-7.5056116E-005, 3.6006288E-004, 4.3123931E-003, 3.5949932E-003, 4.6403419E-003, 4.0609676E-003, 3.6839439E-003, 4.0025204E-003, 4.7153980E-003, 3.7009047E-003
 2.6536785E+000, 2.0000022E+001, 2.0000022E+001, 2.0000039E+001, 2.0000039E+001, 2.0000039E+001, 2.0000000E+001, 2.0000000E+001, 2.0000153E+001, 2.0000153E+001, 2.0000153E+001, 2.0000315E+001, 2.0000315E+001, 2.0000147E+001, 2.0000147E+001, 2.0000147E+001, 2.0000004E+001, 2.0000004E+001, 1.9999888E+001, 2.0000089E+001, 2.0000089E+001, 2.0000346E+001, 2.0000346E+001, 2.0000346E+001, 2.0000382E+001, 2.0000382E+001, 2.0000115E+001, 2.0000115E+001, 2.0000115E+001, 1.9999924E+001, 1.9999924E+001, 1.9999951E+001, 1.9999951E+001, 1.9999951E+001, 2.0000062E+001, 2.0000062E+001, 1.9999895E+001, 6.6460039E+000, 1.9999911E+001, 5.3498126E+000, 1.9999812E+001, 6.2066965E-004,-4.2186929E-004,-8.3284372E-005, 3.5050862E-004, 4.2957666E-003, 3.5773196E-003, 4.6200803E-003, 4.0434205E-003, 3.6750970E-003, 3.9991889E-003, 4.7033647E-003, 3.6929118E-003
 2.8097772E+000, 2.0000023E+001, 2.0000023E+001, 2.0000041E+001, 2.0000041E+001, 2.0000041E+001, 2.0000000E+001, 2.0000000E+001, 2.0000159E+001, 2.0000159E+001, 2.0000159E+001, 2.0000330E+001, 2.0000330E+001, 2.0000154E+001, 2.0000154E+001, 2.0000154E+001, 2.0000004E+001, 2.0000004E+001, 1.9999883E+001, 2.0000093E+001, 2.0000093E+001, 2.0000363E+001, 2.0000363E+001, 2.0000363E+001, 2.0000400E+001, 2.0000400E+001, 2.0000120E+001, 2.0000120E+001, 2.0000120E+001, 1.9999921E+001, 1.9999921E+001, 1.9999949E+001, 1.9999949E+001, 1.9999949E+001, 2.0000065E+001, 2.0000065E+001, 1.9999892E+001, 6.6263198E+000, 1.9999907E+001, 5.3425396E+000, 1.9999804E+001, 6.1088533E-004,-4.3794400E-004,-9.3670481E-005, 3.4188010E-004, 4.2781757E-003, 3.5589149E-003, 4.5991693E-003, 4.0265059E-003, 3.6672904E-003, 3.9968589E-003, 4.6928397E-003, 3.6846258E-003
 2.9658759E+000, 2.0000024E+001, 2.0000024E+001, 2.0000042E+001, 2.0000042E+001, 2.0000042E+001, 2.0000000E+001, 2.0000000E+001, 2.0000166E+001, 2.0000166E+001, 2.0000166E+001, 2.0000344E+001, 2.0000344E+001, 2.0000160E+001, 2.0000160E+001, 2.0000160E+001, 2.0000003E+001, 2.0000003E+001, 1.9999879E+001, 2.0000096E+001, 2.0000096E+001, 2.0000381E+001, 2.0000381E+001, 2.0000381E+001, 2.0000418E+001, 2.0000418E+001, 2.0000126E+001, 2.0000126E+001, 2.0000126E+001, 1.9999918E+001, 1.9999918E+001, 1.9999947E+001, 1.9999947E+001, 1.9999947E+001, 2.0000068E+001, 2.0000068E+001, 1.9999888E+001, 6.6062089E+000, 1.9999903E+001, 5.3346278E+000, 1.9999797E+001, 5.9928831E-004,-4.5419270E-004,-1.0671917E-004, 3.3410078E-004, 4.2597184E-003, 3.5404545E-003, 4.5770279E-003, 4.0101568E-003, 3.6604301E-003, 3.9946472E-003, 4.6837471E-003, 3.6760560E-003
 3.1219747E+000, 2.0000024E+001, 2.0000024E+001, 2.0000043E+001, 2.0000043E+001, 2.0000043E+001, 1.9999999E+001, 1.9999999E+001, 2.0000172E+001, 2.0000172E+001, 2.0000172E+001, 2.0000359E+001, 2.0000359E+001, 2.0000167E+001, 2.0000167E+001, 2.0000167E+001, 2.0000003E+001, 2.0000003E+001, 1.9999875E+001, 2.0000100E+001, 2.0000100E+001, 2.0000398E+001, 2.0000398E+001, 2.0000398E+001, 2.0000436E+001, 2.0000436E+001, 2.0000130E+001, 2.0000130E+001, 2.0000130E+001, 1.9999915E+001, 1.9999915E+001, 1.9999946E+001, 1.9999946E+001, 1.9999946E+001, 2.0000071E+001, 2.0000071E+001, 1.9999885E+001, 6.5856365E+000, 1.9999899E+001, 5.3281192E+000, 1.9999789E+001, 5.8656559E-004,-4.6935395E-004,-1.2184588E-004, 3.2743431E-004, 4.2407302E-003, 3.5224781E-003, 4.5539474E-003, 3.9945138E-003, 3.6541646E-003, 3.9918321E-003, 4.6757932E-003, 3.6670795E-003
 3.2780734E+000, 2.0000025E+001, 2.0000025E+001, 2.0000044E+001, 2.0000044E+001, 2.0000044E+001, 1.9999999E+001, 1.9999999E+001, 2.0000179E+001, 2.0000179E+001, 2.0000179E+001, 2.0000373E+001, 2.0000373E+001, 2.0000173E+001, 2.0000173E+001, 2.0000173E+001, 2.0000003E+001, 2.0000003E+001, 1.9999872E+001, 2.0000104E+001, 2.0000104E+001, 2.0000416E+001, 2.0000416E+001, 2.0000416E+001, 2.0000453E+001, 2.0000453E+001, 2.0000135E+001, 2.0000135E+001, 2.0000135E+001, 1.9999912E+001, 1.9999912E+001, 1.9999944E+001, 1.9999944E+001, 1.9999944E+001, 2.0000074E+001, 2.0000074E+001, 1.9999882E+001, 6.5646280E+000, 1.9999895E+001, 5.3209338E+000, 1.9999782E+001, 5.7367764E-004,-4.8243089E-004,-1.3768151E-004, 3.2231432E-004, 4.2216767E-003, 3.5054079E-003, 4.5305860E-003, 3.9798238E-003, 3.6479990E-003, 3.9878388E-003, 4.6682675E-003, 3.6575094E-003
 3.4341721E+000, 2.0000026E+001, 2.0000026E+001, 2.0000045E+001, 2.0000045E+001, 2.0000045E+001, 1.9999999E+001, 1.9999999E+001, 2.0000185E+001, 2.0000185E+001, 2.0000185E+001, 2.0000387E+001, 2.0000387E+001, 2.0000179E+001, 2.0000179E+001, 2.0000179E+001, 2.0000003E+001, 2.0000003E+001, 1.9999868E+001, 2.0000107E+001, 2.0000107E+001, 2.0000433E+001, 2.0000433E+001, 2.0000433E+001, 2.0000469E+001, 2.0000469E+001, 2.0000140E+001, 2.0000140E+001, 2.0000140E+001, 1.9999910E+001, 1.9999910E+001, 1.9999942E+001, 1.9999942E+001, 1.9999942E+001, 2.0000077E+001, 2.0000077E+001, 1.9999879E+001, 6.5433052E+000, 1.9999891E+001, 5.3144172E+000, 1.9999775E+001, 5.6161815E-004,-4.9262818E-004,-1.5256053E-004, 3.1918188E-004, 4.2030371E-003, 3.4895786E-003, 4.5077411E-003, 3.9663424E-003, 3.6414190E-003, 3.9822068E-003, 4.6603016E-003, 3.6471605E-003
 3.5902709E+000, 2.0000026E+001, 2.0000026E+001, 2.0000046E+001, 2.0000046E+001, 2.0000046E+001, 1.9999998E+001, 1.9999998E+001, 2.0000191E+001, 2.0000191E+001, 2.0000191E+001, 2.0000401E+001, 2.0000401E+001, 2.0000186E+001, 2.0000186E+001, 2.0000186E+001, 2.0000003E+001, 2.0000003E+001, 1.9999864E+001, 2.0000111E+001, 2.0000111E+001, 2.0000450E+001, 2.0000450E+001, 2.0000450E+001, 2.0000486E+001, 2.0000486E+001, 2.0000145E+001, 2.0000145E+001, 2.0000145E+001, 1.9999907E+001, 1.9999907E+001, 1.9999941E+001, 1.9999941E+001, 1.9999941E+001, 2.0000080E+001, 2.0000080E+001, 1.9999877E+001, 6.5216854E+000, 1.9999888E+001, 5.3083406E+000, 1.9999768E+001, 5.5124875E-004,-4.9929989E-004,-1.6500138E-004, 3.1836304E-004, 4.1852265E-003, 3.4752634E-003, 4.4861212E-003, 3.9542604E-003, 3.6339778E-003, 3.9745633E-003, 4.6511226E-003, 3.6358974E-003
 3.7463696E+000, 2.0000027E+001, 2.0000027E+001, 2.0000047E+001, 2.0000047E+001, 2.0000047E+001, 1.9999998E+001, 1.9999998E+001, 2.0000197E+001, 2.0000197E+001, 2.0000197E+001, 2.0000414E+001, 2.0000414E+001, 2.0000191E+001, 2.0000191E+001, 2.0000191E+001, 2.0000002E+001, 2.0000002E+001, 1.9999861E+001, 2.0000114E+001, 2.0000114E+001, 2.0000467E+001, 2.0000467E+001, 2.0000467E+001, 2.0000502E+001, 2.0000502E+001, 2.0000149E+001, 2.0000149E+001, 2.0000149E+001, 1.9999905E+001, 1.9999905E+001, 1.9999939E+001, 1.9999939E+001, 1.9999939E+001, 2.0000082E+001, 2.0000082E+001, 1.9999874E+001, 6.4994587E+000, 1.9999884E+001, 5.3023199E+000, 1.9999761E+001, 5.4318104E-004,-5.0198370E-004,-1.7402092E-004, 3.2000054E-004, 4.1685395E-003, 3.4626598E-003, 4.4661967E-003, 3.9436626E-003, 3.6253584E-003, 3.9646435E-003, 4.6402177E-003, 3.6236621E-003
 3.9024683E+000, 2.0000027E+001, 2.0000027E+001, 2.0000048E+001, 2.0000048E+001, 2.0000048E+001, 1.9999997E+001, 1.9999997E+001, 2.0000203E+001, 2.0000203E+001, 2.0000203E+001, 2.0000427E+001, 2.0000427E+001, 2.0000197E+001, 2.0000197E+001, 2.0000197E+001, 2.0000002E+001, 2.0000002E+001, 1.9999858E+001, 2.0000117E+001, 2.0000117E+001, 2.0000484E+001, 2.0000484E+001, 2.0000484E+001, 2.0000518E+001, 2.0000518E+001, 2.0000154E+001, 2.0000154E+001, 2.0000154E+001, 1.9999902E+001, 1.9999902E+001, 1.9999938E+001, 1.9999938E+001, 1.9999938E+001, 2.0000085E+001, 2.0000085E+001, 1.9999871E+001, 6.4772667E+000, 1.9999881E+001, 5.2967967E+000, 1.9999755E+001, 5.3771904E-004,-5.0044465E-004,-1.7921968E-004, 3.2401856E-004, 4.1531226E-003, 3.4520232E-003, 4.4481595E-003, 3.9345059E-003, 3.6154036E-003, 3.9524678E-003, 4.6273792E-003, 3.6104873E-003
 4.0585671E+000, 2.0000028E+001, 2.0000028E+001, 2.0000048E+001, 2.0000048E+001, 2.0000048E+001, 1.9999997E+001, 1.9999997E+001, 2.0000208E+001, 2.0000208E+001, 2.0000208E+001, 2.0000441E+001, 2.0000441E+001, 2.0000203E+001, 2.0000203E+001, 2.0000203E+001, 2.0000002E+001, 2.0000002E+001, 1.9999855E+001, 2.0000120E+001, 2.0000120E+001, 2.0000501E+001, 2.0000501E+001, 2.0000501E+001, 2.0000533E+001, 2.0000533E+001, 2.0000158E+001, 2.0000158E+001, 2.0000158E+001, 1.9999900E+001, 1.9999900E+001, 1.9999937E+001, 1.9999937E+001, 1.9999937E+001, 2.0000088E+001, 2.0000088E+001, 1.9999869E+001, 6.4545370E+000, 1.9999877E+001, 5.2916486E+000, 1.9999748E+001, 5.3489215E-004,-4.9472129E-004,-1.8070837E-004, 3.3015963E-004, 4.1389906E-003, 3.4443474E-003, 4.4319577E-003, 3.9266411E-003, 3.6040985E-003, 3.9390686E-003, 4.6126660E-003, 3.5964815E-003
 4.2146658E+000, 2.0000028E+001, 2.0000028E+001, 2.0000049E+001, 2.0000049E+001, 2.0000049E+001, 1.9999997E+001, 1.9999997E+001, 2.0000214E+001, 2.0000214E+001, 2.0000214E+001, 2.0000454E+001, 2.0000454E+001, 2.0000208E+001, 2.0000208E+001, 2.0000208E+001, 2.0000001E+001, 2.0000001E+001, 1.9999852E+001, 2.0000123E+001, 2.0000123E+001, 2.0000518E+001, 2.0000518E+001, 2.0000518E+001, 2.0000548E+001, 2.0000548E+001, 2.0000162E+001, 2.0000162E+001, 2.0000162E+001, 1.9999898E+001, 1.9999898E+001, 1.9999935E+001, 1.9999935E+001, 1.9999935E+001, 2.0000091E+001, 2.0000091E+001, 1.9999867E+001, 6.4317627E+000, 1.9999874E+001, 5.2864730E+000, 1.9999742E+001, 5.3450418E-004,-4.8513606E-004,-1.7890148E-004, 3.3803195E-004, 4.1260497E-003, 3.4384709E-003, 4.4173938E-003, 3.9198415E-003, 3.5915455E-003, 3.9236070E-003, 4.5962953E-003, 3.5818095E-003
 4.3707645E+000, 2.0000029E+001, 2.0000029E+001, 2.0000050E+001, 2.0000050E+001, 2.0000050E+001, 1.9999996E+001, 1.9999996E+001, 2.0000220E+001, 2.0000220E+001, 2.0000220E+001, 2.0000466E+001, 2.0000466E+001, 2.0000214E+001, 2.0000214E+001, 2.0000214E+001, 2.0000001E+001, 2.0000001E+001, 1.9999849E+001, 2.0000126E+001, 2.0000126E+001, 2.0000534E+001, 2.0000534E+001, 2.0000534E+001, 2.0000563E+001, 2.0000563E+001, 2.0000166E+001, 2.0000166E+001, 2.0000166E+001, 1.9999896E+001, 1.9999896E+001, 1.9999934E+001, 1.9999934E+001, 1.9999934E+001, 2.0000094E+001, 2.0000094E+001, 1.9999865E+001, 6.4084396E+000, 1.9999870E+001, 5.2816969E+000, 1.9999736E+001, 5.3624075E-004,-4.7224782E-004,-1.7431955E-004, 3.4716062E-004, 4.1141488E-003, 3.4341306E-003, 4.4042193E-003, 3.9138321E-003, 3.5779080E-003, 3.9063785E-003, 4.5785389E-003, 3.5666714E-003
 4.5268633E+000, 2.0000029E+001, 2.0000029E+001, 2.0000050E+001, 2.0000050E+001, 2.0000050E+001, 1.9999996E+001, 1.9999996E+001, 2.0000225E+001, 2.0000225E+001, 2.0000225E+001, 2.0000479E+001, 2.0000479E+001, 2.0000219E+001, 2.0000219E+001, 2.0000219E+001, 2.0000001E+001, 2.0000001E+001, 1.9999846E+001, 2.0000129E+001, 2.0000129E+001, 2.0000551E+001, 2.0000551E+001, 2.0000551E+001, 2.0000577E+001, 2.0000577E+001, 2.0000171E+001, 2.0000171E+001, 2.0000171E+001, 1.9999893E+001, 1.9999893E+001, 1.9999933E+001, 1.9999933E+001, 1.9999933E+001, 2.0000096E+001, 2.0000096E+001, 1.9999863E+001, 6.3850913E+000, 1.9999867E+001, 5.2768256E+000, 1.9999730E+001, 5.3973723E-004,-4.5677987E-004,-1.6741621E-004, 3.5704791E-004, 4.1031124E-003, 3.4309841E-003, 4.3922163E-003, 3.9083242E-003, 3.5633751E-003, 3.8877640E-003, 4.5596325E-003, 3.5512763E-003
 4.6829620E+000, 2.0000030E+001, 2.0000030E+001, 2.0000051E+001, 2.0000051E+001, 2.0000051E+001, 1.9999995E+001, 1.9999995E+001, 2.0000230E+001, 2.0000230E+001, 2.0000230E+001, 2.0000492E+001, 2.0000492E+001, 2.0000224E+001, 2.0000224E+001, 2.0000224E+001, 2.0000000E+001, 2.0000000E+001, 1.9999843E+001, 2.0000132E+001, 2.0000132E+001, 2.0000568E+001, 2.0000568E+001, 2.0000568E+001, 2.0000591E+001, 2.0000591E+001, 2.0000175E+001, 2.0000175E+001, 2.0000175E+001, 1.9999891E+001, 1.9999891E+001, 1.9999931E+001, 1.9999931E+001, 1.9999931E+001, 2.0000099E+001, 2.0000099E+001, 1.9999861E+001, 6.3615259E+000, 1.9999864E+001, 5.2724760E+000, 1.9999724E+001, 5.4465876E-004,-4.3949332E-004,-1.5849627E-004, 3.6723225E-004, 4.0927790E-003, 3.4286703E-003, 4.3812373E-003, 3.9030496E-003, 3.5481203E-003, 3.8681637E-003, 4.5397336E-003, 3.5358174E-003
 4.8390607E+000, 2.0000030E+001, 2.0000030E+001, 2.0000051E+001, 2.0000051E+001, 2.0000051E+001, 1.9999995E+001, 1.9999995E+001, 2.0000236E+001, 2.0000236E+001, 2.0000236E+001, 2.0000504E+001, 2.0000504E+001, 2.0000229E+001, 2.0000229E+001, 2.0000229E+001, 2.0000000E+001, 2.0000000E+001, 1.9999841E+001, 2.0000135E+001, 2.0000135E+001, 2.0000584E+001, 2.0000584E+001, 2.0000584E+001, 2.0000605E+001, 2.0000605E+001, 2.0000179E+001, 2.0000179E+001, 2.0000179E+001, 1.9999890E+001, 1.9999890E+001, 1.9999930E+001, 1.9999930E+001, 1.9999930E+001, 2.0000102E+001, 2.0000102E+001, 1.9999859E+001, 6.3377606E+000, 1.9999861E+001, 5.2682332E+000, 1.9999719E+001, 5.5074287E-004,-4.2106335E-004,-1.4770026E-004, 3.7733888E-004, 4.0830219E-003, 3.4268690E-003, 4.3712125E-003, 3.8977895E-003, 3.5322790E-003, 3.8479323E-003, 4.5189128E-003, 3.5204506E-003
 4.9951595E+000, 2.0000030E+001, 2.0000030E+001, 2.0000051E+001, 2.0000051E+001, 2.0000051E+001, 1.9999994E+001, 1.9999994E+001, 2.0000241E+001, 2.0000241E+001, 2.0000241E+001, 2.0000516E+001, 2.0000516E+001, 2.0000234E+001, 2.0000234E+001, 2.0000234E+001, 1.9999999E+001, 1.9999999E+001, 1.9999838E+001, 2.0000138E+001, 2.0000138E+001, 2.0000600E+001, 2.0000600E+001, 2.0000600E+001, 2.0000618E+001, 2.0000618E+001, 2.0000182E+001, 2.0000182E+001, 2.0000182E+001, 1.9999888E+001, 1.9999888E+001, 1.9999929E+001, 1.9999929E+001, 1.9999929E+001, 2.0000105E+001, 2.0000105E+001, 1.9999857E+001, 6.3139833E+000, 1.9999858E+001, 5.2638852E+000, 1.9999713E+001, 5.5780414E-004,-4.0202055E-004,-1.3504360E-004, 3.8708457E-004, 4.0737513E-003, 3.4253284E-003, 4.3621314E-003, 3.8923767E-003, 3.5159472E-003, 3.8273490E-003, 4.4971750E-003, 3.5052921E-003
 5.1512582E+000, 2.0000031E+001, 2.0000031E+001, 2.0000052E+001, 2.0000052E+001, 2.0000052E+001, 1.9999993E+001, 1.9999993E+001, 2.0000246E+001, 2.0000246E+001, 2.0000246E+001, 2.0000528E+001, 2.0000528E+001, 2.0000239E+001, 2.0000239E+001, 2.0000239E+001, 1.9999999E+001, 1.9999999E+001, 1.9999836E+001, 2.0000140E+001, 2.0000140E+001, 2.0000616E+001, 2.0000616E+001, 2.0000616E+001, 2.0000632E+001, 2.0000632E+001, 2.0000186E+001, 2.0000186E+001, 2.0000186E+001, 1.9999886E+001, 1.9999886E+001, 1.9999928E+001, 1.9999928E+001, 1.9999928E+001, 2.0000107E+001, 2.0000107E+001, 1.9999855E+001, 6.2897711E+000, 1.9999855E+001, 5.2601528E+000, 1.9999708E+001, 5.6572607E-004,-3.8270830E-004,-1.2048317E-004, 3.9627374E-004, 4.0649109E-003, 3.4238866E-003, 4.3540113E-003, 3.8866934E-003, 3.4991848E-003, 3.8065949E-003, 4.4744945E-003, 3.4904196E-003
 5.3073569E+000, 2.0000031E+001, 2.0000031E+001, 2.0000052E+001, 2.0000052E+001, 2.0000052E+001, 1.9999993E+001, 1.9999993E+001, 2.0000251E+001, 2.0000251E+001, 2.0000251E+001, 2.0000540E+001, 2.0000540E+001, 2.0000243E+001, 2.0000243E+001, 2.0000243E+001, 1.9999998E+001, 1.9999998E+001, 1.9999834E+001, 2.0000143E+001, 2.0000143E+001, 2.0000632E+001, 2.0000632E+001, 2.0000632E+001, 2.0000645E+001, 2.0000645E+001, 2.0000190E+001, 2.0000190E+001, 2.0000190E+001, 1.9999884E+001, 1.9999884E+001, 1.9999927E+001, 1.9999927E+001, 1.9999927E+001, 2.0000110E+001, 2.0000110E+001, 1.9999854E+001, 6.2655442E+000, 1.9999852E+001, 5.2559554E+000, 1.9999703E+001, 5.7443829E-004,-3.6328788E-004,-1.0399896E-004, 4.0476930E-004, 4.0564669E-003, 3.4224687E-003, 4.3468586E-003, 3.8806538E-003, 3.4820286E-003, 3.7857566E-003, 4.4508576E-003, 3.4758846E-003
 5.4634557E+000, 2.0000031E+001, 2.0000031E+001, 2.0000052E+001, 2.0000052E+001, 2.0000052E+001, 1.9999992E+001, 1.9999992E+001, 2.0000256E+001, 2.0000256E+001, 2.0000256E+001, 2.0000552E+001, 2.0000552E+001, 2.0000248E+001, 2.0000248E+001, 2.0000248E+001, 1.9999998E+001, 1.9999998E+001, 1.9999832E+001, 2.0000146E+001, 2.0000146E+001, 2.0000648E+001, 2.0000648E+001, 2.0000648E+001, 2.0000657E+001, 2.0000657E+001, 2.0000194E+001, 2.0000194E+001, 2.0000194E+001, 1.9999883E+001, 1.9999883E+001, 1.9999926E+001, 1.9999926E+001, 1.9999926E+001, 2.0000112E+001, 2.0000112E+001, 1.9999852E+001, 6.2411620E+000, 1.9999849E+001, 5.2528509E+000, 1.9999698E+001, 5.8389107E-004,-3.4379813E-004,-8.5631602E-005, 4.1249258E-004, 4.0483959E-003, 3.4210584E-003, 4.3406510E-003, 3.8742059E-003, 3.4645048E-003, 3.7648565E-003, 4.4262826E-003, 3.4617133E-003
 5.6195544E+000, 2.0000031E+001, 2.0000031E+001, 2.0000052E+001, 2.0000052E+001, 2.0000052E+001, 1.9999992E+001, 1.9999992E+001, 2.0000261E+001, 2.0000261E+001, 2.0000261E+001, 2.0000563E+001, 2.0000563E+001, 2.0000252E+001, 2.0000252E+001, 2.0000252E+001, 1.9999997E+001, 1.9999997E+001, 1.9999830E+001, 2.0000148E+001, 2.0000148E+001, 2.0000664E+001, 2.0000664E+001, 2.0000664E+001, 2.0000670E+001, 2.0000670E+001, 2.0000197E+001, 2.0000197E+001, 2.0000197E+001, 1.9999881E+001, 1.9999881E+001, 1.9999925E+001, 1.9999925E+001, 1.9999925E+001, 2.0000115E+001, 2.0000115E+001, 1.9999850E+001, 6.2165941E+000, 1.9999846E+001, 5.2492924E+000, 1.9999694E+001, 5.9399686E-004,-3.2423257E-004,-6.5536653E-005, 4.1937167E-004, 4.0406555E-003, 3.4196613E-003, 4.3353110E-003, 3.8673006E-003, 3.4466587E-003, 3.7438939E-003, 4.4008477E-003, 3.4479289E-003
 5.7756531E+000, 2.0000031E+001, 2.0000031E+001, 2.0000052E+001, 2.0000052E+001, 2.0000052E+001, 1.9999991E+001, 1.9999991E+001, 2.0000266E+001, 2.0000266E+001, 2.0000266E+001, 2.0000575E+001, 2.0000575E+001, 2.0000256E+001, 2.0000256E+001, 2.0000256E+001, 1.9999997E+001, 1.9999997E+001, 1.9999828E+001, 2.0000151E+001, 2.0000151E+001, 2.0000680E+001, 2.0000680E+001, 2.0000680E+001, 2.0000682E+001, 2.0000682E+001, 2.0000201E+001, 2.0000201E+001, 2.0000201E+001, 1.9999879E+001, 1.9999879E+001, 1.9999924E+001, 1.9999924E+001, 1.9999924E+001, 2.0000118E+001, 2.0000118E+001, 1.9999849E+001, 6.1917954E+000, 1.9999843E+001, 5.2462246E+000, 1.9999689E+001, 6.0461890E-004,-3.0460263E-004,-4.3983676E-005, 4.2534334E-004, 4.0331799E-003, 3.4182748E-003, 4.3307070E-003, 3.8598947E-003, 3.4285610E-003, 3.7228775E-003, 4.3746906E-003, 3.4345513E-003
 5.9317519E+000, 2.0000032E+001, 2.0000032E+001, 2.0000053E+001, 2.0000053E+001, 2.0000053E+001, 1.9999990E+001, 1.9999990E+001, 2.0000271E+001, 2.0000271E+001, 2.0000271E+001, 2.0000586E+001, 2.0000586E+001, 2.0000260E+001, 2.0000260E+001, 2.0000260E+001, 1.9999996E+001, 1.9999996E+001, 1.9999826E+001, 2.0000153E+001, 2.0000153E+001, 2.0000695E+001, 2.0000695E+001, 2.0000695E+001, 2.0000694E+001, 2.0000694E+001, 2.0000204E+001, 2.0000204E+001, 2.0000204E+001, 1.9999878E+001, 1.9999878E+001, 1.9999922E+001, 1.9999922E+001, 1.9999922E+001, 2.0000120E+001, 2.0000120E+001, 1.9999848E+001, 6.1669511E+000, 1.9999840E+001, 5.2431634E+000, 1.9999685E+001, 6.1557289E-004,-2.8500062E-004,-2.1376784E-005, 4.3033900E-004, 4.0258807E-003, 3.4168578E-003, 4.3266431E-003, 3.8519428E-003, 3.4103078E-003, 3.7018585E-003, 4.3480199E-003, 3.4216038E-003
 6.0878506E+000, 2.0000032E+001, 2.0000032E+001, 2.0000053E+001, 2.0000053E+001, 2.0000053E+001, 1.9999990E+001, 1.9999990E+001, 2.0000276E+001, 2.0000276E+001, 2.0000276E+001, 2.0000598E+001, 2.0000598E+001, 2.0000264E+001, 2.0000264E+001, 2.0000264E+001, 1.9999995E+001, 1.9999995E+001, 1.9999824E+001, 2.0000155E+001, 2.0000155E+001, 2.0000711E+001, 2.0000711E+001, 2.0000711E+001, 2.0000705E+001, 2.0000705E+001, 2.0000208E+001, 2.0000208E+001, 2.0000208E+001, 1.9999876E+001, 1.9999876E+001, 1.9999922E+001, 1.9999922E+001, 1.9999922E+001, 2.0000123E+001, 2.0000123E+001, 1.9999846E+001, 6.1421199E+000, 1.9999837E+001, 5.2404229E+000, 1.9999680E+001, 6.2663183E-004,-2.6561691E-004, 1.7791298E-006, 4.3430685E-004, 4.0186492E-003, 3.4153228E-003, 4.3228756E-003, 3.8434114E-003, 3.3920174E-003, 3.6809397E-003, 4.3210965E-003, 3.4091046E-003
 6.2439493E+000, 2.0000032E+001, 2.0000032E+001, 2.0000053E+001, 2.0000053E+001, 2.0000053E+001, 1.9999989E+001, 1.9999989E+001, 2.0000281E+001, 2.0000281E+001, 2.0000281E+001, 2.0000609E+001, 2.0000609E+001, 2.0000268E+001, 2.0000268E+001, 2.0000268E+001, 1.9999995E+001, 1.9999995E+001, 1.9999822E+001, 2.0000158E+001, 2.0000158E+001, 2.0000726E+001, 2.0000726E+001, 2.0000726E+001, 2.0000717E+001, 2.0000717E+001, 2.0000211E+001, 2.0000211E+001, 2.0000211E+001, 1.9999875E+001, 1.9999875E+001, 1.9999921E+001, 1.9999921E+001, 1.9999921E+001, 2.0000125E+001, 2.0000125E+001, 1.9999845E+001, 6.1169494E+000, 1.9999835E+001, 5.2374764E+000, 1.9999676E+001, 6.3754541E-004,-2.4674235E-004, 2.4906239E-005, 4.3722710E-004, 4.0113658E-003, 3.4135343E-003, 4.3191270E-003, 3.8342876E-003, 3.3738204E-003, 3.6602767E-003, 4.2942208E-003, 3.3970605E-003
 6.4000481E+000, 2.0000032E+001, 2.0000032E+001, 2.0000052E+001, 2.0000052E+001, 2.0000052E+001, 1.9999988E+001, 1.9999988E+001, 2.0000286E+001, 2.0000286E+001, 2.0000286E+001, 2.0000620E+001, 2.0000620E+001, 2.0000272E+001, 2.0000272E+001, 2.0000272E+001, 1.9999994E+001, 1.9999994E+001, 1.9999821E+001, 2.0000160E+001, 2.0000160E+001, 2.0000741E+001, 2.0000741E+001, 2.0000741E+001, 2.0000728E+001, 2.0000728E+001, 2.0000214E+001, 2.0000214E+001, 2.0000214E+001, 1.9999874E+001, 1.9999874E+001, 1.9999920E+001, 1.9999920E+001, 1.9999920E+001, 2.0000128E+001, 2.0000128E+001, 1.9999844E+001, 6.0916539E+000, 1.9999832E+001, 5.2347914E+000, 1.9999672E+001, 6.4805901E-004,-2.2873449E-004, 4.7368990E-005, 4.3911839E-004, 4.0039086E-003, 3.4113254E-003, 4.3150913E-003, 3.8245831E-003, 3.3558496E-003, 3.6400598E-003, 4.2677224E-003, 3.3854647E-003
 6.5561468E+000, 2.0000032E+001, 2.0000032E+001, 2.0000052E+001, 2.0000052E+001, 2.0000052E+001, 1.9999987E+001, 1.9999987E+001, 2.0000290E+001, 2.0000290E+001, 2.0000290E+001, 2.0000630E+001, 2.0000630E+001, 2.0000275E+001, 2.0000275E+001, 2.0000275E+001, 1.9999993E+001, 1.9999993E+001, 1.9999820E+001, 2.0000162E+001, 2.0000162E+001, 2.0000757E+001, 2.0000757E+001, 2.0000757E+001, 2.0000738E+001, 2.0000738E+001, 2.0000217E+001, 2.0000217E+001, 2.0000217E+001, 1.9999872E+001, 1.9999872E+001, 1.9999919E+001, 1.9999919E+001, 1.9999919E+001, 2.0000131E+001, 2.0000131E+001, 1.9999843E+001, 6.0663449E+000, 1.9999830E+001, 5.2320538E+000, 1.9999668E+001, 6.5794013E-004,-2.1197480E-004, 6.8522318E-005, 4.4006457E-004, 3.9961667E-003, 3.4085175E-003, 4.3104579E-003, 3.8143498E-003, 3.3382265E-003, 3.6204923E-003, 4.2419355E-003, 3.3742852E-003
 6.7122455E+000, 2.0000032E+001, 2.0000032E+001, 2.0000052E+001, 2.0000052E+001, 2.0000052E+001, 1.9999987E+001, 1.9999987E+001, 2.0000295E+001, 2.0000295E+001, 2.0000295E+001, 2.0000641E+001, 2.0000641E+001, 2.0000279E+001, 2.0000279E+001, 2.0000279E+001, 1.9999993E+001, 1.9999993E+001, 1.9999818E+001, 2.0000164E+001, 2.0000164E+001, 2.0000772E+001, 2.0000772E+001, 2.0000772E+001, 2.0000749E+001, 2.0000749E+001, 2.0000221E+001, 2.0000221E+001, 2.0000221E+001, 1.9999871E+001, 1.9999871E+001, 1.9999918E+001, 1.9999918E+001, 1.9999918E+001, 2.0000133E+001, 2.0000133E+001, 1.9999842E+001, 6.0410851E+000, 1.9999827E+001, 5.2298009E+000, 1.9999665E+001, 6.6699812E-004,-1.9682358E-004, 8.7768972E-005, 4.4020831E-004, 3.9880496E-003, 3.4049425E-003, 4.3049403E-003, 3.8036753E-003, 3.3210515E-003, 3.6017660E-003, 4.2171713E-003, 3.3634670E-003
 6.8683443E+000, 2.0000032E+001, 2.0000032E+001, 2.0000052E+001, 2.0000052E+001, 2.0000052E+001, 1.9999986E+001, 1.9999986E+001, 2.0000299E+001, 2.0000299E+001, 2.0000299E+001, 2.0000652E+001, 2.0000652E+001, 2.0000282E+001, 2.0000282E+001, 2.0000282E+001, 1.9999992E+001, 1.9999992E+001, 1.9999817E+001, 2.0000166E+001, 2.0000166E+001, 2.0000786E+001, 2.0000786E+001, 2.0000786E+001, 2.0000759E+001, 2.0000759E+001, 2.0000224E+001, 2.0000224E+001, 2.0000224E+001, 1.9999870E+001, 1.9999870E+001, 1.9999917E+001, 1.9999917E+001, 1.9999917E+001, 2.0000136E+001, 2.0000136E+001, 1.9999841E+001, 6.0155138E+000, 1.9999824E+001, 5.2272554E+000, 1.9999661E+001, 6.7509359E-004,-1.8357917E-004, 1.0460457E-004, 4.3973959E-004, 3.9794914E-003, 3.4022481E-003, 4.2982965E-003, 3.7926760E-003, 3.3043978E-003, 3.5858273E-003, 4.1936919E-003, 3.3529364E-003
 7.0244430E+000, 2.0000032E+001, 2.0000032E+001, 2.0000052E+001, 2.0000052E+001, 2.0000052E+001, 1.9999985E+001, 1.9999985E+001, 2.0000304E+001, 2.0000304E+001, 2.0000304E+001, 2.0000662E+001, 2.0000662E+001, 2.0000285E+001, 2.0000285E+001, 2.0000285E+001, 1.9999991E+001, 1.9999991E+001, 1.9999816E+001, 2.0000168E+001, 2.0000168E+001, 2.0000801E+001, 2.0000801E+001, 2.0000801E+001, 2.0000770E+001, 2.0000770E+001, 2.0000227E+001, 2.0000227E+001, 2.0000227E+001, 1.9999869E+001, 1.9999869E+001, 1.9999916E+001, 1.9999916E+001, 1.9999916E+001, 2.0000138E+001, 2.0000138E+001, 1.9999840E+001, 5.9900427E+000, 1.9999822E+001, 5.2249569E+000, 1.9999658E+001, 6.8212909E-004,-1.7244941E-004, 1.1863601E-004, 4.3887652E-004, 3.9704461E-003, 3.3988230E-003, 4.2903384E-003, 3.7820580E-003, 3.2883170E-003, 3.5712724E-003, 4.1717024E-003, 3.3431815E-003
 7.1805417E+000, 2.0000032E+001, 2.0000032E+001, 2.0000052E+001, 2.0000052E+001, 2.0000052E+001, 1.9999984E+001, 1.9999984E+001, 2.0000308E+001, 2.0000308E+001, 2.0000308E+001, 2.0000673E+001, 2.0000673E+001, 2.0000289E+001, 2.0000289E+001, 2.0000289E+001, 1.9999990E+001, 1.9999990E+001, 1.9999815E+001, 2.0000170E+001, 2.0000170E+001, 2.0000816E+001, 2.0000816E+001, 2.0000816E+001, 2.0000780E+001, 2.0000780E+001, 2.0000230E+001, 2.0000230E+001, 2.0000230E+001, 1.9999868E+001, 1.9999868E+001, 1.9999915E+001, 1.9999915E+001, 1.9999915E+001, 2.0000141E+001, 2.0000141E+001, 1.9999839E+001, 5.9644875E+000, 1.9999817E+001, 5.2224919E+000, 1.9999654E+001, 6.8803838E-004,-1.6354332E-004, 1.2960460E-004, 4.3782452E-004, 3.9608829E-003, 3.3942535E-003, 4.2809426E-003, 3.7715499E-003, 3.2728445E-003, 3.5577968E-003, 4.1513380E-003, 3.3337254E-003
 7.3366405E+000, 2.0000032E+001, 2.0000032E+001, 2.0000051E+001, 2.0000051E+001, 2.0000051E+001, 1.9999984E+001, 1.9999984E+001, 2.0000313E+001, 2.0000313E+001, 2.0000313E+001, 2.0000683E+001, 2.0000683E+001, 2.0000292E+001, 2.0000292E+001, 2.0000292E+001, 1.9999989E+001, 1.9999989E+001, 1.9999814E+001, 2.0000172E+001, 2.0000172E+001, 2.0000830E+001, 2.0000830E+001, 2.0000830E+001, 2.0000789E+001, 2.0000789E+001, 2.0000232E+001, 2.0000232E+001, 2.0000232E+001, 1.9999867E+001, 1.9999867E+001, 1.9999915E+001, 1.9999915E+001, 1.9999915E+001, 2.0000143E+001, 2.0000143E+001, 1.9999838E+001, 5.9387867E+000, 1.9999808E+001, 5.2205258E+000, 1.9999651E+001, 6.9277887E-004,-1.5685116E-004, 1.3740141E-004, 4.3676679E-004, 3.9507824E-003, 3.3885456E-003, 4.2700569E-003, 3.7610748E-003, 3.2580035E-003, 3.5453967E-003, 4.1326555E-003, 3.3243080E-003
 7.4927392E+000, 2.0000032E+001, 2.0000032E+001, 2.0000051E+001, 2.0000051E+001, 2.0000051E+001, 1.9999983E+001, 1.9999983E+001, 2.0000317E+001, 2.0000317E+001, 2.0000317E+001, 2.0000693E+001, 2.0000693E+001, 2.0000295E+001, 2.0000295E+001, 2.0000295E+001, 1.9999989E+001, 1.9999989E+001, 1.9999813E+001, 2.0000174E+001, 2.0000174E+001, 2.0000845E+001, 2.0000845E+001, 2.0000845E+001, 2.0000799E+001, 2.0000799E+001, 2.0000235E+001, 2.0000235E+001, 2.0000235E+001, 1.9999866E+001, 1.9999866E+001, 1.9999914E+001, 1.9999914E+001, 1.9999914E+001, 2.0000146E+001, 2.0000146E+001, 1.9999837E+001, 5.9132193E+000, 1.9999799E+001, 5.2183709E+000, 1.9999648E+001, 6.9631519E-004,-1.5226798E-004, 1.4206153E-004, 4.3583421E-004, 3.9401285E-003, 3.3817527E-003, 4.2576994E-003, 3.7507171E-003, 3.2438133E-003, 3.5340207E-003, 4.1156379E-003, 3.3148829E-003
 7.6488379E+000, 2.0000031E+001, 2.0000031E+001, 2.0000051E+001, 2.0000051E+001, 2.0000051E+001, 1.9999982E+001, 1.9999982E+001, 2.0000321E+001, 2.0000321E+001, 2.0000321E+001, 2.0000704E+001, 2.0000704E+001, 2.0000297E+001, 2.0000297E+001, 2.0000297E+001, 1.9999988E+001, 1.9999988E+001, 1.9999812E+001, 2.0000176E+001, 2.0000176E+001, 2.0000859E+001, 2.0000859E+001, 2.0000859E+001, 2.0000808E+001, 2.0000808E+001, 2.0000238E+001, 2.0000238E+001, 2.0000238E+001, 1.9999865E+001, 1.9999865E+001, 1.9999913E+001, 1.9999913E+001, 1.9999913E+001, 2.0000149E+001, 2.0000149E+001, 1.9999837E+001, 5.8875650E+000, 1.9999791E+001, 5.2164767E+000, 1.9999645E+001, 6.9859119E-004,-1.4963151E-004, 1.4373386E-004, 4.3507548E-004, 3.9288945E-003, 3.3739572E-003, 4.2439443E-003, 3.7405087E-003, 3.2303033E-003, 3.5235887E-003, 4.1002105E-003, 3.3054332E-003
 7.8049367E+000, 2.0000031E+001, 2.0000031E+001, 2.0000050E+001, 2.0000050E+001, 2.0000050E+001, 1.9999981E+001, 1.9999981E+001, 2.0000326E+001, 2.0000326E+001, 2.0000326E+001, 2.0000714E+001, 2.0000714E+001, 2.0000300E+001, 2.0000300E+001, 2.0000300E+001, 1.9999987E+001, 1.9999987E+001, 1.9999811E+001, 2.0000178E+001, 2.0000178E+001, 2.0000873E+001, 2.0000873E+001, 2.0000873E+001, 2.0000817E+001, 2.0000817E+001, 2.0000241E+001, 2.0000241E+001, 2.0000241E+001, 1.9999864E+001, 1.9999864E+001, 1.9999912E+001, 1.9999912E+001, 1.9999912E+001, 2.0000151E+001, 2.0000151E+001, 1.9999836E+001, 5.8618092E+000, 1.9999783E+001, 5.2146645E+000, 1.9999642E+001, 6.9952738E-004,-1.4872973E-004, 1.4266353E-004, 4.3445427E-004, 3.9170420E-003, 3.3652658E-003, 4.2289111E-003, 3.7304273E-003, 3.2175147E-003, 3.5139955E-003, 4.0862476E-003, 3.2959730E-003
 7.9610354E+000, 2.0000031E+001, 2.0000031E+001, 2.0000050E+001, 2.0000050E+001, 2.0000050E+001, 1.9999980E+001, 1.9999980E+001, 2.0000330E+001, 2.0000330E+001, 2.0000330E+001, 2.0000723E+001, 2.0000723E+001, 2.0000303E+001, 2.0000303E+001, 2.0000303E+001, 1.9999986E+001, 1.9999986E+001, 1.9999810E+001, 2.0000180E+001, 2.0000180E+001, 2.0000887E+001, 2.0000887E+001, 2.0000887E+001, 2.0000826E+001, 2.0000826E+001, 2.0000243E+001, 2.0000243E+001, 2.0000243E+001, 1.9999863E+001, 1.9999863E+001, 1.9999912E+001, 1.9999912E+001, 1.9999912E+001, 2.0000154E+001, 2.0000154E+001, 1.9999835E+001, 5.8361858E+000, 1.9999775E+001, 5.2127956E+000, 1.9999640E+001, 6.9903440E-004,-1.4932617E-004, 1.3917042E-004, 4.3384944E-004, 3.9045280E-003, 3.3557967E-003, 4.2127553E-003, 3.7203963E-003, 3.2054936E-003, 3.5051229E-003, 4.0735849E-003, 3.2865468E-003
 8.1171341E+000, 2.0000031E+001, 2.0000031E+001, 2.0000049E+001, 2.0000049E+001, 2.0000049E+001, 1.9999979E+001, 1.9999979E+001, 2.0000334E+001, 2.0000334E+001, 2.0000334E+001, 2.0000733E+001, 2.0000733E+001, 2.0000305E+001, 2.0000305E+001, 2.0000305E+001, 1.9999985E+001, 1.9999985E+001, 1.9999810E+001, 2.0000182E+001, 2.0000182E+001, 2.0000901E+001, 2.0000901E+001, 2.0000901E+001, 2.0000835E+001, 2.0000835E+001, 2.0000246E+001, 2.0000246E+001, 2.0000246E+001, 1.9999862E+001, 1.9999862E+001, 1.9999911E+001, 1.9999911E+001, 1.9999911E+001, 2.0000156E+001, 2.0000156E+001, 1.9999834E+001, 5.8106375E+000, 1.9999767E+001, 5.2110983E+000, 1.9999637E+001, 6.9700178E-004,-1.5119091E-004, 1.3361797E-004, 4.3307082E-004, 3.8912994E-003, 3.3456642E-003, 4.1956533E-003, 3.7102949E-003, 3.1942976E-003, 3.4968551E-003, 4.0620354E-003, 3.2772241E-003
 8.2732329E+000, 2.0000031E+001, 2.0000031E+001, 2.0000049E+001, 2.0000049E+001, 2.0000049E+001, 1.9999978E+001, 1.9999978E+001, 2.0000338E+001, 2.0000338E+001, 2.0000338E+001, 2.0000743E+001, 2.0000743E+001, 2.0000308E+001, 2.0000308E+001, 2.0000308E+001, 1.9999984E+001, 1.9999984E+001, 1.9999809E+001, 2.0000183E+001, 2.0000183E+001, 2.0000915E+001, 2.0000915E+001, 2.0000915E+001, 2.0000843E+001, 2.0000843E+001, 2.0000249E+001, 2.0000249E+001, 2.0000249E+001, 1.9999861E+001, 1.9999861E+001, 1.9999910E+001, 1.9999910E+001, 1.9999910E+001, 2.0000159E+001, 2.0000159E+001, 1.9999834E+001, 5.7849325E+000, 1.9999759E+001, 5.2094703E+000, 1.9999635E+001, 6.9330830E-004,-1.5411674E-004, 1.2637560E-004, 4.3186099E-004, 3.8772974E-003, 3.3349705E-003, 4.1777843E-003, 3.6999591E-003, 3.1839891E-003, 3.4890872E-003, 4.0514087E-003, 3.2680981E-003
 8.4293316E+000, 2.0000030E+001, 2.0000030E+001, 2.0000048E+001, 2.0000048E+001, 2.0000048E+001, 1.9999977E+001, 1.9999977E+001, 2.0000343E+001, 2.0000343E+001, 2.0000343E+001, 2.0000753E+001, 2.0000753E+001, 2.0000310E+001, 2.0000310E+001, 2.0000310E+001, 1.9999983E+001, 1.9999983E+001, 1.9999809E+001, 2.0000185E+001, 2.0000185E+001, 2.0000928E+001, 2.0000928E+001, 2.0000928E+001, 2.0000851E+001, 2.0000851E+001, 2.0000251E+001, 2.0000251E+001, 2.0000251E+001, 1.9999861E+001, 1.9999861E+001, 1.9999910E+001, 1.9999910E+001, 1.9999910E+001, 2.0000162E+001, 2.0000162E+001, 1.9999833E+001, 5.7593503E+000, 1.9999752E+001, 5.2077658E+000, 1.9999633E+001, 6.8784390E-004,-1.5791267E-004, 1.1780109E-004, 4.2994063E-004, 3.8624678E-003, 3.3238098E-003, 4.1593207E-003, 3.6892102E-003, 3.1746239E-003, 3.4817225E-003, 4.0415196E-003, 3.2592695E-003
 8.5854303E+000, 2.0000030E+001, 2.0000030E+001, 2.0000048E+001, 2.0000048E+001, 2.0000048E+001, 1.9999976E+001, 1.9999976E+001, 2.0000347E+001, 2.0000347E+001, 2.0000347E+001, 2.0000762E+001, 2.0000762E+001, 2.0000312E+001, 2.0000312E+001, 2.0000312E+001, 1.9999982E+001, 1.9999982E+001, 1.9999808E+001, 2.0000187E+001, 2.0000187E+001, 2.0000942E+001, 2.0000942E+001, 2.0000942E+001, 2.0000860E+001, 2.0000860E+001, 2.0000254E+001, 2.0000254E+001, 2.0000254E+001, 1.9999860E+001, 1.9999860E+001, 1.9999909E+001, 1.9999909E+001, 1.9999909E+001, 2.0000164E+001, 2.0000164E+001, 1.9999833E+001, 5.7338270E+000, 1.9999745E+001, 5.2064563E+000, 1.9999630E+001, 6.8054039E-004,-1.6242894E-004, 1.0822559E-004, 4.2702333E-004, 3.8467770E-003, 3.3122560E-003, 4.1404216E-003, 3.6778643E-003, 3.1662366E-003, 3.4746850E-003, 4.0321960E-003, 3.2508410E-003
 8.7415291E+000, 2.0000030E+001, 2.0000030E+001, 2.0000047E+001, 2.0000047E+001, 2.0000047E+001, 1.9999975E+001, 1.9999975E+001, 2.0000351E+001, 2.0000351E+001, 2.0000351E+001, 2.0000772E+001, 2.0000772E+001, 2.0000314E+001, 2.0000314E+001, 2.0000314E+001, 1.9999981E+001, 1.9999981E+001, 1.9999808E+001, 2.0000189E+001, 2.0000189E+001, 2.0000955E+001, 2.0000955E+001, 2.0000955E+001, 2.0000867E+001, 2.0000867E+001, 2.0000256E+001, 2.0000256E+001, 2.0000256E+001, 1.9999859E+001, 1.9999859E+001, 1.9999908E+001, 1.9999908E+001, 1.9999908E+001, 2.0000167E+001, 2.0000167E+001, 1.9999832E+001, 5.7083027E+000, 1.9999738E+001, 5.2052298E+000, 1.9999628E+001, 6.7137032E-004,-1.6753110E-004, 9.7927862E-005, 4.2284324E-004, 3.8302113E-003, 3.3003752E-003, 4.1212210E-003, 3.6657501E-003, 3.1588410E-003, 3.4679063E-003, 4.0232931E-003, 3.2429068E-003
 8.8976278E+000, 2.0000029E+001, 2.0000029E+001, 2.0000047E+001, 2.0000047E+001, 2.0000047E+001, 1.9999974E+001, 1.9999974E+001, 2.0000355E+001, 2.0000355E+001, 2.0000355E+001, 2.0000781E+001, 2.0000781E+001, 2.0000316E+001, 2.0000316E+001, 2.0000316E+001, 1.9999980E+001, 1.9999980E+001, 1.9999808E+001, 2.0000190E+001, 2.0000190E+001, 2.0000968E+001, 2.0000968E+001, 2.0000968E+001, 2.0000875E+001, 2.0000875E+001, 2.0000259E+001, 2.0000259E+001, 2.0000259E+001, 1.9999859E+001, 1.9999859E+001, 1.9999908E+001, 1.9999908E+001, 1.9999908E+001, 2.0000169E+001, 2.0000169E+001, 1.9999832E+001, 5.6827571E+000, 1.9999731E+001, 5.2040558E+000, 1.9999627E+001, 6.6036828E-004,-1.7311226E-004, 8.7166516E-005, 4.1719453E-004, 3.8127875E-003, 3.2882211E-003, 4.1018429E-003, 3.6527340E-003, 3.1524192E-003, 3.4613334E-003, 4.0146764E-003, 3.2355394E-003
 9.0537265E+000, 2.0000029E+001, 2.0000029E+001, 2.0000046E+001, 2.0000046E+001, 2.0000046E+001, 1.9999974E+001, 1.9999974E+001, 2.0000359E+001, 2.0000359E+001, 2.0000359E+001, 2.0000791E+001, 2.0000791E+001, 2.0000318E+001, 2.0000318E+001, 2.0000318E+001, 1.9999979E+001, 1.9999979E+001, 1.9999808E+001, 2.0000192E+001, 2.0000192E+001, 2.0000981E+001, 2.0000981E+001, 2.0000981E+001, 2.0000883E+001, 2.0000883E+001, 2.0000261E+001, 2.0000261E+001, 2.0000261E+001, 1.9999858E+001, 1.9999858E+001, 1.9999907E+001, 1.9999907E+001, 1.9999907E+001, 2.0000172E+001, 2.0000172E+001, 1.9999832E+001, 5.6575085E+000, 1.9999725E+001, 5.2028130E+000, 1.9999625E+001, 6.4762936E-004,-1.7907783E-004, 7.6170791E-005, 4.0993185E-004, 3.7945510E-003, 3.2758436E-003, 4.0823974E-003, 3.6387205E-003, 3.1469216E-003, 3.4549214E-003, 4.0062266E-003, 3.2287887E-003
 9.2098253E+000, 2.0000029E+001, 2.0000029E+001, 2.0000045E+001, 2.0000045E+001, 2.0000045E+001, 1.9999973E+001, 1.9999973E+001, 2.0000363E+001, 2.0000363E+001, 2.0000363E+001, 2.0000800E+001, 2.0000800E+001, 2.0000320E+001, 2.0000320E+001, 2.0000320E+001, 1.9999978E+001, 1.9999978E+001, 1.9999808E+001, 2.0000194E+001, 2.0000194E+001, 2.0000994E+001, 2.0000994E+001, 2.0000994E+001, 2.0000890E+001, 2.0000890E+001, 2.0000264E+001, 2.0000264E+001, 2.0000264E+001, 1.9999857E+001, 1.9999857E+001, 1.9999906E+001, 1.9999906E+001, 1.9999906E+001, 2.0000175E+001, 2.0000175E+001, 1.9999831E+001, 5.6320880E+000, 1.9999718E+001, 5.2018385E+000, 1.9999623E+001, 6.3332546E-004,-1.8534243E-004, 6.5138745E-005, 4.0098705E-004, 3.7755845E-003, 3.2632880E-003, 4.0629789E-003, 3.6236634E-003, 3.1422590E-003, 3.4486304E-003, 3.9978402E-003, 3.2226764E-003
 9.3659240E+000, 2.0000028E+001, 2.0000028E+001, 2.0000045E+001, 2.0000045E+001, 2.0000045E+001, 1.9999972E+001, 1.9999972E+001, 2.0000367E+001, 2.0000367E+001, 2.0000367E+001, 2.0000809E+001, 2.0000809E+001, 2.0000322E+001, 2.0000322E+001, 2.0000322E+001, 1.9999977E+001, 1.9999977E+001, 1.9999808E+001, 2.0000195E+001, 2.0000195E+001, 2.0001007E+001, 2.0001007E+001, 2.0001007E+001, 2.0000898E+001, 2.0000898E+001, 2.0000266E+001, 2.0000266E+001, 2.0000266E+001, 1.9999857E+001, 1.9999857E+001, 1.9999906E+001, 1.9999906E+001, 1.9999906E+001, 2.0000177E+001, 2.0000177E+001, 1.9999831E+001, 5.6068379E+000, 1.9999712E+001, 5.2009266E+000, 1.9999621E+001, 6.1769898E-004,-1.9182176E-004, 5.4251198E-005, 3.9036771E-004, 3.7560049E-003, 3.2506004E-003, 4.0436728E-003, 3.6075646E-003, 3.1383059E-003, 3.4424221E-003, 3.9894216E-003, 3.2171969E-003
 9.5220227E+000, 2.0000028E+001, 2.0000028E+001, 2.0000044E+001, 2.0000044E+001, 2.0000044E+001, 1.9999971E+001, 1.9999971E+001, 2.0000371E+001, 2.0000371E+001, 2.0000371E+001, 2.0000818E+001, 2.0000818E+001, 2.0000323E+001, 2.0000323E+001, 2.0000323E+001, 1.9999976E+001, 1.9999976E+001, 1.9999808E+001, 2.0000197E+001, 2.0000197E+001, 2.0001019E+001, 2.0001019E+001, 2.0001019E+001, 2.0000905E+001, 2.0000905E+001, 2.0000268E+001, 2.0000268E+001, 2.0000268E+001, 1.9999856E+001, 1.9999856E+001, 1.9999905E+001, 1.9999905E+001, 1.9999905E+001, 2.0000180E+001, 2.0000180E+001, 1.9999831E+001, 5.5816138E+000, 1.9999706E+001, 5.2001304E+000, 1.9999620E+001, 6.0105422E-004,-1.9842269E-004, 4.3660935E-005, 3.7816745E-004, 3.7359588E-003, 3.2378320E-003, 4.0245514E-003, 3.5904811E-003, 3.1349046E-003, 3.4362547E-003, 3.9808905E-003, 3.2123136E-003
 9.6781215E+000, 2.0000027E+001, 2.0000027E+001, 2.0000043E+001, 2.0000043E+001, 2.0000043E+001, 1.9999970E+001, 1.9999970E+001, 2.0000375E+001, 2.0000375E+001, 2.0000375E+001, 2.0000827E+001, 2.0000827E+001, 2.0000325E+001, 2.0000325E+001, 2.0000325E+001, 1.9999975E+001, 1.9999975E+001, 1.9999808E+001, 2.0000198E+001, 2.0000198E+001, 2.0001032E+001, 2.0001032E+001, 2.0001032E+001, 2.0000912E+001, 2.0000912E+001, 2.0000271E+001, 2.0000271E+001, 2.0000271E+001, 1.9999856E+001, 1.9999856E+001, 1.9999905E+001, 1.9999905E+001, 1.9999905E+001, 2.0000183E+001, 2.0000183E+001, 1.9999830E+001, 5.5565892E+000, 1.9999700E+001, 5.1994550E+000, 1.9999619E+001, 5.8373247E-004,-2.0505183E-004, 3.3512426E-005, 3.6456076E-004, 3.7156118E-003, 3.2250349E-003, 4.0056835E-003, 3.5725218E-003, 3.1318793E-003, 3.4300868E-003, 3.9721711E-003, 3.2079611E-003
 9.8342202E+000, 2.0000027E+001, 2.0000027E+001, 2.0000043E+001, 2.0000043E+001, 2.0000043E+001, 1.9999969E+001, 1.9999969E+001, 2.0000379E+001, 2.0000379E+001, 2.0000379E+001, 2.0000836E+001, 2.0000836E+001, 2.0000326E+001, 2.0000326E+001, 2.0000326E+001, 1.9999974E+001, 1.9999974E+001, 1.9999808E+001, 2.0000200E+001, 2.0000200E+001, 2.0001044E+001, 2.0001044E+001, 2.0001044E+001, 2.0000919E+001, 2.0000919E+001, 2.0000273E+001, 2.0000273E+001, 2.0000273E+001, 1.9999855E+001, 1.9999855E+001, 1.9999904E+001, 1.9999904E+001, 1.9999904E+001, 2.0000186E+001, 2.0000186E+001, 1.9999830E+001, 5.5315193E+000, 1.9999695E+001, 5.1988422E+000, 1.9999617E+001, 5.6609964E-004,-2.1159844E-004, 2.3943656E-005, 3.4978576E-004, 3.6951408E-003, 3.2122703E-003, 3.9871350E-003, 3.5538369E-003, 3.1290411E-003, 3.4238688E-003, 3.9631913E-003, 3.2040512E-003
 9.9903189E+000, 2.0000026E+001, 2.0000026E+001, 2.0000042E+001, 2.0000042E+001, 2.0000042E+001, 1.9999968E+001, 1.9999968E+001, 2.0000383E+001, 2.0000383E+001, 2.0000383E+001, 2.0000845E+001, 2.0000845E+001, 2.0000327E+001, 2.0000327E+001, 2.0000327E+001, 1.9999972E+001, 1.9999972E+001, 1.9999808E+001, 2.0000201E+001, 2.0000201E+001, 2.0001056E+001, 2.0001056E+001, 2.0001056E+001, 2.0000926E+001, 2.0000926E+001, 2.0000275E+001, 2.0000275E+001, 2.0000275E+001, 1.9999855E+001, 1.9999855E+001, 1.9999903E+001, 1.9999903E+001, 1.9999903E+001, 2.0000188E+001, 2.0000188E+001, 1.9999830E+001, 5.5066207E+000, 1.9999689E+001, 5.1983003E+000, 1.9999616E+001, 5.4852910E-004,-2.1794724E-004, 1.5081522E-005, 3.3412911E-004, 3.6747259E-003, 3.1996019E-003, 3.9689667E-003, 3.5346081E-003, 3.1261968E-003, 3.4175492E-003, 3.9538852E-003, 3.2004790E-003
 1.0000000E+001, 2.0000026E+001, 2.0000026E+001, 2.0000042E+001, 2.0000042E+001, 2.0000042E+001, 1.9999968E+001, 1.9999968E+001, 2.0000383E+001, 2.0000383E+001, 2.0000383E+001, 2.0000846E+001, 2.0000846E+001, 2.0000327E+001, 2.0000327E+001, 2.0000327E+001, 1.9999972E+001, 1.9999972E+001, 1.9999808E+001, 2.0000201E+001, 2.0000201E+001, 2.0001057E+001, 2.0001057E+001, 2.0001057E+001, 2.0000926E+001, 2.0000926E+001, 2.0000275E+001, 2.0000275E+001, 2.0000275E+001, 1.9999855E+001, 1.9999855E+001, 1.9999903E+001, 1.9999903E+001, 1.9999903E+001, 2.0000189E+001, 2.0000189E+001, 1.9999830E+001, 5.5051061E+000, 1.9999686E+001, 5.1984357E+000, 1.9999616E+001, 5.4754468E-004,-2.1810400E-004, 1.5254924E-005, 3.3235492E-004, 3.6735103E-003, 3.1989339E-003, 3.9681899E-003, 3.5328982E-003, 3.1259656E-003, 3.4170379E-003, 3.9529350E-003, 3.2005433E-003
