s,m/s,
Time,"error","iter"
 0.0000000E+000, 0.0000000E+000, 0.0000000E+000
 2.9563182E-002, 4.8437619E-002, 5.0000000E+000
 5.4037706E-002, 5.5245778E-002, 1.0000000E+001
 7.2958670E-002, 4.9695933E-002, 8.0000000E+000
 8.9800733E-002, 4.5981215E-002, 1.0000000E+000
 1.0664280E-001, 2.7410282E-002, 1.0000000E+000
 1.2348486E-001, 1.9886799E-002, 1.0000000E+000
 1.4032692E-001, 4.8770597E-002, 1.0000000E+000
 1.5716899E-001, 4.9220984E-002, 5.0000000E+000
 1.7401105E-001, 4.7359761E-002, 2.0000000E+000
 1.9085311E-001, 4.8869815E-002, 1.0000000E+000
 2.0769517E-001, 5.5168505E-002, 4.0000000E+000
 2.2453724E-001, 6.2810836E-002, 4.0000000E+000
 2.4137930E-001, 6.4403562E-002, 4.0000000E+000
 2.5822136E-001, 5.7646156E-002, 4.0000000E+000
 2.7506343E-001, 4.9851920E-002, 1.0000000E+000
 2.9190549E-001, 4.1185254E-002, 1.0000000E+000
 3.0874755E-001, 3.0746775E-002, 1.0000000E+000
 3.2558962E-001, 1.9122109E-002, 1.0000000E+000
 3.4243168E-001, 6.9871600E-003, 1.0000000E+000
 3.5927374E-001, 7.9210793E-003, 1.0000000E+000
 3.7780001E-001, 1.7467271E-002, 1.0000000E+000
 3.9632628E-001, 2.8689972E-002, 1.0000000E+000
 4.1485255E-001, 3.8346444E-002, 1.0000000E+000
 4.3337882E-001, 4.6211706E-002, 1.0000000E+000
 4.5190509E-001, 4.9175631E-002, 2.0000000E+000
 4.7043136E-001, 4.8691142E-002, 2.0000000E+000
 4.8895763E-001, 4.7566256E-002, 2.0000000E+000
 5.0748390E-001, 4.7636313E-002, 1.0000000E+000
 5.2601017E-001, 4.7400970E-002, 1.0000000E+000
 5.4453644E-001, 4.7393109E-002, 1.0000000E+000
 5.6306271E-001, 4.5963631E-002, 1.0000000E+000
 5.8158898E-001, 4.3734938E-002, 1.0000000E+000
 6.0011524E-001, 4.0739125E-002, 1.0000000E+000
 6.1864151E-001, 3.7549434E-002, 1.0000000E+000
 6.3716778E-001, 3.4462229E-002, 1.0000000E+000
 6.5569405E-001, 3.1892063E-002, 1.0000000E+000
 6.7422032E-001, 2.9095617E-002, 1.0000000E+000
 6.9274659E-001, 2.5819968E-002, 1.0000000E+000
 7.1127286E-001, 2.2058199E-002, 1.0000000E+000
 7.2979913E-001, 1.7880959E-002, 1.0000000E+000
 7.4832540E-001, 1.3416841E-002, 1.0000000E+000
 7.6685167E-001, 8.8263473E-003, 1.0000000E+000
 7.8537794E-001, 5.3746758E-003, 1.0000000E+000
 8.0390421E-001, 2.3512112E-003, 1.0000000E+000
 8.2243048E-001, 4.1139920E-003, 1.0000000E+000
 8.4095675E-001, 7.7379981E-003, 1.0000000E+000
 8.5948302E-001, 1.0896515E-002, 1.0000000E+000
 8.7800929E-001, 1.3568825E-002, 1.0000000E+000
 8.9653556E-001, 1.5761255E-002, 1.0000000E+000
 9.1506182E-001, 1.7498797E-002, 1.0000000E+000
 9.3358809E-001, 1.8816590E-002, 1.0000000E+000
 9.5211436E-001, 1.9752746E-002, 1.0000000E+000
 9.7064063E-001, 2.0343446E-002, 1.0000000E+000
 9.8916690E-001, 2.0620558E-002, 1.0000000E+000
 1.0076932E+000, 2.0611367E-002, 1.0000000E+000
 1.0262194E+000, 2.0339678E-002, 1.0000000E+000
 1.0447457E+000, 1.9827409E-002, 1.0000000E+000
 1.0632720E+000, 1.9096022E-002, 1.0000000E+000
 1.0817982E+000, 1.8167392E-002, 1.0000000E+000
 1.1003245E+000, 1.7064065E-002, 1.0000000E+000
 1.1188508E+000, 1.5809052E-002, 1.0000000E+000
 1.1373771E+000, 1.4425426E-002, 1.0000000E+000
 1.1559033E+000, 1.2935970E-002, 1.0000000E+000
 1.1744296E+000, 1.1363003E-002, 1.0000000E+000
 1.1929559E+000, 9.7284324E-003, 1.0000000E+000
 1.2114821E+000, 8.0539633E-003, 1.0000000E+000
 1.2300084E+000, 6.3613233E-003, 1.0000000E+000
 1.2485347E+000, 4.6836388E-003, 1.0000000E+000
 1.2670609E+000, 3.2459591E-003, 1.0000000E+000
 1.2855872E+000, 1.8518567E-003, 1.0000000E+000
 1.3041135E+000, 1.0311380E-003, 1.0000000E+000
 1.3226398E+000, 2.5173576E-003, 1.0000000E+000
 1.3411660E+000, 3.9088148E-003, 1.0000000E+000
 1.3596923E+000, 5.1920051E-003, 1.0000000E+000
 1.3782186E+000, 6.3554894E-003, 1.0000000E+000
 1.3967448E+000, 7.3901716E-003, 1.0000000E+000
 1.4152711E+000, 8.2894980E-003, 1.0000000E+000
 1.4337974E+000, 9.0495490E-003, 1.0000000E+000
 1.4523236E+000, 9.6709674E-003, 1.0000000E+000
 1.4708499E+000, 1.0185696E-002, 1.0000000E+000
 1.4893762E+000, 1.0569902E-002, 1.0000000E+000
 1.5079024E+000, 1.0829280E-002, 1.0000000E+000
 1.5264287E+000, 1.0971647E-002, 1.0000000E+000
 1.5449550E+000, 1.1006632E-002, 1.0000000E+000
 1.5634813E+000, 1.0945358E-002, 1.0000000E+000
 1.5820075E+000, 1.0800146E-002, 1.0000000E+000
 1.6005338E+000, 1.0584229E-002, 1.0000000E+000
 1.6190601E+000, 1.0311486E-002, 1.0000000E+000
 1.6375863E+000, 9.9961622E-003, 1.0000000E+000
 1.6561126E+000, 9.6525543E-003, 1.0000000E+000
 1.6746389E+000, 9.2946284E-003, 1.0000000E+000
 1.6931651E+000, 8.9355216E-003, 1.0000000E+000
 1.7116914E+000, 8.5868595E-003, 1.0000000E+000
 1.7302177E+000, 8.2578280E-003, 1.0000000E+000
 1.7487439E+000, 7.9539666E-003, 1.0000000E+000
 1.7672702E+000, 7.6757342E-003, 1.0000000E+000
 1.7857965E+000, 7.4170336E-003, 1.0000000E+000
 1.8043228E+000, 7.1639969E-003, 1.0000000E+000
 1.8228490E+000, 6.8944571E-003, 1.0000000E+000
 1.8413753E+000, 6.5785835E-003, 1.0000000E+000
 1.8599016E+000, 6.1810955E-003, 1.0000000E+000
 1.8784278E+000, 5.6652524E-003, 1.0000000E+000
 1.8969541E+000, 4.9984101E-003, 1.0000000E+000
 1.9154804E+000, 4.9965658E-003, 1.0000000E+000
 1.9340066E+000, 5.4668807E-003, 1.0000000E+000
 1.9525329E+000, 5.8354324E-003, 1.0000000E+000
 1.9710592E+000, 6.0966200E-003, 1.0000000E+000
 1.9895855E+000, 6.2488099E-003, 1.0000000E+000
 2.0081117E+000, 6.2963748E-003, 1.0000000E+000
 2.0266380E+000, 6.2514149E-003, 1.0000000E+000
 2.0432901E+000, 5.5229844E-003, 1.0000000E+000
 2.0599423E+000, 5.1125154E-003, 1.0000000E+000
 2.0765944E+000, 5.6272306E-003, 1.0000000E+000
 2.0932466E+000, 5.8306796E-003, 1.0000000E+000
 2.1098987E+000, 5.5847727E-003, 1.0000000E+000
 2.1248130E+000, 4.5380226E-003, 1.0000000E+000
 2.1397274E+000, 4.3886005E-003, 1.0000000E+000
 2.1546417E+000, 4.1407011E-003, 1.0000000E+000
 2.1695560E+000, 4.1229186E-003, 1.0000000E+000
 2.1844704E+000, 4.7275909E-003, 1.0000000E+000
 2.1993847E+000, 5.2532485E-003, 1.0000000E+000
 2.2142990E+000, 5.6520198E-003, 1.0000000E+000
 2.2292134E+000, 5.9280134E-003, 1.0000000E+000
 2.2441277E+000, 6.0983897E-003, 1.0000000E+000
 2.2590420E+000, 6.1748409E-003, 1.0000000E+000
 2.2739564E+000, 6.1610104E-003, 1.0000000E+000
 2.2888707E+000, 6.0544431E-003, 1.0000000E+000
 2.3037850E+000, 5.8484165E-003, 1.0000000E+000
 2.3186993E+000, 5.6802711E-003, 1.0000000E+000
 2.3336137E+000, 5.6552622E-003, 1.0000000E+000
 2.3485280E+000, 5.4636098E-003, 1.0000000E+000
 2.3634423E+000, 5.1552807E-003, 1.0000000E+000
 2.3783567E+000, 4.7851721E-003, 1.0000000E+000
 2.3932710E+000, 4.4041650E-003, 1.0000000E+000
 2.4081853E+000, 4.0512833E-003, 1.0000000E+000
 2.4230997E+000, 3.7486720E-003, 1.0000000E+000
 2.4380140E+000, 3.5003667E-003, 1.0000000E+000
 2.4529283E+000, 3.2946765E-003, 1.0000000E+000
 2.4678427E+000, 3.1090233E-003, 1.0000000E+000
 2.4827570E+000, 3.5062369E-003, 1.0000000E+000
 2.4976713E+000, 4.3173862E-003, 1.0000000E+000
 2.5125857E+000, 5.0237144E-003, 1.0000000E+000
 2.5275000E+000, 5.6026805E-003, 1.0000000E+000
 2.5424143E+000, 6.0331214E-003, 1.0000000E+000
 2.5573287E+000, 6.2970610E-003, 1.0000000E+000
 2.5722430E+000, 6.3822143E-003, 1.0000000E+000
 2.5871573E+000, 6.2846088E-003, 1.0000000E+000
 2.6020717E+000, 6.0105182E-003, 1.0000000E+000
 2.6169860E+000, 5.5768650E-003, 1.0000000E+000
 2.6319003E+000, 5.0095435E-003, 1.0000000E+000
 2.6468147E+000, 4.3398240E-003, 1.0000000E+000
 2.6617290E+000, 3.5996832E-003, 1.0000000E+000
 2.6766433E+000, 2.8174779E-003, 1.0000000E+000
 2.6930491E+000, 2.6566362E-003, 1.0000000E+000
 2.7094548E+000, 3.0480176E-003, 1.0000000E+000
 2.7258606E+000, 3.3511898E-003, 1.0000000E+000
 2.7422664E+000, 3.6793581E-003, 1.0000000E+000
 2.7586721E+000, 4.0605460E-003, 1.0000000E+000
 2.7750779E+000, 4.4001197E-003, 1.0000000E+000
 2.7914837E+000, 4.6153820E-003, 1.0000000E+000
 2.8078894E+000, 4.6852208E-003, 1.0000000E+000
 2.8242952E+000, 5.3081552E-003, 1.0000000E+000
 2.8407010E+000, 5.9071184E-003, 1.0000000E+000
 2.8571067E+000, 6.3791431E-003, 1.0000000E+000
 2.8735125E+000, 6.6996930E-003, 1.0000000E+000
 2.8880942E+000, 4.5394692E-003, 1.0000000E+000
 2.9026758E+000, 4.5753815E-003, 1.0000000E+000
 2.9172575E+000, 4.9820992E-003, 1.0000000E+000
 2.9318392E+000, 4.9313289E-003, 1.0000000E+000
 2.9464209E+000, 4.3837397E-003, 1.0000000E+000
 2.9610026E+000, 3.5395518E-003, 1.0000000E+000
 2.9755842E+000, 2.7488899E-003, 1.0000000E+000
 2.9901659E+000, 2.7256487E-003, 1.0000000E+000
 3.0047476E+000, 2.7473878E-003, 1.0000000E+000
 3.0193293E+000, 2.7881543E-003, 1.0000000E+000
 3.0339109E+000, 2.8390143E-003, 1.0000000E+000
 3.0484926E+000, 3.2433577E-003, 1.0000000E+000
 3.0645324E+000, 4.3580840E-003, 1.0000000E+000
 3.0805723E+000, 5.6841322E-003, 1.0000000E+000
 3.0966121E+000, 6.9931422E-003, 1.0000000E+000
 3.1126520E+000, 8.0104038E-003, 1.0000000E+000
 3.1286918E+000, 8.6028169E-003, 1.0000000E+000
 3.1447317E+000, 8.7806726E-003, 1.0000000E+000
 3.1607715E+000, 8.6182504E-003, 1.0000000E+000
 3.1768113E+000, 8.1943537E-003, 1.0000000E+000
 3.1911785E+000, 6.3226834E-003, 1.0000000E+000
 3.2055457E+000, 5.5203898E-003, 1.0000000E+000
 3.2199128E+000, 5.0013356E-003, 1.0000000E+000
 3.2342800E+000, 6.3447478E-003, 1.0000000E+000
 3.2486472E+000, 7.1168278E-003, 1.0000000E+000
 3.2630143E+000, 7.4605631E-003, 1.0000000E+000
 3.2773815E+000, 7.4582105E-003, 1.0000000E+000
 3.2917487E+000, 7.1183002E-003, 1.0000000E+000
 3.3061158E+000, 6.4310916E-003, 1.0000000E+000
 3.3204830E+000, 5.4092866E-003, 1.0000000E+000
 3.3348502E+000, 4.1004730E-003, 1.0000000E+000
 3.3492173E+000, 3.0446370E-003, 1.0000000E+000
 3.3635845E+000, 2.8015574E-003, 1.0000000E+000
 3.3779517E+000, 2.9252846E-003, 1.0000000E+000
 3.3923188E+000, 3.2148473E-003, 1.0000000E+000
 3.4066860E+000, 3.4366271E-003, 1.0000000E+000
 3.4210532E+000, 4.4419295E-003, 1.0000000E+000
 3.4354203E+000, 5.1372781E-003, 1.0000000E+000
 3.4481155E+000, 4.3992923E-003, 1.0000000E+000
 3.4608107E+000, 4.3600603E-003, 1.0000000E+000
 3.4735059E+000, 4.3233097E-003, 1.0000000E+000
 3.4862010E+000, 4.1258631E-003, 1.0000000E+000
 3.4988962E+000, 3.8532742E-003, 1.0000000E+000
 3.5115914E+000, 3.5983120E-003, 1.0000000E+000
 3.5242865E+000, 3.3895620E-003, 1.0000000E+000
 3.5369817E+000, 3.2146454E-003, 1.0000000E+000
 3.5496769E+000, 3.2610902E-003, 1.0000000E+000
 3.5636416E+000, 3.7989249E-003, 1.0000000E+000
 3.5776063E+000, 4.1066061E-003, 1.0000000E+000
 3.5915710E+000, 3.9405082E-003, 1.0000000E+000
 3.6055356E+000, 3.4632784E-003, 1.0000000E+000
 3.6195003E+000, 2.8374584E-003, 1.0000000E+000
 3.6348615E+000, 2.5296408E-003, 1.0000000E+000
 3.6502226E+000, 2.1171443E-003, 1.0000000E+000
 3.6655838E+000, 1.6977984E-003, 1.0000000E+000
 3.6809450E+000, 1.5325902E-003, 1.0000000E+000
 3.6963061E+000, 2.5846925E-003, 1.0000000E+000
 3.7116673E+000, 3.8525186E-003, 1.0000000E+000
 3.7270284E+000, 4.8736390E-003, 1.0000000E+000
 3.7423896E+000, 5.6219100E-003, 1.0000000E+000
 3.7577508E+000, 6.0733703E-003, 1.0000000E+000
 3.7731119E+000, 6.2172910E-003, 1.0000000E+000
 3.7884731E+000, 6.0677276E-003, 1.0000000E+000
 3.8038342E+000, 5.6646309E-003, 1.0000000E+000
 3.8191954E+000, 5.0661857E-003, 1.0000000E+000
 3.8345565E+000, 4.3377106E-003, 1.0000000E+000
 3.8499177E+000, 3.5413820E-003, 1.0000000E+000
 3.8652789E+000, 3.1202112E-003, 1.0000000E+000
 3.8806400E+000, 3.2134992E-003, 1.0000000E+000
 3.8960012E+000, 3.2747617E-003, 1.0000000E+000
 3.9113623E+000, 3.2996248E-003, 1.0000000E+000
 3.9267235E+000, 3.2857346E-003, 1.0000000E+000
 3.9420846E+000, 3.2328046E-003, 1.0000000E+000
 3.9574458E+000, 3.1425105E-003, 1.0000000E+000
 3.9728070E+000, 3.3971092E-003, 1.0000000E+000
 3.9881681E+000, 4.0423741E-003, 1.0000000E+000
 4.0035293E+000, 4.5311290E-003, 1.0000000E+000
 4.0188904E+000, 4.8363670E-003, 1.0000000E+000
 4.0342516E+000, 4.9446376E-003, 1.0000000E+000
 4.0496128E+000, 4.8565619E-003, 1.0000000E+000
 4.0649739E+000, 4.5863876E-003, 1.0000000E+000
 4.0803351E+000, 4.1605212E-003, 1.0000000E+000
 4.0956962E+000, 3.6150711E-003, 1.0000000E+000
 4.1110574E+000, 3.6566111E-003, 1.0000000E+000
 4.1264185E+000, 3.7546585E-003, 1.0000000E+000
 4.1417797E+000, 3.8446701E-003, 1.0000000E+000
 4.1571409E+000, 3.9169075E-003, 1.0000000E+000
 4.1725020E+000, 3.9621134E-003, 1.0000000E+000
 4.1878632E+000, 3.9727054E-003, 1.0000000E+000
 4.2032243E+000, 3.9437721E-003, 1.0000000E+000
 4.2185855E+000, 3.8737324E-003, 1.0000000E+000
 4.2339467E+000, 3.7645594E-003, 1.0000000E+000
 4.2493078E+000, 3.6215302E-003, 1.0000000E+000
 4.2646690E+000, 3.4525282E-003, 1.0000000E+000
 4.2800301E+000, 3.2669913E-003, 1.0000000E+000
 4.2953913E+000, 3.0746593E-003, 1.0000000E+000
 4.3107524E+000, 2.9519923E-003, 1.0000000E+000
 4.3261136E+000, 3.1264991E-003, 1.0000000E+000
 4.3414748E+000, 3.2654169E-003, 1.0000000E+000
 4.3568359E+000, 3.3724878E-003, 1.0000000E+000
 4.3721971E+000, 3.4527184E-003, 1.0000000E+000
 4.3875582E+000, 3.5116453E-003, 1.0000000E+000
 4.4029194E+000, 3.5546107E-003, 1.0000000E+000
 4.4182805E+000, 3.5861498E-003, 1.0000000E+000
 4.4336417E+000, 3.6095691E-003, 1.0000000E+000
 4.4490029E+000, 3.6267566E-003, 1.0000000E+000
 4.4643640E+000, 3.6382176E-003, 1.0000000E+000
 4.4797252E+000, 3.6432955E-003, 1.0000000E+000
 4.4950863E+000, 3.6405078E-003, 1.0000000E+000
 4.5104475E+000, 3.6279242E-003, 1.0000000E+000
 4.5258087E+000, 3.6035192E-003, 1.0000000E+000
 4.5411698E+000, 3.5654591E-003, 1.0000000E+000
 4.5565310E+000, 3.5123032E-003, 1.0000000E+000
 4.5718921E+000, 3.4431003E-003, 1.0000000E+000
 4.5872533E+000, 3.3574992E-003, 1.0000000E+000
 4.6026144E+000, 3.2556344E-003, 1.0000000E+000
 4.6179756E+000, 3.1380495E-003, 1.0000000E+000
 4.6333368E+000, 3.0056038E-003, 1.0000000E+000
 4.6486979E+000, 2.8592211E-003, 1.0000000E+000
 4.6640591E+000, 3.0443057E-003, 1.0000000E+000
 4.6794202E+000, 3.9734470E-003, 1.0000000E+000
 4.6947814E+000, 4.9061960E-003, 1.0000000E+000
 4.7101426E+000, 5.7632016E-003, 1.0000000E+000
 4.7255037E+000, 6.5052338E-003, 1.0000000E+000
 4.7408649E+000, 7.0957055E-003, 1.0000000E+000
 4.7562260E+000, 7.5029772E-003, 1.0000000E+000
 4.7715872E+000, 7.7029120E-003, 1.0000000E+000
 4.7869483E+000, 7.6814693E-003, 1.0000000E+000
 4.8023095E+000, 7.4369103E-003, 1.0000000E+000
 4.8176707E+000, 6.9809271E-003, 1.0000000E+000
 4.8330318E+000, 6.3380885E-003, 1.0000000E+000
 4.8483930E+000, 5.5432875E-003, 1.0000000E+000
 4.8637541E+000, 4.6374449E-003, 1.0000000E+000
 4.8775788E+000, 2.4116540E-003, 1.0000000E+000
 4.8914034E+000, 2.4285731E-003, 1.0000000E+000
 4.9052281E+000, 2.7473145E-003, 1.0000000E+000
 4.9190527E+000, 2.9384631E-003, 1.0000000E+000
 4.9328774E+000, 3.2820157E-003, 1.0000000E+000
 4.9467020E+000, 3.4855773E-003, 1.0000000E+000
 4.9605267E+000, 3.5259981E-003, 1.0000000E+000
 4.9743513E+000, 3.4468355E-003, 1.0000000E+000
 4.9881759E+000, 3.2944153E-003, 1.0000000E+000
 5.0020006E+000, 3.0912750E-003, 1.0000000E+000
 5.0158252E+000, 3.5963170E-003, 1.0000000E+000
 5.0296499E+000, 4.1571050E-003, 1.0000000E+000
 5.0434745E+000, 4.6797326E-003, 1.0000000E+000
 5.0572992E+000, 5.1548629E-003, 1.0000000E+000
 5.0711238E+000, 5.5719031E-003, 1.0000000E+000
 5.0849485E+000, 5.9188514E-003, 1.0000000E+000
 5.0987731E+000, 6.1831448E-003, 1.0000000E+000
 5.1125978E+000, 6.3529599E-003, 1.0000000E+000
 5.1264224E+000, 6.4185339E-003, 1.0000000E+000
 5.1402470E+000, 6.3733170E-003, 1.0000000E+000
 5.1540717E+000, 6.2148072E-003, 1.0000000E+000
 5.1678963E+000, 5.9450784E-003, 1.0000000E+000
 5.1817210E+000, 5.5708911E-003, 1.0000000E+000
 5.1955456E+000, 5.1034332E-003, 1.0000000E+000
 5.2093703E+000, 4.5577016E-003, 1.0000000E+000
 5.2231949E+000, 3.9650758E-003, 1.0000000E+000
 5.2370196E+000, 3.9512681E-003, 1.0000000E+000
 5.2508442E+000, 3.8759530E-003, 1.0000000E+000
 5.2646689E+000, 4.0775690E-003, 1.0000000E+000
 5.2784935E+000, 4.3756670E-003, 1.0000000E+000
 5.2923182E+000, 4.6279869E-003, 1.0000000E+000
 5.3061428E+000, 4.8250550E-003, 1.0000000E+000
 5.3199674E+000, 4.9599670E-003, 1.0000000E+000
 5.3337921E+000, 5.0288006E-003, 1.0000000E+000
 5.3476167E+000, 5.0306889E-003, 1.0000000E+000
 5.3614414E+000, 4.9677077E-003, 1.0000000E+000
 5.3752660E+000, 4.8444990E-003, 1.0000000E+000
 5.3890907E+000, 4.6676868E-003, 1.0000000E+000
 5.4029153E+000, 4.4452221E-003, 1.0000000E+000
 5.4167400E+000, 4.1856989E-003, 1.0000000E+000
 5.4305646E+000, 3.8977299E-003, 1.0000000E+000
 5.4443893E+000, 3.5894424E-003, 1.0000000E+000
 5.4582139E+000, 3.2680678E-003, 1.0000000E+000
 5.4720385E+000, 2.9397208E-003, 1.0000000E+000
 5.4858632E+000, 2.6093077E-003, 1.0000000E+000
 5.4996878E+000, 2.2805512E-003, 1.0000000E+000
 5.5135125E+000, 2.1866935E-003, 1.0000000E+000
 5.5273371E+000, 2.3291769E-003, 1.0000000E+000
 5.5411618E+000, 2.4450280E-003, 1.0000000E+000
 5.5549864E+000, 2.5408938E-003, 1.0000000E+000
 5.5688111E+000, 2.6242201E-003, 1.0000000E+000
 5.5826357E+000, 2.7027644E-003, 1.0000000E+000
 5.5964604E+000, 2.7840651E-003, 1.0000000E+000
 5.6102850E+000, 2.8749155E-003, 1.0000000E+000
 5.6241096E+000, 2.9808229E-003, 1.0000000E+000
 5.6379343E+000, 3.1055388E-003, 1.0000000E+000
 5.6517589E+000, 3.3322980E-003, 1.0000000E+000
 5.6655836E+000, 3.7534876E-003, 1.0000000E+000
 5.6794082E+000, 4.2359244E-003, 1.0000000E+000
 5.6932329E+000, 4.7777429E-003, 1.0000000E+000
 5.7070575E+000, 5.3743380E-003, 1.0000000E+000
 5.7208822E+000, 6.0180856E-003, 1.0000000E+000
 5.7347068E+000, 6.6982478E-003, 1.0000000E+000
 5.7485315E+000, 7.4010663E-003, 1.0000000E+000
 5.7623561E+000, 8.1101111E-003, 1.0000000E+000
 5.7761808E+000, 8.8067675E-003, 1.0000000E+000
 5.7900054E+000, 9.4707942E-003, 1.0000000E+000
 5.8038300E+000, 1.0080909E-002, 1.0000000E+000
 5.8176547E+000, 1.0615326E-002, 1.0000000E+000
 5.8314793E+000, 1.1052227E-002, 1.0000000E+000
 5.8453040E+000, 1.1370146E-002, 1.0000000E+000
 5.8591286E+000, 1.1548399E-002, 1.0000000E+000
 5.8729533E+000, 1.1567486E-002, 1.0000000E+000
 5.8867779E+000, 1.1409674E-002, 1.0000000E+000
 5.9006026E+000, 1.1059755E-002, 1.0000000E+000
 5.9127064E+000, 7.6267282E-003, 1.0000000E+000
 5.9248103E+000, 7.1326053E-003, 1.0000000E+000
 5.9369141E+000, 7.0732957E-003, 1.0000000E+000
 5.9490180E+000, 6.5607383E-003, 1.0000000E+000
 5.9597537E+000, 4.3823222E-003, 1.0000000E+000
 5.9704893E+000, 3.7168769E-003, 1.0000000E+000
 5.9812250E+000, 3.2528175E-003, 1.0000000E+000
 5.9919607E+000, 3.2058417E-003, 1.0000000E+000
 6.0026963E+000, 3.1984548E-003, 1.0000000E+000
 6.0134320E+000, 3.2007139E-003, 1.0000000E+000
 6.0241677E+000, 3.2357195E-003, 1.0000000E+000
 6.0337929E+000, 2.7189428E-003, 1.0000000E+000
 6.0434181E+000, 2.7677116E-003, 1.0000000E+000
 6.0530432E+000, 2.8752109E-003, 1.0000000E+000
 6.0626684E+000, 2.8245656E-003, 1.0000000E+000
 6.0722936E+000, 2.6523474E-003, 1.0000000E+000
 6.0819188E+000, 2.9196440E-003, 1.0000000E+000
 6.0915440E+000, 3.2801882E-003, 1.0000000E+000
 6.1011692E+000, 3.5937073E-003, 1.0000000E+000
 6.1107943E+000, 3.8655478E-003, 1.0000000E+000
 6.1204195E+000, 4.0931400E-003, 1.0000000E+000
 6.1300447E+000, 4.2732756E-003, 1.0000000E+000
 6.1396699E+000, 4.4052322E-003, 1.0000000E+000
 6.1492951E+000, 4.4911364E-003, 1.0000000E+000
 6.1589203E+000, 4.5356629E-003, 1.0000000E+000
 6.1695080E+000, 5.0642481E-003, 1.0000000E+000
 6.1800957E+000, 5.5287138E-003, 1.0000000E+000
 6.1906834E+000, 5.6597698E-003, 1.0000000E+000
 6.2012711E+000, 5.5665587E-003, 1.0000000E+000
 6.2118588E+000, 5.4187662E-003, 1.0000000E+000
 6.2224465E+000, 5.3132280E-003, 1.0000000E+000
 6.2330342E+000, 5.2763525E-003, 1.0000000E+000
 6.2436219E+000, 5.3021723E-003, 1.0000000E+000
 6.2542096E+000, 5.3771060E-003, 1.0000000E+000
 6.2636837E+000, 4.2835446E-003, 1.0000000E+000
 6.2731579E+000, 4.2388189E-003, 1.0000000E+000
 6.2826320E+000, 4.5810772E-003, 1.0000000E+000
 6.2921062E+000, 4.9075114E-003, 1.0000000E+000
 6.3015803E+000, 5.1144049E-003, 1.0000000E+000
 6.3110545E+000, 5.2326500E-003, 1.0000000E+000
 6.3205286E+000, 5.3096474E-003, 1.0000000E+000
 6.3300027E+000, 5.3736186E-003, 1.0000000E+000
 6.3394769E+000, 5.4370174E-003, 1.0000000E+000
 6.3489510E+000, 5.5044583E-003, 1.0000000E+000
 6.3584252E+000, 5.5756828E-003, 1.0000000E+000
 6.3678993E+000, 5.6460866E-003, 1.0000000E+000
 6.3773735E+000, 5.7077659E-003, 1.0000000E+000
 6.3868476E+000, 5.7514516E-003, 1.0000000E+000
 6.3963218E+000, 5.7684558E-003, 1.0000000E+000
 6.4067433E+000, 6.3198200E-003, 1.0000000E+000
 6.4171649E+000, 6.7656087E-003, 1.0000000E+000
 6.4275865E+000, 6.8200433E-003, 1.0000000E+000
 6.4380080E+000, 6.6229976E-003, 1.0000000E+000
 6.4484296E+000, 6.3324213E-003, 1.0000000E+000
 6.4588512E+000, 6.0066346E-003, 1.0000000E+000
 6.4692727E+000, 5.6434714E-003, 1.0000000E+000
 6.4796943E+000, 5.2323596E-003, 1.0000000E+000
 6.4901158E+000, 4.7728867E-003, 1.0000000E+000
 6.5005374E+000, 4.2719894E-003, 1.0000000E+000
 6.5109590E+000, 3.7385927E-003, 1.0000000E+000
 6.5213805E+000, 3.1823373E-003, 1.0000000E+000
 6.5318021E+000, 2.6147108E-003, 1.0000000E+000
 6.5422237E+000, 2.0497394E-003, 1.0000000E+000
 6.5526452E+000, 2.1750886E-003, 1.0000000E+000
 6.5630668E+000, 2.3631011E-003, 1.0000000E+000
 6.5734883E+000, 2.5484419E-003, 1.0000000E+000
 6.5839099E+000, 2.7220512E-003, 1.0000000E+000
 6.5943315E+000, 2.8758494E-003, 1.0000000E+000
 6.6047530E+000, 3.0030017E-003, 1.0000000E+000
 6.6151746E+000, 3.0978314E-003, 1.0000000E+000
 6.6255962E+000, 3.1556086E-003, 1.0000000E+000
 6.6360177E+000, 3.1723238E-003, 1.0000000E+000
 6.6474814E+000, 3.2837236E-003, 1.0000000E+000
 6.6589452E+000, 3.5291403E-003, 1.0000000E+000
 6.6715553E+000, 3.8066961E-003, 1.0000000E+000
 6.6841653E+000, 3.9806302E-003, 1.0000000E+000
 6.6967754E+000, 3.7871366E-003, 1.0000000E+000
 6.7093855E+000, 3.2495411E-003, 1.0000000E+000
 6.7219956E+000, 2.5225747E-003, 1.0000000E+000
 6.7346057E+000, 2.5629716E-003, 1.0000000E+000
 6.7472158E+000, 2.6758856E-003, 1.0000000E+000
 6.7598259E+000, 2.7520735E-003, 1.0000000E+000
 6.7724360E+000, 2.7871610E-003, 1.0000000E+000
 6.7850461E+000, 2.7855941E-003, 1.0000000E+000
 6.7976562E+000, 2.7541403E-003, 1.0000000E+000
 6.8102663E+000, 2.6986128E-003, 1.0000000E+000
 6.8228763E+000, 2.6236081E-003, 1.0000000E+000
 6.8354864E+000, 2.5333987E-003, 1.0000000E+000
 6.8480965E+000, 2.6328315E-003, 1.0000000E+000
 6.8607066E+000, 2.9616995E-003, 1.0000000E+000
 6.8733167E+000, 3.3203475E-003, 1.0000000E+000
 6.8859268E+000, 3.7062906E-003, 1.0000000E+000
 6.8985369E+000, 4.1096835E-003, 1.0000000E+000
 6.9111470E+000, 4.5145552E-003, 1.0000000E+000
 6.9237571E+000, 4.9020188E-003, 1.0000000E+000
 6.9363672E+000, 5.2532867E-003, 1.0000000E+000
 6.9489772E+000, 5.5524160E-003, 1.0000000E+000
 6.9615873E+000, 5.7879246E-003, 1.0000000E+000
 6.9741974E+000, 5.9534190E-003, 1.0000000E+000
 6.9868075E+000, 6.0469294E-003, 1.0000000E+000
 6.9994176E+000, 6.0698560E-003, 1.0000000E+000
 7.0120277E+000, 6.0258212E-003, 1.0000000E+000
 7.0246378E+000, 5.9197398E-003, 1.0000000E+000
 7.0372479E+000, 5.7573195E-003, 1.0000000E+000
 7.0498580E+000, 5.5448926E-003, 1.0000000E+000
 7.0624681E+000, 5.2894815E-003, 1.0000000E+000
 7.0750782E+000, 4.9989229E-003, 1.0000000E+000
 7.0876882E+000, 4.6819101E-003, 1.0000000E+000
 7.1002983E+000, 4.3478365E-003, 1.0000000E+000
 7.1129084E+000, 4.4279697E-003, 1.0000000E+000
 7.1255185E+000, 4.5139470E-003, 1.0000000E+000
 7.1381286E+000, 4.5693373E-003, 1.0000000E+000
 7.1507387E+000, 4.5928836E-003, 1.0000000E+000
 7.1633488E+000, 5.1057022E-003, 1.0000000E+000
 7.1759589E+000, 5.7092730E-003, 1.0000000E+000
 7.1885690E+000, 6.1830203E-003, 1.0000000E+000
 7.2011791E+000, 6.5083426E-003, 1.0000000E+000
 7.2137892E+000, 6.6742353E-003, 1.0000000E+000
 7.2263992E+000, 6.6781648E-003, 1.0000000E+000
 7.2390093E+000, 6.5263502E-003, 1.0000000E+000
 7.2516194E+000, 6.2333668E-003, 1.0000000E+000
 7.2642295E+000, 5.8210121E-003, 1.0000000E+000
 7.2768396E+000, 5.3163517E-003, 1.0000000E+000
 7.2894497E+000, 4.7492275E-003, 1.0000000E+000
 7.3020598E+000, 4.1495195E-003, 1.0000000E+000
 7.3146699E+000, 3.5444479E-003, 1.0000000E+000
 7.3272800E+000, 2.9563533E-003, 1.0000000E+000
 7.3398901E+000, 2.6668550E-003, 1.0000000E+000
 7.3525002E+000, 2.7244703E-003, 1.0000000E+000
 7.3651102E+000, 2.7631927E-003, 1.0000000E+000
 7.3777203E+000, 2.7841809E-003, 1.0000000E+000
 7.3903304E+000, 2.7881083E-003, 1.0000000E+000
 7.4029405E+000, 2.7751266E-003, 1.0000000E+000
 7.4155506E+000, 2.7449262E-003, 1.0000000E+000
 7.4281607E+000, 2.6968801E-003, 1.0000000E+000
 7.4407708E+000, 2.6302411E-003, 1.0000000E+000
 7.4533809E+000, 2.7647179E-003, 1.0000000E+000
 7.4659910E+000, 2.9233353E-003, 1.0000000E+000
 7.4786011E+000, 3.0691478E-003, 1.0000000E+000
 7.4912111E+000, 3.2032615E-003, 1.0000000E+000
 7.5038212E+000, 3.3254320E-003, 1.0000000E+000
 7.5164313E+000, 3.4340431E-003, 1.0000000E+000
 7.5277476E+000, 3.1869615E-003, 1.0000000E+000
 7.5390639E+000, 3.1423969E-003, 1.0000000E+000
 7.5503802E+000, 3.2114062E-003, 1.0000000E+000
 7.5616965E+000, 3.2666671E-003, 1.0000000E+000
 7.5730128E+000, 3.2447946E-003, 1.0000000E+000
 7.5843291E+000, 3.1516869E-003, 1.0000000E+000
 7.5956454E+000, 3.0215106E-003, 1.0000000E+000
 7.6069617E+000, 2.8795827E-003, 1.0000000E+000
 7.6194096E+000, 3.1079848E-003, 1.0000000E+000
 7.6318575E+000, 3.3675983E-003, 1.0000000E+000
 7.6455502E+000, 3.8325527E-003, 1.0000000E+000
 7.6592429E+000, 4.1323553E-003, 1.0000000E+000
 7.6729356E+000, 4.1777510E-003, 1.0000000E+000
 7.6866284E+000, 4.1145974E-003, 1.0000000E+000
 7.7003211E+000, 4.0374316E-003, 1.0000000E+000
 7.7140138E+000, 3.9709039E-003, 1.0000000E+000
 7.7277065E+000, 3.9105074E-003, 1.0000000E+000
 7.7413992E+000, 3.8456335E-003, 1.0000000E+000
 7.7537149E+000, 3.0388492E-003, 1.0000000E+000
 7.7660306E+000, 3.3045312E-003, 1.0000000E+000
 7.7783463E+000, 3.8002441E-003, 1.0000000E+000
 7.7906620E+000, 4.3487735E-003, 1.0000000E+000
 7.8029777E+000, 4.8856440E-003, 1.0000000E+000
 7.8152933E+000, 5.3981826E-003, 1.0000000E+000
 7.8276090E+000, 5.8869323E-003, 1.0000000E+000
 7.8399247E+000, 6.3534735E-003, 1.0000000E+000
 7.8522404E+000, 6.7989864E-003, 1.0000000E+000
 7.8645561E+000, 7.2228304E-003, 1.0000000E+000
 7.8768718E+000, 7.6192491E-003, 1.0000000E+000
 7.8904190E+000, 8.2609701E-003, 1.0000000E+000
 7.9039663E+000, 9.2250394E-003, 1.0000000E+000
 7.9175136E+000, 9.9742342E-003, 1.0000000E+000
 7.9310608E+000, 1.0242679E-002, 1.0000000E+000
 7.9446081E+000, 1.0037300E-002, 1.0000000E+000
 7.9581553E+000, 9.4563749E-003, 1.0000000E+000
 7.9699768E+000, 7.5159294E-003, 1.0000000E+000
 7.9817983E+000, 6.3857198E-003, 1.0000000E+000
 7.9936198E+000, 6.4445617E-003, 1.0000000E+000
 8.0042582E+000, 5.2879871E-003, 1.0000000E+000
 8.0148967E+000, 5.3855466E-003, 1.0000000E+000
 8.0255351E+000, 5.6171811E-003, 1.0000000E+000
 8.0361736E+000, 5.5356562E-003, 1.0000000E+000
 8.0468120E+000, 5.2541885E-003, 1.0000000E+000
 8.0574504E+000, 5.3659279E-003, 1.0000000E+000
 8.0669282E+000, 4.9201115E-003, 1.0000000E+000
 8.0764060E+000, 4.7073446E-003, 1.0000000E+000
 8.0858838E+000, 4.8079659E-003, 1.0000000E+000
 8.0953616E+000, 4.7087773E-003, 1.0000000E+000
 8.1048393E+000, 4.7854138E-003, 1.0000000E+000
 8.1143171E+000, 4.8493367E-003, 1.0000000E+000
 8.1237949E+000, 4.8766425E-003, 1.0000000E+000
 8.1332727E+000, 4.8671362E-003, 1.0000000E+000
 8.1427505E+000, 4.8352277E-003, 1.0000000E+000
 8.1522282E+000, 4.7951387E-003, 1.0000000E+000
 8.1617060E+000, 4.7518486E-003, 1.0000000E+000
 8.1711838E+000, 4.7011844E-003, 1.0000000E+000
 8.1806616E+000, 4.6350100E-003, 1.0000000E+000
 8.1901393E+000, 4.5463565E-003, 1.0000000E+000
 8.1996171E+000, 4.4320450E-003, 1.0000000E+000
 8.2090949E+000, 4.2930599E-003, 1.0000000E+000
 8.2195205E+000, 4.4113414E-003, 1.0000000E+000
 8.2299460E+000, 4.6368897E-003, 1.0000000E+000
 8.2403716E+000, 4.8041606E-003, 1.0000000E+000
 8.2495343E+000, 4.4571835E-003, 1.0000000E+000
 8.2586970E+000, 4.3490055E-003, 1.0000000E+000
 8.2678597E+000, 4.6073098E-003, 1.0000000E+000
 8.2770224E+000, 4.8935730E-003, 1.0000000E+000
 8.2861850E+000, 5.0011302E-003, 1.0000000E+000
 8.2953477E+000, 4.8993675E-003, 1.0000000E+000
 8.3045104E+000, 4.6403710E-003, 1.0000000E+000
 8.3136731E+000, 4.2918377E-003, 1.0000000E+000
 8.3218873E+000, 2.8939344E-003, 1.0000000E+000
 8.3301015E+000, 2.6315529E-003, 1.0000000E+000
 8.3383157E+000, 2.8641747E-003, 1.0000000E+000
 8.3465299E+000, 3.0294172E-003, 1.0000000E+000
 8.3547441E+000, 2.8587815E-003, 1.0000000E+000
 8.3629582E+000, 2.6230707E-003, 1.0000000E+000
 8.3711724E+000, 2.4602162E-003, 1.0000000E+000
 8.3793866E+000, 2.3833613E-003, 1.0000000E+000
 8.3884222E+000, 2.7899858E-003, 1.0000000E+000
 8.3974578E+000, 2.9703028E-003, 1.0000000E+000
 8.4064934E+000, 2.8356633E-003, 1.0000000E+000
 8.4155290E+000, 2.5864216E-003, 1.0000000E+000
 8.4245646E+000, 2.3407372E-003, 1.0000000E+000
 8.4336002E+000, 2.0997127E-003, 1.0000000E+000
 8.4426358E+000, 1.8549624E-003, 1.0000000E+000
 8.4516714E+000, 1.9776018E-003, 1.0000000E+000
 8.4607070E+000, 2.0346364E-003, 1.0000000E+000
 8.4697426E+000, 2.0289219E-003, 1.0000000E+000
 8.4787782E+000, 1.9650337E-003, 1.0000000E+000
 8.4878138E+000, 1.8488148E-003, 1.0000000E+000
 8.4968494E+000, 1.6880734E-003, 1.0000000E+000
 8.5058850E+000, 1.5584833E-003, 1.0000000E+000
 8.5149206E+000, 1.5759778E-003, 1.0000000E+000
 8.5239562E+000, 1.6521210E-003, 1.0000000E+000
 8.5329918E+000, 2.0686169E-003, 1.0000000E+000
 8.5420274E+000, 2.4868988E-003, 1.0000000E+000
 8.5510631E+000, 2.8875755E-003, 1.0000000E+000
 8.5600987E+000, 3.2480379E-003, 1.0000000E+000
 8.5700378E+000, 3.7705741E-003, 1.0000000E+000
 8.5799770E+000, 4.3585688E-003, 1.0000000E+000
 8.5899161E+000, 4.6695432E-003, 1.0000000E+000
 8.5998553E+000, 4.6394028E-003, 1.0000000E+000
 8.6097945E+000, 4.3375761E-003, 1.0000000E+000
 8.6197336E+000, 3.8450778E-003, 1.0000000E+000
 8.6296728E+000, 3.2150317E-003, 1.0000000E+000
 8.6396120E+000, 3.3196563E-003, 1.0000000E+000
 8.6495511E+000, 3.7724792E-003, 1.0000000E+000
 8.6594903E+000, 4.2215992E-003, 1.0000000E+000
 8.6694294E+000, 4.6398540E-003, 1.0000000E+000
 8.6793686E+000, 4.9988400E-003, 1.0000000E+000
 8.6893078E+000, 5.2738579E-003, 1.0000000E+000
 8.6992469E+000, 5.4477558E-003, 1.0000000E+000
 8.7091861E+000, 5.5118301E-003, 1.0000000E+000
 8.7191253E+000, 5.4646505E-003, 1.0000000E+000
 8.7290644E+000, 5.3102748E-003, 1.0000000E+000
 8.7390036E+000, 5.0568905E-003, 1.0000000E+000
 8.7489427E+000, 4.7159507E-003, 1.0000000E+000
 8.7588819E+000, 4.3016484E-003, 1.0000000E+000
 8.7688211E+000, 3.8303269E-003, 1.0000000E+000
 8.7787602E+000, 3.4254281E-003, 1.0000000E+000
 8.7886994E+000, 3.3854883E-003, 1.0000000E+000
 8.7986386E+000, 3.3271430E-003, 1.0000000E+000
 8.8085777E+000, 3.2540063E-003, 1.0000000E+000
 8.8185169E+000, 3.1682489E-003, 1.0000000E+000
 8.8284560E+000, 3.0712868E-003, 1.0000000E+000
 8.8383952E+000, 2.9644063E-003, 1.0000000E+000
 8.8483344E+000, 2.8492528E-003, 1.0000000E+000
 8.8582735E+000, 2.7280611E-003, 1.0000000E+000
 8.8682127E+000, 2.6035875E-003, 1.0000000E+000
 8.8781519E+000, 2.7995897E-003, 1.0000000E+000
 8.8880910E+000, 2.9905839E-003, 1.0000000E+000
 8.8980302E+000, 3.1413105E-003, 1.0000000E+000
 8.9079693E+000, 3.2478599E-003, 1.0000000E+000
 8.9179085E+000, 3.3090567E-003, 1.0000000E+000
 8.9278477E+000, 3.3261225E-003, 1.0000000E+000
 8.9377868E+000, 3.3020403E-003, 1.0000000E+000
 8.9477260E+000, 3.2407438E-003, 1.0000000E+000
 8.9576652E+000, 3.1462830E-003, 1.0000000E+000
 8.9676043E+000, 3.0220924E-003, 1.0000000E+000
 8.9775435E+000, 2.8705406E-003, 1.0000000E+000
 8.9874826E+000, 2.6926723E-003, 1.0000000E+000
 8.9974218E+000, 2.4883710E-003, 1.0000000E+000
 9.0073610E+000, 2.2567232E-003, 1.0000000E+000
 9.0173001E+000, 2.0748350E-003, 1.0000000E+000
 9.0272393E+000, 2.0694452E-003, 1.0000000E+000
 9.0371785E+000, 2.0534979E-003, 1.0000000E+000
 9.0471176E+000, 2.0272244E-003, 1.0000000E+000
 9.0570568E+000, 1.9908652E-003, 1.0000000E+000
 9.0669959E+000, 1.9445539E-003, 1.0000000E+000
 9.0769351E+000, 1.8882850E-003, 1.0000000E+000
 9.0868743E+000, 1.8218896E-003, 1.0000000E+000
 9.0968134E+000, 1.7450650E-003, 1.0000000E+000
 9.1067526E+000, 1.8193821E-003, 1.0000000E+000
 9.1166918E+000, 2.2114241E-003, 1.0000000E+000
 9.1266309E+000, 2.5799883E-003, 1.0000000E+000
 9.1365701E+000, 2.9169258E-003, 1.0000000E+000
 9.1465092E+000, 3.2154493E-003, 1.0000000E+000
 9.1564484E+000, 3.4702805E-003, 1.0000000E+000
 9.1663876E+000, 3.7441976E-003, 1.0000000E+000
 9.1763267E+000, 4.0432647E-003, 1.0000000E+000
 9.1862659E+000, 4.3074444E-003, 1.0000000E+000
 9.1962051E+000, 4.5324944E-003, 1.0000000E+000
 9.2061442E+000, 4.7138981E-003, 1.0000000E+000
 9.2160834E+000, 4.8470034E-003, 1.0000000E+000
 9.2260225E+000, 4.9272754E-003, 1.0000000E+000
 9.2359617E+000, 4.9506383E-003, 1.0000000E+000
 9.2459009E+000, 4.9138555E-003, 1.0000000E+000
 9.2558400E+000, 4.8149189E-003, 1.0000000E+000
 9.2657792E+000, 4.6533670E-003, 1.0000000E+000
 9.2757184E+000, 4.4305022E-003, 1.0000000E+000
 9.2856575E+000, 4.1494626E-003, 1.0000000E+000
 9.2955967E+000, 3.8151449E-003, 1.0000000E+000
 9.3055359E+000, 3.4339811E-003, 1.0000000E+000
 9.3154750E+000, 3.4117209E-003, 1.0000000E+000
 9.3254142E+000, 3.3787724E-003, 1.0000000E+000
 9.3353533E+000, 3.3443238E-003, 1.0000000E+000
 9.3452925E+000, 3.3455808E-003, 1.0000000E+000
 9.3552317E+000, 3.3122765E-003, 1.0000000E+000
 9.3651708E+000, 3.2442903E-003, 1.0000000E+000
 9.3751100E+000, 3.1413592E-003, 1.0000000E+000
 9.3850492E+000, 3.0029256E-003, 1.0000000E+000
 9.3949883E+000, 2.8280798E-003, 1.0000000E+000
 9.4049275E+000, 2.6156404E-003, 1.0000000E+000
 9.4148666E+000, 2.3643409E-003, 1.0000000E+000
 9.4248058E+000, 2.0731655E-003, 1.0000000E+000
 9.4347450E+000, 2.3169395E-003, 1.0000000E+000
 9.4446841E+000, 2.6335324E-003, 1.0000000E+000
 9.4546233E+000, 2.9079596E-003, 1.0000000E+000
 9.4645625E+000, 3.1336410E-003, 1.0000000E+000
 9.4745016E+000, 3.3053274E-003, 1.0000000E+000
 9.4844408E+000, 3.4192846E-003, 1.0000000E+000
 9.4943799E+000, 3.4733474E-003, 1.0000000E+000
 9.5043191E+000, 3.4671969E-003, 1.0000000E+000
 9.5142583E+000, 3.4019105E-003, 1.0000000E+000
 9.5241974E+000, 3.2800670E-003, 1.0000000E+000
 9.5341366E+000, 3.1055843E-003, 1.0000000E+000
 9.5440758E+000, 3.3604317E-003, 1.0000000E+000
 9.5540149E+000, 3.7534780E-003, 1.0000000E+000
 9.5639541E+000, 4.1022346E-003, 1.0000000E+000
 9.5738932E+000, 4.4035591E-003, 1.0000000E+000
 9.5838324E+000, 4.6558723E-003, 1.0000000E+000
 9.5937716E+000, 4.8588797E-003, 1.0000000E+000
 9.6037107E+000, 5.0132502E-003, 1.0000000E+000
 9.6146438E+000, 5.4310995E-003, 1.0000000E+000
 9.6255769E+000, 5.8841950E-003, 1.0000000E+000
 9.6365100E+000, 6.2055668E-003, 1.0000000E+000
 9.6474430E+000, 6.3509700E-003, 1.0000000E+000
 9.6583761E+000, 6.3243092E-003, 1.0000000E+000
 9.6693092E+000, 6.1512840E-003, 1.0000000E+000
 9.6802423E+000, 5.8712057E-003, 1.0000000E+000
 9.6911754E+000, 5.5281864E-003, 1.0000000E+000
 9.7021084E+000, 5.1606300E-003, 1.0000000E+000
 9.7130415E+000, 4.7942520E-003, 1.0000000E+000
 9.7239746E+000, 4.4412711E-003, 1.0000000E+000
 9.7349077E+000, 4.1044884E-003, 1.0000000E+000
 9.7458408E+000, 3.7827931E-003, 1.0000000E+000
 9.7567738E+000, 3.4750917E-003, 1.0000000E+000
 9.7677069E+000, 3.5023264E-003, 1.0000000E+000
 9.7786400E+000, 4.0625309E-003, 1.0000000E+000
 9.7895731E+000, 4.5539235E-003, 1.0000000E+000
 9.8005061E+000, 4.9537498E-003, 1.0000000E+000
 9.8114392E+000, 5.2440752E-003, 1.0000000E+000
 9.8223723E+000, 5.4130830E-003, 1.0000000E+000
 9.8333054E+000, 5.4558884E-003, 1.0000000E+000
 9.8442385E+000, 5.3747122E-003, 1.0000000E+000
 9.8551715E+000, 5.1783493E-003, 1.0000000E+000
 9.8671979E+000, 5.0993310E-003, 1.0000000E+000
 9.8792243E+000, 5.0483123E-003, 1.0000000E+000
 9.8912507E+000, 4.7595614E-003, 1.0000000E+000
 9.9032771E+000, 4.2422331E-003, 1.0000000E+000
 9.9153035E+000, 4.0526430E-003, 1.0000000E+000
 9.9273299E+000, 4.1938420E-003, 1.0000000E+000
 9.9393563E+000, 5.0430935E-003, 1.0000000E+000
 9.9513826E+000, 5.8550289E-003, 1.0000000E+000
 9.9634090E+000, 6.5765793E-003, 1.0000000E+000
 9.9754354E+000, 7.1550563E-003, 1.0000000E+000
 9.9874618E+000, 7.5509851E-003, 1.0000000E+000
 9.9994882E+000, 7.7409906E-003, 1.0000000E+000
 1.0000000E+001, 3.6982924E-003, 1.0000000E+000
