s,m/s,m/s,Pa,m/s,,,,
Time,"u-vel","w-vel","pres","error","iter","scarc-iter","scarc-rate","scarc-res"
 0.0000000E+000, 0.0000000E+000, 0.0000000E+000, 0.0000000E+000, 0.0000000E+000, 0.0000000E+000, 0.0000000E+000, 0.0000000E+000, 0.0000000E+000
 2.0000000E-003, 2.2914978E-007,-4.9986270E-007,-1.9575488E-005, 1.5025299E-002, 1.0000000E+001, 0.0000000E+000, 0.0000000E+000, 0.0000000E+000
 4.0000000E-003, 3.2551222E-006,-1.8689404E-006, 2.1315079E-005, 1.6592615E-002, 1.0000000E+001, 0.0000000E+000, 0.0000000E+000, 0.0000000E+000
 6.0000000E-003, 2.5290669E-005,-6.6149779E-006, 5.2531134E-004, 1.5656894E-002, 1.0000000E+001, 0.0000000E+000, 0.0000000E+000, 0.0000000E+000
 8.0000000E-003, 1.1282800E-004,-8.4852655E-006, 3.0021145E-003, 1.5053086E-002, 1.0000000E+001, 0.0000000E+000, 0.0000000E+000, 0.0000000E+000
 1.0000000E-002, 3.5096059E-004, 2.9251821E-005, 1.0746931E-002, 1.3404152E-002, 1.0000000E+001, 0.0000000E+000, 0.0000000E+000, 0.0000000E+000
 1.2000000E-002, 8.4998050E-004, 1.9644028E-004, 2.8832041E-002, 1.2290282E-002, 1.0000000E+001, 0.0000000E+000, 0.0000000E+000, 0.0000000E+000
 1.4000000E-002, 1.7138939E-003, 6.4129098E-004, 6.3194985E-002, 1.1347986E-002, 1.0000000E+001, 0.0000000E+000, 0.0000000E+000, 0.0000000E+000
 1.6000000E-002, 3.0079911E-003, 1.5490538E-003, 1.1916954E-001, 1.0488728E-002, 1.0000000E+001, 0.0000000E+000, 0.0000000E+000, 0.0000000E+000
 1.8000000E-002, 4.7428583E-003, 3.1004218E-003, 2.0010838E-001, 1.0383564E-002, 1.0000000E+001, 0.0000000E+000, 0.0000000E+000, 0.0000000E+000
 2.0000000E-002, 6.8806280E-003, 5.4253782E-003, 3.0658942E-001, 1.0444657E-002, 1.0000000E+001, 0.0000000E+000, 0.0000000E+000, 0.0000000E+000
 2.2000000E-002, 9.1458327E-003, 8.0622970E-003, 3.5457167E-001, 1.1409681E-002, 4.0000000E+000, 0.0000000E+000, 0.0000000E+000, 0.0000000E+000
 2.4000000E-002, 1.1519308E-002, 1.1027101E-002, 4.1068393E-001, 1.2137300E-002, 4.0000000E+000, 0.0000000E+000, 0.0000000E+000, 0.0000000E+000
 2.6000000E-002, 1.3982917E-002, 1.4318449E-002, 4.7404396E-001, 1.3028319E-002, 4.0000000E+000, 0.0000000E+000, 0.0000000E+000, 0.0000000E+000
 2.8000000E-002, 1.6521513E-002, 1.7917098E-002, 5.4357864E-001, 1.3638010E-002, 4.0000000E+000, 0.0000000E+000, 0.0000000E+000, 0.0000000E+000
 3.0000000E-002, 1.9124269E-002, 2.1787288E-002, 6.1810612E-001, 1.3882474E-002, 4.0000000E+000, 0.0000000E+000, 0.0000000E+000, 0.0000000E+000
 3.2000000E-002, 2.1785180E-002, 2.5879341E-002, 6.9641514E-001, 1.3799311E-002, 4.0000000E+000, 0.0000000E+000, 0.0000000E+000, 0.0000000E+000
 3.4000000E-002, 2.4502752E-002, 3.0133572E-002, 7.7733871E-001, 1.3450203E-002, 4.0000000E+000, 0.0000000E+000, 0.0000000E+000, 0.0000000E+000
 3.6000000E-002, 2.7279031E-002, 3.4484766E-002, 8.5981269E-001, 1.2912212E-002, 4.0000000E+000, 0.0000000E+000, 0.0000000E+000, 0.0000000E+000
 3.8000000E-002, 3.0118284E-002, 3.8867043E-002, 9.4291848E-001, 1.3307566E-002, 4.0000000E+000, 0.0000000E+000, 0.0000000E+000, 0.0000000E+000
 4.0000000E-002, 3.3025595E-002, 4.3218420E-002, 1.0259066E+000, 1.3848629E-002, 4.0000000E+000, 0.0000000E+000, 0.0000000E+000, 0.0000000E+000
 4.2000000E-002, 3.6005714E-002, 4.7485078E-002, 1.1082036E+000, 1.4234569E-002, 4.0000000E+000, 0.0000000E+000, 0.0000000E+000, 0.0000000E+000
 4.4000000E-002, 3.9062288E-002, 5.1624757E-002, 1.1894016E+000, 1.4479991E-002, 4.0000000E+000, 0.0000000E+000, 0.0000000E+000, 0.0000000E+000
 4.6000000E-002, 4.2197591E-002, 5.5609300E-002, 1.2692355E+000, 1.4592460E-002, 4.0000000E+000, 0.0000000E+000, 0.0000000E+000, 0.0000000E+000
 4.8000000E-002, 4.5412722E-002, 5.9426075E-002, 1.3475509E+000, 1.4490097E-002, 4.0000000E+000, 0.0000000E+000, 0.0000000E+000, 0.0000000E+000
 5.0000000E-002, 4.8708174E-002, 6.3078356E-002, 1.4242674E+000, 1.4176155E-002, 4.0000000E+000, 0.0000000E+000, 0.0000000E+000, 0.0000000E+000
 5.2000000E-002, 5.2084633E-002, 6.6584608E-002, 1.4993420E+000, 1.3662500E-002, 4.0000000E+000, 0.0000000E+000, 0.0000000E+000, 0.0000000E+000
 5.4000000E-002, 5.5543833E-002, 6.9976910E-002, 1.5727379E+000, 1.3025868E-002, 4.0000000E+000, 0.0000000E+000, 0.0000000E+000, 0.0000000E+000
 5.6000000E-002, 5.9089284E-002, 7.3298645E-002, 1.6443993E+000, 1.2420887E-002, 4.0000000E+000, 0.0000000E+000, 0.0000000E+000, 0.0000000E+000
 5.8000000E-002, 6.2726711E-002, 7.6601728E-002, 1.7142356E+000, 1.2593835E-002, 4.0000000E+000, 0.0000000E+000, 0.0000000E+000, 0.0000000E+000
 6.0000000E-002, 6.6464072E-002, 7.9943538E-002, 1.7821116E+000, 1.3417194E-002, 4.0000000E+000, 0.0000000E+000, 0.0000000E+000, 0.0000000E+000
 6.2000000E-002, 7.0311124E-002, 8.3383775E-002, 1.8478465E+000, 1.3932316E-002, 4.0000000E+000, 0.0000000E+000, 0.0000000E+000, 0.0000000E+000
 6.4000000E-002, 7.4278603E-002, 8.6981303E-002, 1.9112154E+000, 1.4180943E-002, 4.0000000E+000, 0.0000000E+000, 0.0000000E+000, 0.0000000E+000
 6.6000000E-002, 7.8377187E-002, 9.0791155E-002, 1.9719584E+000, 1.4241900E-002, 4.0000000E+000, 0.0000000E+000, 0.0000000E+000, 0.0000000E+000
 6.8000000E-002, 8.2616469E-002, 9.4861798E-002, 2.0297920E+000, 1.4186909E-002, 4.0000000E+000, 0.0000000E+000, 0.0000000E+000, 0.0000000E+000
 7.0000000E-002, 8.7004122E-002, 9.9232849E-002, 2.0844265E+000, 1.4059661E-002, 4.0000000E+000, 0.0000000E+000, 0.0000000E+000, 0.0000000E+000
 7.2000000E-002, 9.1545404E-002, 1.0393338E-001, 2.1355865E+000, 1.3878429E-002, 4.0000000E+000, 0.0000000E+000, 0.0000000E+000, 0.0000000E+000
 7.4000000E-002, 9.6242992E-002, 1.0898097E-001, 2.1830320E+000, 1.3650624E-002, 4.0000000E+000, 0.0000000E+000, 0.0000000E+000, 0.0000000E+000
 7.6000000E-002, 1.0109710E-001, 1.1438151E-001, 2.2265790E+000, 1.3384706E-002, 4.0000000E+000, 0.0000000E+000, 0.0000000E+000, 0.0000000E+000
 7.8000000E-002, 1.0610571E-001, 1.2012977E-001, 2.2661157E+000, 1.3091914E-002, 4.0000000E+000, 0.0000000E+000, 0.0000000E+000, 0.0000000E+000
 8.0000000E-002, 1.1126485E-001, 1.2621055E-001, 2.3016122E+000, 1.2780107E-002, 4.0000000E+000, 0.0000000E+000, 0.0000000E+000, 0.0000000E+000
 8.2000000E-002, 1.1656873E-001, 1.3260024E-001, 2.3331218E+000, 1.2446744E-002, 4.0000000E+000, 0.0000000E+000, 0.0000000E+000, 0.0000000E+000
 8.4000000E-002, 1.2200980E-001, 1.3926863E-001, 2.3607763E+000, 1.2076624E-002, 4.0000000E+000, 0.0000000E+000, 0.0000000E+000, 0.0000000E+000
 8.6000000E-002, 1.2757868E-001, 1.4618069E-001, 2.3847727E+000, 1.1645428E-002, 4.0000000E+000, 0.0000000E+000, 0.0000000E+000, 0.0000000E+000
 8.8000000E-002, 1.3326408E-001, 1.5329831E-001, 2.4053573E+000, 1.1126642E-002, 4.0000000E+000, 0.0000000E+000, 0.0000000E+000, 0.0000000E+000
 9.0000000E-002, 1.3905276E-001, 1.6058180E-001, 2.4228059E+000, 1.0498189E-002, 4.0000000E+000, 0.0000000E+000, 0.0000000E+000, 0.0000000E+000
 9.2000000E-002, 1.4492966E-001, 1.6799120E-001, 2.4374045E+000, 9.7464402E-003, 4.0000000E+000, 0.0000000E+000, 0.0000000E+000, 0.0000000E+000
 9.4000000E-002, 1.5087817E-001, 1.7548734E-001, 2.4494309E+000, 8.8669968E-003, 4.0000000E+000, 0.0000000E+000, 0.0000000E+000, 0.0000000E+000
 9.5746442E-002, 1.5614491E-001, 1.8210406E-001, 2.4738658E+000, 8.4838335E-003, 4.0000000E+000, 0.0000000E+000, 0.0000000E+000, 0.0000000E+000
 9.7492883E-002, 1.6144970E-001, 1.8874428E-001, 2.4840942E+000, 5.9455116E-003, 4.0000000E+000, 0.0000000E+000, 0.0000000E+000, 0.0000000E+000
 9.9239325E-002, 1.6677962E-001, 1.9538156E-001, 2.4957404E+000, 5.6264734E-003, 4.0000000E+000, 0.0000000E+000, 0.0000000E+000, 0.0000000E+000
 1.0098577E-001, 1.7211555E-001, 2.0200327E-001, 2.5026254E+000, 3.1153530E-003, 2.0000000E+000, 0.0000000E+000, 0.0000000E+000, 0.0000000E+000
 1.0254627E-001, 1.7688005E-001, 2.0788357E-001, 2.5070910E+000, 2.5295231E-003, 3.0000000E+000, 0.0000000E+000, 0.0000000E+000, 0.0000000E+000
 1.0410677E-001, 1.8161965E-001, 2.1366215E-001, 2.5141430E+000, 3.0026726E-003, 6.0000000E+000, 0.0000000E+000, 0.0000000E+000, 0.0000000E+000
 1.0566727E-001, 1.8631571E-001, 2.1931502E-001, 2.5241307E+000, 5.1006463E-003, 5.0000000E+000, 0.0000000E+000, 0.0000000E+000, 0.0000000E+000
 1.0722777E-001, 1.9097421E-001, 2.2488034E-001, 2.5257304E+000, 5.6134787E-003, 4.0000000E+000, 0.0000000E+000, 0.0000000E+000, 0.0000000E+000
 1.0878827E-001, 1.9558545E-001, 2.3034547E-001, 2.5260208E+000, 6.7592839E-003, 4.0000000E+000, 0.0000000E+000, 0.0000000E+000, 0.0000000E+000
 1.1016563E-001, 1.9958873E-001, 2.3503976E-001, 2.5234108E+000, 7.0433787E-003, 4.0000000E+000, 0.0000000E+000, 0.0000000E+000, 0.0000000E+000
 1.1154299E-001, 2.0353433E-001, 2.3963706E-001, 2.5182158E+000, 7.5026221E-003, 4.0000000E+000, 0.0000000E+000, 0.0000000E+000, 0.0000000E+000
 1.1292036E-001, 2.0741219E-001, 2.4413585E-001, 2.5098201E+000, 8.0841461E-003, 4.0000000E+000, 0.0000000E+000, 0.0000000E+000, 0.0000000E+000
 1.1429772E-001, 2.1120426E-001, 2.4852431E-001, 2.4948300E+000, 1.0293543E-002, 4.0000000E+000, 0.0000000E+000, 0.0000000E+000, 0.0000000E+000
 1.1567508E-001, 2.1490697E-001, 2.5280728E-001, 2.4782934E+000, 9.2732888E-003, 4.0000000E+000, 0.0000000E+000, 0.0000000E+000, 0.0000000E+000
 1.1705244E-001, 2.1851114E-001, 2.5697853E-001, 2.4568772E+000, 9.3274807E-003, 4.0000000E+000, 0.0000000E+000, 0.0000000E+000, 0.0000000E+000
 1.1827735E-001, 2.2158201E-001, 2.6053415E-001, 2.4026082E+000, 9.2653210E-003, 4.0000000E+000, 0.0000000E+000, 0.0000000E+000, 0.0000000E+000
 1.1950226E-001, 2.2454622E-001, 2.6396120E-001, 2.3669799E+000, 8.9073076E-003, 4.0000000E+000, 0.0000000E+000, 0.0000000E+000, 0.0000000E+000
 1.2072717E-001, 2.2740417E-001, 2.6725160E-001, 2.3249617E+000, 8.7575893E-003, 4.0000000E+000, 0.0000000E+000, 0.0000000E+000, 0.0000000E+000
 1.2195209E-001, 2.3015887E-001, 2.7039820E-001, 2.2763548E+000, 8.8729350E-003, 4.0000000E+000, 0.0000000E+000, 0.0000000E+000, 0.0000000E+000
 1.2317700E-001, 2.3281479E-001, 2.7339586E-001, 2.2211326E+000, 8.6460629E-003, 4.0000000E+000, 0.0000000E+000, 0.0000000E+000, 0.0000000E+000
 1.2440191E-001, 2.3537705E-001, 2.7624251E-001, 2.1594504E+000, 8.2176952E-003, 4.0000000E+000, 0.0000000E+000, 0.0000000E+000, 0.0000000E+000
 1.2562682E-001, 2.3785104E-001, 2.7893992E-001, 2.0916345E+000, 8.2409728E-003, 4.0000000E+000, 0.0000000E+000, 0.0000000E+000, 0.0000000E+000
 1.2685173E-001, 2.4024213E-001, 2.8149399E-001, 2.0181603E+000, 8.4737484E-003, 4.0000000E+000, 0.0000000E+000, 0.0000000E+000, 0.0000000E+000
 1.2807664E-001, 2.4255529E-001, 2.8391465E-001, 1.9396238E+000, 8.6325956E-003, 4.0000000E+000, 0.0000000E+000, 0.0000000E+000, 0.0000000E+000
 1.2916822E-001, 2.4452004E-001, 2.8591638E-001, 1.7662498E+000, 8.6972069E-003, 4.0000000E+000, 0.0000000E+000, 0.0000000E+000, 0.0000000E+000
 1.3025979E-001, 2.4641209E-001, 2.8781479E-001, 1.6710558E+000, 8.7351123E-003, 4.0000000E+000, 0.0000000E+000, 0.0000000E+000, 0.0000000E+000
 1.3135136E-001, 2.4823282E-001, 2.8962803E-001, 1.5733139E+000, 8.7169660E-003, 4.0000000E+000, 0.0000000E+000, 0.0000000E+000, 0.0000000E+000
 1.3244294E-001, 2.4998273E-001, 2.9137459E-001, 1.4737593E+000, 8.6551665E-003, 4.0000000E+000, 0.0000000E+000, 0.0000000E+000, 0.0000000E+000
 1.3353451E-001, 2.5166153E-001, 2.9307204E-001, 1.3730772E+000, 8.6248818E-003, 4.0000000E+000, 0.0000000E+000, 0.0000000E+000, 0.0000000E+000
 1.3462608E-001, 2.5326856E-001, 2.9473611E-001, 1.2718953E+000, 8.7958566E-003, 4.0000000E+000, 0.0000000E+000, 0.0000000E+000, 0.0000000E+000
 1.3571766E-001, 2.5480338E-001, 2.9637975E-001, 1.1707789E+000, 8.8955154E-003, 4.0000000E+000, 0.0000000E+000, 0.0000000E+000, 0.0000000E+000
 1.3680923E-001, 2.5626618E-001, 2.9801241E-001, 1.0702342E+000, 8.9208630E-003, 4.0000000E+000, 0.0000000E+000, 0.0000000E+000, 0.0000000E+000
 1.3790080E-001, 2.5765784E-001, 2.9963964E-001, 9.7071816E-001, 8.8711540E-003, 4.0000000E+000, 0.0000000E+000, 0.0000000E+000, 0.0000000E+000
 1.3899238E-001, 2.5897964E-001, 3.0126302E-001, 8.7264865E-001, 8.7480165E-003, 4.0000000E+000, 0.0000000E+000, 0.0000000E+000, 0.0000000E+000
 1.4008395E-001, 2.6023285E-001, 3.0288031E-001, 7.7641240E-001, 8.7208855E-003, 4.0000000E+000, 0.0000000E+000, 0.0000000E+000, 0.0000000E+000
 1.4117552E-001, 2.6141830E-001, 3.0448570E-001, 6.8237072E-001, 8.2989257E-003, 4.0000000E+000, 0.0000000E+000, 0.0000000E+000, 0.0000000E+000
 1.4226710E-001, 2.6253605E-001, 3.0607021E-001, 5.9086294E-001, 8.6403695E-003, 4.0000000E+000, 0.0000000E+000, 0.0000000E+000, 0.0000000E+000
 1.4335867E-001, 2.6358513E-001, 3.0762225E-001, 5.0220754E-001, 8.5489279E-003, 4.0000000E+000, 0.0000000E+000, 0.0000000E+000, 0.0000000E+000
 1.4445024E-001, 2.6456348E-001, 3.0912820E-001, 4.1670054E-001, 9.0479282E-003, 4.0000000E+000, 0.0000000E+000, 0.0000000E+000, 0.0000000E+000
 1.4554182E-001, 2.6546799E-001, 3.1057306E-001, 3.3461176E-001, 8.6437336E-003, 4.0000000E+000, 0.0000000E+000, 0.0000000E+000, 0.0000000E+000
 1.4663339E-001, 2.6629478E-001, 3.1194113E-001, 2.5617989E-001, 9.2637711E-003, 4.0000000E+000, 0.0000000E+000, 0.0000000E+000, 0.0000000E+000
 1.4772496E-001, 2.6703954E-001, 3.1321663E-001, 1.8160800E-001, 8.5921267E-003, 4.0000000E+000, 0.0000000E+000, 0.0000000E+000, 0.0000000E+000
 1.4881654E-001, 2.6769808E-001, 3.1438434E-001, 1.1106076E-001, 9.1599325E-003, 4.0000000E+000, 0.0000000E+000, 0.0000000E+000, 0.0000000E+000
 1.4990811E-001, 2.6826682E-001, 3.1543024E-001, 4.4663720E-002, 8.3921077E-003, 4.0000000E+000, 0.0000000E+000, 0.0000000E+000, 0.0000000E+000
 1.5099968E-001, 2.6870850E-001, 3.1629201E-001,-5.2659222E-002, 1.1874337E-002, 5.0000000E+000, 0.0000000E+000, 0.0000000E+000, 0.0000000E+000
 1.5209126E-001, 2.6905751E-001, 3.1701104E-001,-1.1043641E-001, 1.3124146E-002, 4.0000000E+000, 0.0000000E+000, 0.0000000E+000, 0.0000000E+000
 1.5318283E-001, 2.6931458E-001, 3.1758080E-001,-1.6387231E-001, 1.1743278E-002, 4.0000000E+000, 0.0000000E+000, 0.0000000E+000, 0.0000000E+000
 1.5427440E-001, 2.6948169E-001, 3.1799798E-001,-2.1297753E-001, 1.1897892E-002, 4.0000000E+000, 0.0000000E+000, 0.0000000E+000, 0.0000000E+000
 1.5536598E-001, 2.6956175E-001, 3.1826271E-001,-2.5780312E-001, 1.1070676E-002, 4.0000000E+000, 0.0000000E+000, 0.0000000E+000, 0.0000000E+000
 1.5645755E-001, 2.6955811E-001, 3.1837853E-001,-2.9845451E-001, 1.0564167E-002, 4.0000000E+000, 0.0000000E+000, 0.0000000E+000, 0.0000000E+000
 1.5754912E-001, 2.6947385E-001, 3.1835198E-001,-3.3510717E-001, 9.6154509E-003, 4.0000000E+000, 0.0000000E+000, 0.0000000E+000, 0.0000000E+000
 1.5864070E-001, 2.6931123E-001, 3.1819190E-001,-3.6801962E-001, 9.3981306E-003, 4.0000000E+000, 0.0000000E+000, 0.0000000E+000, 0.0000000E+000
 1.5973227E-001, 2.6907143E-001, 3.1790855E-001,-3.9753946E-001, 8.6562052E-003, 4.0000000E+000, 0.0000000E+000, 0.0000000E+000, 0.0000000E+000
 1.6082384E-001, 2.6875477E-001, 3.1751246E-001,-4.2409659E-001, 8.0129574E-003, 4.0000000E+000, 0.0000000E+000, 0.0000000E+000, 0.0000000E+000
 1.6191541E-001, 2.6836143E-001, 3.1701358E-001,-4.4817998E-001, 7.0314616E-003, 4.0000000E+000, 0.0000000E+000, 0.0000000E+000, 0.0000000E+000
 1.6300699E-001, 2.6789239E-001, 3.1642059E-001,-4.7029946E-001, 6.3917087E-003, 4.0000000E+000, 0.0000000E+000, 0.0000000E+000, 0.0000000E+000
 1.6409856E-001, 2.6735055E-001, 3.1574088E-001,-4.9093862E-001, 5.8142545E-003, 4.0000000E+000, 0.0000000E+000, 0.0000000E+000, 0.0000000E+000
 1.6519013E-001, 2.6674147E-001, 3.1498090E-001,-5.1050702E-001, 4.4305792E-003, 4.0000000E+000, 0.0000000E+000, 0.0000000E+000, 0.0000000E+000
 1.6628171E-001, 2.6606836E-001, 3.1413995E-001,-5.3483598E-001, 3.6918461E-003, 4.0000000E+000, 0.0000000E+000, 0.0000000E+000, 0.0000000E+000
 1.6737328E-001, 2.6536604E-001, 3.1325785E-001,-5.5306748E-001, 2.9201276E-003, 2.0000000E+000, 0.0000000E+000, 0.0000000E+000, 0.0000000E+000
 1.6846485E-001, 2.6465541E-001, 3.1236197E-001,-5.6030439E-001, 2.6364174E-003, 1.0000000E+000, 0.0000000E+000, 0.0000000E+000, 0.0000000E+000
 1.6955643E-001, 2.6394162E-001, 3.1145906E-001,-5.6225136E-001, 2.2522500E-003, 1.0000000E+000, 0.0000000E+000, 0.0000000E+000, 0.0000000E+000
 1.7064800E-001, 2.6322641E-001, 3.1055027E-001,-5.6409918E-001, 2.4603054E-003, 1.0000000E+000, 0.0000000E+000, 0.0000000E+000, 0.0000000E+000
 1.7173957E-001, 2.6251202E-001, 3.0962722E-001,-5.7043271E-001, 2.8624877E-003, 2.0000000E+000, 0.0000000E+000, 0.0000000E+000, 0.0000000E+000
 1.7283115E-001, 2.6181122E-001, 3.0868324E-001,-5.8483279E-001, 3.2966354E-003, 4.0000000E+000, 0.0000000E+000, 0.0000000E+000, 0.0000000E+000
 1.7392272E-001, 2.6113729E-001, 3.0773563E-001,-6.0109038E-001, 4.4137043E-003, 4.0000000E+000, 0.0000000E+000, 0.0000000E+000, 0.0000000E+000
 1.7501429E-001, 2.6049838E-001, 3.0680592E-001,-6.1105233E-001, 4.1090035E-003, 4.0000000E+000, 0.0000000E+000, 0.0000000E+000, 0.0000000E+000
 1.7610587E-001, 2.5990284E-001, 3.0591698E-001,-6.1793439E-001, 5.1771039E-003, 4.0000000E+000, 0.0000000E+000, 0.0000000E+000, 0.0000000E+000
 1.7719744E-001, 2.5935578E-001, 3.0509201E-001,-6.2122833E-001, 4.8597585E-003, 4.0000000E+000, 0.0000000E+000, 0.0000000E+000, 0.0000000E+000
 1.7828901E-001, 2.5885972E-001, 3.0435253E-001,-6.2051744E-001, 5.0421525E-003, 4.0000000E+000, 0.0000000E+000, 0.0000000E+000, 0.0000000E+000
 1.7938059E-001, 2.5841588E-001, 3.0371696E-001,-6.1546529E-001, 6.0094842E-003, 4.0000000E+000, 0.0000000E+000, 0.0000000E+000, 0.0000000E+000
 1.8047216E-001, 2.5802523E-001, 3.0320014E-001,-6.0579329E-001, 5.6627807E-003, 4.0000000E+000, 0.0000000E+000, 0.0000000E+000, 0.0000000E+000
 1.8156373E-001, 2.5768914E-001, 3.0281354E-001,-5.9127633E-001, 6.6250791E-003, 4.0000000E+000, 0.0000000E+000, 0.0000000E+000, 0.0000000E+000
 1.8265531E-001, 2.5740957E-001, 3.0256528E-001,-5.7175654E-001, 6.1414527E-003, 4.0000000E+000, 0.0000000E+000, 0.0000000E+000, 0.0000000E+000
 1.8374688E-001, 2.5718908E-001, 3.0245988E-001,-5.4715791E-001, 6.7545565E-003, 4.0000000E+000, 0.0000000E+000, 0.0000000E+000, 0.0000000E+000
 1.8483845E-001, 2.5703046E-001, 3.0249805E-001,-5.1749104E-001, 6.1177578E-003, 4.0000000E+000, 0.0000000E+000, 0.0000000E+000, 0.0000000E+000
 1.8593003E-001, 2.5693614E-001, 3.0267654E-001,-4.8284811E-001, 6.5306494E-003, 4.0000000E+000, 0.0000000E+000, 0.0000000E+000, 0.0000000E+000
 1.8702160E-001, 2.5690766E-001, 3.0298824E-001,-4.4339148E-001, 5.8075191E-003, 4.0000000E+000, 0.0000000E+000, 0.0000000E+000, 0.0000000E+000
 1.8811317E-001, 2.5694528E-001, 3.0342247E-001,-3.9933865E-001, 6.1885463E-003, 4.0000000E+000, 0.0000000E+000, 0.0000000E+000, 0.0000000E+000
 1.8920475E-001, 2.5704795E-001, 3.0396559E-001,-3.5094558E-001, 5.5046706E-003, 4.0000000E+000, 0.0000000E+000, 0.0000000E+000, 0.0000000E+000
 1.9029632E-001, 2.5721347E-001, 3.0460169E-001,-2.9849098E-001, 5.4754668E-003, 4.0000000E+000, 0.0000000E+000, 0.0000000E+000, 0.0000000E+000
 1.9138789E-001, 2.5743885E-001, 3.0531360E-001,-2.4226409E-001, 5.9221649E-003, 4.0000000E+000, 0.0000000E+000, 0.0000000E+000, 0.0000000E+000
 1.9247947E-001, 2.5772071E-001, 3.0608384E-001,-1.8255796E-001, 5.5765724E-003, 4.0000000E+000, 0.0000000E+000, 0.0000000E+000, 0.0000000E+000
 1.9357104E-001, 2.5805567E-001, 3.0689566E-001,-1.1966850E-001, 6.0882225E-003, 4.0000000E+000, 0.0000000E+000, 0.0000000E+000, 0.0000000E+000
 1.9466261E-001, 2.5844057E-001, 3.0773388E-001,-5.3898271E-002, 5.7878782E-003, 4.0000000E+000, 0.0000000E+000, 0.0000000E+000, 0.0000000E+000
 1.9575419E-001, 2.5887266E-001, 3.0858551E-001, 1.4437158E-002, 6.2512235E-003, 4.0000000E+000, 0.0000000E+000, 0.0000000E+000, 0.0000000E+000
 1.9672754E-001, 2.5931697E-001, 3.0935223E-001, 1.6412591E-001, 6.3184698E-003, 4.0000000E+000, 0.0000000E+000, 0.0000000E+000, 0.0000000E+000
 1.9770089E-001, 2.5980540E-001, 3.1011840E-001, 2.4449790E-001, 6.4747395E-003, 4.0000000E+000, 0.0000000E+000, 0.0000000E+000, 0.0000000E+000
 1.9867424E-001, 2.6033723E-001, 3.1088119E-001, 3.2613082E-001, 6.5740902E-003, 4.0000000E+000, 0.0000000E+000, 0.0000000E+000, 0.0000000E+000
 1.9964760E-001, 2.6091228E-001, 3.1164043E-001, 4.0858512E-001, 6.6180453E-003, 4.0000000E+000, 0.0000000E+000, 0.0000000E+000, 0.0000000E+000
 2.0062095E-001, 2.6153111E-001, 3.1239851E-001, 4.9141274E-001, 6.6091442E-003, 4.0000000E+000, 0.0000000E+000, 0.0000000E+000, 0.0000000E+000
 2.0159430E-001, 2.6219515E-001, 3.1316019E-001, 5.7416730E-001, 6.5503916E-003, 4.0000000E+000, 0.0000000E+000, 0.0000000E+000, 0.0000000E+000
 2.0256765E-001, 2.6290668E-001, 3.1393243E-001, 6.5641481E-001, 6.4446924E-003, 4.0000000E+000, 0.0000000E+000, 0.0000000E+000, 0.0000000E+000
 2.0354101E-001, 2.6366865E-001, 3.1472417E-001, 7.3773940E-001, 6.2944249E-003, 4.0000000E+000, 0.0000000E+000, 0.0000000E+000, 0.0000000E+000
 2.0451436E-001, 2.6448415E-001, 3.1554613E-001, 8.1773934E-001, 6.1012987E-003, 4.0000000E+000, 0.0000000E+000, 0.0000000E+000, 0.0000000E+000
 2.0539022E-001, 2.6529055E-001, 3.1633995E-001, 9.8342030E-001, 6.0671852E-003, 4.0000000E+000, 0.0000000E+000, 0.0000000E+000, 0.0000000E+000
 2.0626609E-001, 2.6615366E-001, 3.1718725E-001, 1.0678944E+000, 6.0417835E-003, 4.0000000E+000, 0.0000000E+000, 0.0000000E+000, 0.0000000E+000
 2.0714195E-001, 2.6707296E-001, 3.1809948E-001, 1.1494718E+000, 5.9624511E-003, 4.0000000E+000, 0.0000000E+000, 0.0000000E+000, 0.0000000E+000
 2.0801782E-001, 2.6804602E-001, 3.1908661E-001, 1.2275726E+000, 5.8146994E-003, 4.0000000E+000, 0.0000000E+000, 0.0000000E+000, 0.0000000E+000
 2.0889369E-001, 2.6906876E-001, 3.2015602E-001, 1.3015639E+000, 5.5889321E-003, 4.0000000E+000, 0.0000000E+000, 0.0000000E+000, 0.0000000E+000
 2.0976955E-001, 2.7013592E-001, 3.2131166E-001, 1.3707806E+000, 5.2810851E-003, 4.0000000E+000, 0.0000000E+000, 0.0000000E+000, 0.0000000E+000
 2.1064542E-001, 2.7124204E-001, 3.2255351E-001, 1.4345621E+000, 4.9060211E-003, 4.0000000E+000, 0.0000000E+000, 0.0000000E+000, 0.0000000E+000
 2.1152128E-001, 2.7238243E-001, 3.2387762E-001, 1.4923007E+000, 5.1731505E-003, 4.0000000E+000, 0.0000000E+000, 0.0000000E+000, 0.0000000E+000
 2.1239715E-001, 2.7355401E-001, 3.2527667E-001, 1.5434935E+000, 5.1001042E-003, 4.0000000E+000, 0.0000000E+000, 0.0000000E+000, 0.0000000E+000
 2.1327301E-001, 2.7475572E-001, 3.2674094E-001, 1.5877876E+000, 5.1198372E-003, 4.0000000E+000, 0.0000000E+000, 0.0000000E+000, 0.0000000E+000
 2.1414888E-001, 2.7598860E-001, 3.2825953E-001, 1.6250132E+000, 5.4399104E-003, 4.0000000E+000, 0.0000000E+000, 0.0000000E+000, 0.0000000E+000
 2.1502474E-001, 2.7725535E-001, 3.2982170E-001, 1.6551991E+000, 5.1989875E-003, 4.0000000E+000, 0.0000000E+000, 0.0000000E+000, 0.0000000E+000
 2.1590061E-001, 2.7855952E-001, 3.3141804E-001, 1.6785703E+000, 5.3750033E-003, 4.0000000E+000, 0.0000000E+000, 0.0000000E+000, 0.0000000E+000
 2.1677648E-001, 2.7990457E-001, 3.3304138E-001, 1.6955267E+000, 4.9945510E-003, 4.0000000E+000, 0.0000000E+000, 0.0000000E+000, 0.0000000E+000
 2.1765234E-001, 2.8129293E-001, 3.3468735E-001, 1.7066074E+000, 4.6633161E-003, 4.0000000E+000, 0.0000000E+000, 0.0000000E+000, 0.0000000E+000
 2.1852821E-001, 2.8272519E-001, 3.3635448E-001, 1.7124448E+000, 4.6309589E-003, 4.0000000E+000, 0.0000000E+000, 0.0000000E+000, 0.0000000E+000
 2.1940407E-001, 2.8419970E-001, 3.3804399E-001, 1.7137137E+000, 3.9830670E-003, 4.0000000E+000, 0.0000000E+000, 0.0000000E+000, 0.0000000E+000
 2.2027994E-001, 2.8571248E-001, 3.3975919E-001, 1.7110805E+000, 3.4322394E-003, 4.0000000E+000, 0.0000000E+000, 0.0000000E+000, 0.0000000E+000
 2.2115580E-001, 2.8725753E-001, 3.4150469E-001, 1.7051584E+000, 3.2482471E-003, 4.0000000E+000, 0.0000000E+000, 0.0000000E+000, 0.0000000E+000
 2.2203167E-001, 2.8880880E-001, 3.4325872E-001, 1.7006844E+000, 2.8311272E-003, 1.0000000E+000, 0.0000000E+000, 0.0000000E+000, 0.0000000E+000
 2.2290754E-001, 2.9036810E-001, 3.4502992E-001, 1.6949759E+000, 2.2288267E-003, 2.0000000E+000, 0.0000000E+000, 0.0000000E+000, 0.0000000E+000
 2.2378340E-001, 2.9193036E-001, 3.4681176E-001, 1.6880919E+000, 2.4810436E-003, 1.0000000E+000, 0.0000000E+000, 0.0000000E+000, 0.0000000E+000
 2.2465927E-001, 2.9349471E-001, 3.4861407E-001, 1.6800567E+000, 1.7363370E-003, 2.0000000E+000, 0.0000000E+000, 0.0000000E+000, 0.0000000E+000
 2.2553513E-001, 2.9505873E-001, 3.5042843E-001, 1.6708977E+000, 2.4644511E-003, 1.0000000E+000, 0.0000000E+000, 0.0000000E+000, 0.0000000E+000
 2.2641100E-001, 2.9661893E-001, 3.5226477E-001, 1.6606222E+000, 2.1292023E-003, 2.0000000E+000, 0.0000000E+000, 0.0000000E+000, 0.0000000E+000
 2.2728686E-001, 2.9817558E-001, 3.5411342E-001, 1.6492304E+000, 2.5190005E-003, 1.0000000E+000, 0.0000000E+000, 0.0000000E+000, 0.0000000E+000
 2.2816273E-001, 2.9972272E-001, 3.5598318E-001, 1.6367167E+000, 2.5394073E-003, 2.0000000E+000, 0.0000000E+000, 0.0000000E+000, 0.0000000E+000
 2.2903859E-001, 3.0125764E-001, 3.5787242E-001, 1.6230621E+000, 2.8698040E-003, 2.0000000E+000, 0.0000000E+000, 0.0000000E+000, 0.0000000E+000
 2.2991446E-001, 3.0276520E-001, 3.5979290E-001, 1.5902855E+000, 3.1245120E-003, 3.0000000E+000, 0.0000000E+000, 0.0000000E+000, 0.0000000E+000
 2.3079033E-001, 3.0423535E-001, 3.6174079E-001, 1.5546516E+000, 3.4814923E-003, 4.0000000E+000, 0.0000000E+000, 0.0000000E+000, 0.0000000E+000
 2.3166619E-001, 3.0566678E-001, 3.6370187E-001, 1.5160165E+000, 4.1021798E-003, 4.0000000E+000, 0.0000000E+000, 0.0000000E+000, 0.0000000E+000
 2.3254206E-001, 3.0705920E-001, 3.6565931E-001, 1.4742396E+000, 4.4306880E-003, 4.0000000E+000, 0.0000000E+000, 0.0000000E+000, 0.0000000E+000
 2.3341792E-001, 3.0841190E-001, 3.6759396E-001, 1.4292052E+000, 5.1000324E-003, 4.0000000E+000, 0.0000000E+000, 0.0000000E+000, 0.0000000E+000
 2.3429379E-001, 3.0972248E-001, 3.6948521E-001, 1.3808581E+000, 5.6239797E-003, 4.0000000E+000, 0.0000000E+000, 0.0000000E+000, 0.0000000E+000
 2.3516965E-001, 3.1098650E-001, 3.7131225E-001, 1.3292341E+000, 5.7058925E-003, 4.0000000E+000, 0.0000000E+000, 0.0000000E+000, 0.0000000E+000
 2.3604552E-001, 3.1219818E-001, 3.7305553E-001, 1.2744653E+000, 6.1071685E-003, 4.0000000E+000, 0.0000000E+000, 0.0000000E+000, 0.0000000E+000
 2.3692138E-001, 3.1335141E-001, 3.7469792E-001, 1.2167646E+000, 6.2883855E-003, 4.0000000E+000, 0.0000000E+000, 0.0000000E+000, 0.0000000E+000
 2.3779725E-001, 3.1444050E-001, 3.7622548E-001, 1.1564000E+000, 6.4977045E-003, 4.0000000E+000, 0.0000000E+000, 0.0000000E+000, 0.0000000E+000
 2.3867312E-001, 3.1546046E-001, 3.7762791E-001, 1.0936656E+000, 6.6739073E-003, 4.0000000E+000, 0.0000000E+000, 0.0000000E+000, 0.0000000E+000
 2.3954898E-001, 3.1640698E-001, 3.7889862E-001, 1.0288528E+000, 6.8079338E-003, 4.0000000E+000, 0.0000000E+000, 0.0000000E+000, 0.0000000E+000
 2.4042485E-001, 3.1727639E-001, 3.8003450E-001, 9.6222802E-001, 6.9256319E-003, 4.0000000E+000, 0.0000000E+000, 0.0000000E+000, 0.0000000E+000
 2.4130071E-001, 3.1806560E-001, 3.8103554E-001, 8.9401788E-001, 7.0052786E-003, 4.0000000E+000, 0.0000000E+000, 0.0000000E+000, 0.0000000E+000
 2.4217658E-001, 3.1877225E-001, 3.8190428E-001, 8.2440401E-001, 7.0732978E-003, 4.0000000E+000, 0.0000000E+000, 0.0000000E+000, 0.0000000E+000
 2.4305244E-001, 3.1939484E-001, 3.8264535E-001, 7.5352640E-001, 7.1315478E-003, 4.0000000E+000, 0.0000000E+000, 0.0000000E+000, 0.0000000E+000
 2.4392831E-001, 3.1993285E-001, 3.8326490E-001, 6.8149276E-001, 7.1647054E-003, 4.0000000E+000, 0.0000000E+000, 0.0000000E+000, 0.0000000E+000
 2.4480417E-001, 3.2038683E-001, 3.8377029E-001, 6.0839151E-001, 7.1932515E-003, 4.0000000E+000, 0.0000000E+000, 0.0000000E+000, 0.0000000E+000
 2.4568004E-001, 3.2075840E-001, 3.8416966E-001, 5.3430595E-001, 7.2108490E-003, 4.0000000E+000, 0.0000000E+000, 0.0000000E+000, 0.0000000E+000
 2.4655591E-001, 3.2105005E-001, 3.8447168E-001, 4.5932798E-001, 7.2071449E-003, 4.0000000E+000, 0.0000000E+000, 0.0000000E+000, 0.0000000E+000
 2.4743177E-001, 3.2126501E-001, 3.8468523E-001, 3.8356966E-001, 7.2094475E-003, 4.0000000E+000, 0.0000000E+000, 0.0000000E+000, 0.0000000E+000
 2.4830764E-001, 3.2140695E-001, 3.8481922E-001, 3.0717173E-001, 7.1622185E-003, 4.0000000E+000, 0.0000000E+000, 0.0000000E+000, 0.0000000E+000
 2.4918350E-001, 3.2147970E-001, 3.8488235E-001, 2.3030841E-001, 7.0880443E-003, 4.0000000E+000, 0.0000000E+000, 0.0000000E+000, 0.0000000E+000
 2.5005937E-001, 3.2148706E-001, 3.8488292E-001, 1.5318834E-001, 6.9865430E-003, 4.0000000E+000, 0.0000000E+000, 0.0000000E+000, 0.0000000E+000
 2.5093523E-001, 3.2140284E-001, 3.8480175E-001, 1.0068747E-002, 1.0214769E-002, 5.0000000E+000, 0.0000000E+000, 0.0000000E+000, 0.0000000E+000
 2.5181110E-001, 3.2126003E-001, 3.8467193E-001,-6.6533651E-002, 1.0611776E-002, 4.0000000E+000, 0.0000000E+000, 0.0000000E+000, 0.0000000E+000
 2.5268697E-001, 3.2106141E-001, 3.8449940E-001,-1.4248731E-001, 1.0307274E-002, 4.0000000E+000, 0.0000000E+000, 0.0000000E+000, 0.0000000E+000
 2.5356283E-001, 3.2080910E-001, 3.8428920E-001,-2.1751515E-001, 1.0238967E-002, 4.0000000E+000, 0.0000000E+000, 0.0000000E+000, 0.0000000E+000
 2.5443870E-001, 3.2050437E-001, 3.8404537E-001,-2.9136439E-001, 9.4855814E-003, 4.0000000E+000, 0.0000000E+000, 0.0000000E+000, 0.0000000E+000
 2.5531456E-001, 3.2014748E-001, 3.8377072E-001,-3.6383058E-001, 9.1201726E-003, 4.0000000E+000, 0.0000000E+000, 0.0000000E+000, 0.0000000E+000
 2.5619043E-001, 3.1973738E-001, 3.8346653E-001,-4.3478200E-001, 8.5677219E-003, 4.0000000E+000, 0.0000000E+000, 0.0000000E+000, 0.0000000E+000
 2.5706629E-001, 3.1927145E-001, 3.8313224E-001,-5.0418016E-001, 8.4057337E-003, 4.0000000E+000, 0.0000000E+000, 0.0000000E+000, 0.0000000E+000
 2.5794216E-001, 3.1874549E-001, 3.8276491E-001,-5.7208978E-001, 8.1043010E-003, 4.0000000E+000, 0.0000000E+000, 0.0000000E+000, 0.0000000E+000
 2.5881802E-001, 3.1815408E-001, 3.8235884E-001,-6.3867219E-001, 7.6908685E-003, 4.0000000E+000, 0.0000000E+000, 0.0000000E+000, 0.0000000E+000
 2.5969389E-001, 3.1748458E-001, 3.8190070E-001,-7.2301407E-001, 7.1865657E-003, 4.0000000E+000, 0.0000000E+000, 0.0000000E+000, 0.0000000E+000
 2.6056976E-001, 3.1673120E-001, 3.8137721E-001,-8.0636133E-001, 6.7206793E-003, 4.0000000E+000, 0.0000000E+000, 0.0000000E+000, 0.0000000E+000
 2.6144562E-001, 3.1589018E-001, 3.8077273E-001,-8.8900590E-001, 6.5625674E-003, 4.0000000E+000, 0.0000000E+000, 0.0000000E+000, 0.0000000E+000
 2.6232149E-001, 3.1496068E-001, 3.8007079E-001,-9.7109676E-001, 6.3004346E-003, 4.0000000E+000, 0.0000000E+000, 0.0000000E+000, 0.0000000E+000
 2.6319735E-001, 3.1394519E-001, 3.7925594E-001,-1.0525832E+000, 5.9410965E-003, 4.0000000E+000, 0.0000000E+000, 0.0000000E+000, 0.0000000E+000
 2.6407322E-001, 3.1284936E-001, 3.7831569E-001,-1.1331883E+000, 5.7705213E-003, 4.0000000E+000, 0.0000000E+000, 0.0000000E+000, 0.0000000E+000
 2.6494908E-001, 3.1168130E-001, 3.7724211E-001,-1.2124146E+000, 5.6350809E-003, 4.0000000E+000, 0.0000000E+000, 0.0000000E+000, 0.0000000E+000
 2.6582495E-001, 3.1045046E-001, 3.7603305E-001,-1.2895796E+000, 5.4166451E-003, 4.0000000E+000, 0.0000000E+000, 0.0000000E+000, 0.0000000E+000
 2.6670081E-001, 3.0916646E-001, 3.7469265E-001,-1.3638740E+000, 5.1168853E-003, 4.0000000E+000, 0.0000000E+000, 0.0000000E+000, 0.0000000E+000
 2.6757668E-001, 3.0783796E-001, 3.7323122E-001,-1.4344338E+000, 4.7428058E-003, 4.0000000E+000, 0.0000000E+000, 0.0000000E+000, 0.0000000E+000
 2.6845255E-001, 3.0647206E-001, 3.7166455E-001,-1.5004145E+000, 4.3058871E-003, 4.0000000E+000, 0.0000000E+000, 0.0000000E+000, 0.0000000E+000
 2.6932841E-001, 3.0507405E-001, 3.7001265E-001,-1.5610597E+000, 3.8250607E-003, 4.0000000E+000, 0.0000000E+000, 0.0000000E+000, 0.0000000E+000
 2.7020428E-001, 3.0364757E-001, 3.6829832E-001,-1.6157535E+000, 3.3046227E-003, 4.0000000E+000, 0.0000000E+000, 0.0000000E+000, 0.0000000E+000
 2.7108014E-001, 3.0219520E-001, 3.6654545E-001,-1.6640553E+000, 3.0195531E-003, 4.0000000E+000, 0.0000000E+000, 0.0000000E+000, 0.0000000E+000
 2.7195601E-001, 3.0072313E-001, 3.6477987E-001,-1.7057128E+000, 3.0006359E-003, 3.0000000E+000, 0.0000000E+000, 0.0000000E+000, 0.0000000E+000
 2.7283187E-001, 2.9923329E-001, 3.6301969E-001,-1.7406944E+000, 2.8666731E-003, 3.0000000E+000, 0.0000000E+000, 0.0000000E+000, 0.0000000E+000
 2.7370774E-001, 2.9772970E-001, 3.6127904E-001,-1.7624887E+000, 2.7516996E-003, 3.0000000E+000, 0.0000000E+000, 0.0000000E+000, 0.0000000E+000
 2.7458360E-001, 2.9621495E-001, 3.5957036E-001,-1.7792965E+000, 2.5846694E-003, 3.0000000E+000, 0.0000000E+000, 0.0000000E+000, 0.0000000E+000
 2.7545947E-001, 2.9469496E-001, 3.5788902E-001,-1.7875000E+000, 3.0655342E-003, 2.0000000E+000, 0.0000000E+000, 0.0000000E+000, 0.0000000E+000
 2.7633534E-001, 2.9317137E-001, 3.5624645E-001,-1.7948433E+000, 3.0048941E-003, 2.0000000E+000, 0.0000000E+000, 0.0000000E+000, 0.0000000E+000
 2.7711779E-001, 2.9180967E-001, 3.5481724E-001,-1.7973928E+000, 2.6978958E-003, 2.0000000E+000, 0.0000000E+000, 0.0000000E+000, 0.0000000E+000
 2.7790024E-001, 2.9044982E-001, 3.5342693E-001,-1.7968891E+000, 2.3250074E-003, 2.0000000E+000, 0.0000000E+000, 0.0000000E+000, 0.0000000E+000
 2.7868270E-001, 2.8909364E-001, 3.5206968E-001,-1.7944106E+000, 2.1200001E-003, 2.0000000E+000, 0.0000000E+000, 0.0000000E+000, 0.0000000E+000
 2.7946515E-001, 2.8774322E-001, 3.5074597E-001,-1.7902337E+000, 1.7929761E-003, 2.0000000E+000, 0.0000000E+000, 0.0000000E+000, 0.0000000E+000
 2.8024761E-001, 2.8640056E-001, 3.4945560E-001,-1.7844170E+000, 1.5650482E-003, 2.0000000E+000, 0.0000000E+000, 0.0000000E+000, 0.0000000E+000
 2.8103006E-001, 2.8506757E-001, 3.4819779E-001,-1.7770116E+000, 1.8032765E-003, 2.0000000E+000, 0.0000000E+000, 0.0000000E+000, 0.0000000E+000
 2.8181251E-001, 2.8374595E-001, 3.4697128E-001,-1.7680604E+000, 2.0258831E-003, 2.0000000E+000, 0.0000000E+000, 0.0000000E+000, 0.0000000E+000
 2.8259497E-001, 2.8243142E-001, 3.4576131E-001,-1.7575976E+000, 2.8043912E-003, 1.0000000E+000, 0.0000000E+000, 0.0000000E+000, 0.0000000E+000
 2.8337742E-001, 2.8113118E-001, 3.4457930E-001,-1.7456272E+000, 2.4894595E-003, 2.0000000E+000, 0.0000000E+000, 0.0000000E+000, 0.0000000E+000
 2.8415988E-001, 2.7984635E-001, 3.4342332E-001,-1.7321743E+000, 2.7888340E-003, 2.0000000E+000, 0.0000000E+000, 0.0000000E+000, 0.0000000E+000
 2.8494233E-001, 2.7857784E-001, 3.4229129E-001,-1.7172486E+000, 3.0947646E-003, 2.0000000E+000, 0.0000000E+000, 0.0000000E+000, 0.0000000E+000
 2.8572479E-001, 2.7734888E-001, 3.4121011E-001,-1.6801788E+000, 3.3215309E-003, 4.0000000E+000, 0.0000000E+000, 0.0000000E+000, 0.0000000E+000
 2.8650724E-001, 2.7616036E-001, 3.4017434E-001,-1.6396919E+000, 3.5176216E-003, 4.0000000E+000, 0.0000000E+000, 0.0000000E+000, 0.0000000E+000
 2.8728969E-001, 2.7501283E-001, 3.3917873E-001,-1.5957619E+000, 4.0376413E-003, 4.0000000E+000, 0.0000000E+000, 0.0000000E+000, 0.0000000E+000
 2.8807215E-001, 2.7390629E-001, 3.3821936E-001,-1.5483439E+000, 4.0731013E-003, 4.0000000E+000, 0.0000000E+000, 0.0000000E+000, 0.0000000E+000
 2.8885460E-001, 2.7284023E-001, 3.3729439E-001,-1.4974156E+000, 4.4275887E-003, 4.0000000E+000, 0.0000000E+000, 0.0000000E+000, 0.0000000E+000
 2.8963706E-001, 2.7181384E-001, 3.3640371E-001,-1.4430320E+000, 4.7338885E-003, 4.0000000E+000, 0.0000000E+000, 0.0000000E+000, 0.0000000E+000
 2.9041951E-001, 2.7082636E-001, 3.3554794E-001,-1.3853448E+000, 4.9881268E-003, 4.0000000E+000, 0.0000000E+000, 0.0000000E+000, 0.0000000E+000
 2.9120196E-001, 2.6987748E-001, 3.3472762E-001,-1.3245743E+000, 5.2170686E-003, 4.0000000E+000, 0.0000000E+000, 0.0000000E+000, 0.0000000E+000
 2.9198442E-001, 2.6896781E-001, 3.3394317E-001,-1.2609619E+000, 5.4561881E-003, 4.0000000E+000, 0.0000000E+000, 0.0000000E+000, 0.0000000E+000
 2.9276687E-001, 2.6809901E-001, 3.3319539E-001,-1.1947359E+000, 5.6192993E-003, 4.0000000E+000, 0.0000000E+000, 0.0000000E+000, 0.0000000E+000
 2.9354933E-001, 2.6727370E-001, 3.3248595E-001,-1.1261022E+000, 5.7017233E-003, 4.0000000E+000, 0.0000000E+000, 0.0000000E+000, 0.0000000E+000
 2.9433178E-001, 2.6649511E-001, 3.3181774E-001,-1.0552552E+000, 5.7234178E-003, 4.0000000E+000, 0.0000000E+000, 0.0000000E+000, 0.0000000E+000
 2.9511423E-001, 2.6576656E-001, 3.3119476E-001,-9.8239312E-001, 5.7267623E-003, 4.0000000E+000, 0.0000000E+000, 0.0000000E+000, 0.0000000E+000
 2.9589669E-001, 2.6509115E-001, 3.3062186E-001,-9.0772885E-001, 6.1470265E-003, 4.0000000E+000, 0.0000000E+000, 0.0000000E+000, 0.0000000E+000
 2.9667914E-001, 2.6447156E-001, 3.3010432E-001,-8.3149394E-001, 5.8338476E-003, 4.0000000E+000, 0.0000000E+000, 0.0000000E+000, 0.0000000E+000
 2.9746160E-001, 2.6390995E-001, 3.2964755E-001,-7.5393642E-001, 5.8771440E-003, 4.0000000E+000, 0.0000000E+000, 0.0000000E+000, 0.0000000E+000
 2.9824405E-001, 2.6340801E-001, 3.2925680E-001,-6.7531707E-001, 5.9078432E-003, 4.0000000E+000, 0.0000000E+000, 0.0000000E+000, 0.0000000E+000
 2.9902650E-001, 2.6296701E-001, 3.2893698E-001,-5.9590689E-001, 5.9132838E-003, 4.0000000E+000, 0.0000000E+000, 0.0000000E+000, 0.0000000E+000
 2.9980896E-001, 2.6258788E-001, 3.2869249E-001,-5.1598660E-001, 5.8976725E-003, 4.0000000E+000, 0.0000000E+000, 0.0000000E+000, 0.0000000E+000
 3.0059141E-001, 2.6227126E-001, 3.2852711E-001,-4.3584761E-001, 5.8597430E-003, 4.0000000E+000, 0.0000000E+000, 0.0000000E+000, 0.0000000E+000
 3.0137387E-001, 2.6201748E-001, 3.2844383E-001,-3.5579302E-001, 5.8410361E-003, 4.0000000E+000, 0.0000000E+000, 0.0000000E+000, 0.0000000E+000
 3.0215632E-001, 2.6182660E-001, 3.2844474E-001,-2.7613807E-001, 5.7792732E-003, 4.0000000E+000, 0.0000000E+000, 0.0000000E+000, 0.0000000E+000
 3.0293878E-001, 2.6169824E-001, 3.2853089E-001,-1.9721135E-001, 5.7243293E-003, 4.0000000E+000, 0.0000000E+000, 0.0000000E+000, 0.0000000E+000
 3.0372123E-001, 2.6163145E-001, 3.2870226E-001,-1.1935912E-001, 5.6248622E-003, 4.0000000E+000, 0.0000000E+000, 0.0000000E+000, 0.0000000E+000
 3.0450368E-001, 2.6162435E-001, 3.2895767E-001,-4.2954564E-002, 5.4736031E-003, 4.0000000E+000, 0.0000000E+000, 0.0000000E+000, 0.0000000E+000
 3.0528614E-001, 2.6167383E-001, 3.2929467E-001, 3.1588853E-002, 5.2652092E-003, 4.0000000E+000, 0.0000000E+000, 0.0000000E+000, 0.0000000E+000
 3.0606859E-001, 2.6177530E-001, 3.2970925E-001, 1.0380403E-001, 5.0026179E-003, 4.0000000E+000, 0.0000000E+000, 0.0000000E+000, 0.0000000E+000
 3.0685105E-001, 2.6192262E-001, 3.3019558E-001, 1.7316361E-001, 4.7169709E-003, 4.0000000E+000, 0.0000000E+000, 0.0000000E+000, 0.0000000E+000
 3.0763350E-001, 2.6210840E-001, 3.3074560E-001, 2.3908678E-001, 4.3724759E-003, 4.0000000E+000, 0.0000000E+000, 0.0000000E+000, 0.0000000E+000
 3.0841595E-001, 2.6232465E-001, 3.3134891E-001, 3.0096285E-001, 3.9967472E-003, 4.0000000E+000, 0.0000000E+000, 0.0000000E+000, 0.0000000E+000
 3.0919841E-001, 2.6256602E-001, 3.3199681E-001, 3.7455735E-001, 3.5987266E-003, 4.0000000E+000, 0.0000000E+000, 0.0000000E+000, 0.0000000E+000
 3.0998086E-001, 2.6282548E-001, 3.3267327E-001, 4.4127777E-001, 3.3669618E-003, 4.0000000E+000, 0.0000000E+000, 0.0000000E+000, 0.0000000E+000
 3.1076332E-001, 2.6309826E-001, 3.3336144E-001, 5.0053053E-001, 3.2882587E-003, 4.0000000E+000, 0.0000000E+000, 0.0000000E+000, 0.0000000E+000
 3.1154577E-001, 2.6338220E-001, 3.3404514E-001, 5.5193470E-001, 3.1442827E-003, 4.0000000E+000, 0.0000000E+000, 0.0000000E+000, 0.0000000E+000
 3.1232822E-001, 2.6367643E-001, 3.3471155E-001, 5.8562761E-001, 3.0244269E-003, 4.0000000E+000, 0.0000000E+000, 0.0000000E+000, 0.0000000E+000
 3.1311068E-001, 2.6398028E-001, 3.3535573E-001, 6.1318622E-001, 3.0139431E-003, 3.0000000E+000, 0.0000000E+000, 0.0000000E+000, 0.0000000E+000
 3.1389313E-001, 2.6430398E-001, 3.3595304E-001, 6.4739604E-001, 3.7542648E-003, 5.0000000E+000, 0.0000000E+000, 0.0000000E+000, 0.0000000E+000
 3.1467559E-001, 2.6463660E-001, 3.3653151E-001, 6.5878808E-001, 3.0684070E-003, 2.0000000E+000, 0.0000000E+000, 0.0000000E+000, 0.0000000E+000
 3.1545804E-001, 2.6498092E-001, 3.3708727E-001, 6.6950285E-001, 2.9225582E-003, 2.0000000E+000, 0.0000000E+000, 0.0000000E+000, 0.0000000E+000
 3.1624049E-001, 2.6533566E-001, 3.3762443E-001, 6.7342960E-001, 2.8312848E-003, 2.0000000E+000, 0.0000000E+000, 0.0000000E+000, 0.0000000E+000
 3.1702295E-001, 2.6570099E-001, 3.3814446E-001, 6.7389471E-001, 2.8716524E-003, 2.0000000E+000, 0.0000000E+000, 0.0000000E+000, 0.0000000E+000
 3.1780540E-001, 2.6608038E-001, 3.3864428E-001, 6.7110789E-001, 1.7860819E-003, 3.0000000E+000, 0.0000000E+000, 0.0000000E+000, 0.0000000E+000
 3.1858786E-001, 2.6646935E-001, 3.3913271E-001, 6.6535818E-001, 2.7681791E-003, 2.0000000E+000, 0.0000000E+000, 0.0000000E+000, 0.0000000E+000
 3.1937031E-001, 2.6686972E-001, 3.3961117E-001, 6.5684523E-001, 1.8384014E-003, 3.0000000E+000, 0.0000000E+000, 0.0000000E+000, 0.0000000E+000
 3.2015277E-001, 2.6728018E-001, 3.4008602E-001, 6.4157010E-001, 1.8478067E-003, 3.0000000E+000, 0.0000000E+000, 0.0000000E+000, 0.0000000E+000
 3.2093522E-001, 2.6769656E-001, 3.4056552E-001, 6.2313492E-001, 2.1442365E-003, 3.0000000E+000, 0.0000000E+000, 0.0000000E+000, 0.0000000E+000
 3.2171767E-001, 2.6811375E-001, 3.4105727E-001, 6.0169687E-001, 2.5323191E-003, 3.0000000E+000, 0.0000000E+000, 0.0000000E+000, 0.0000000E+000
 3.2250013E-001, 2.6852592E-001, 3.4156916E-001, 5.7045690E-001, 2.8553784E-003, 3.0000000E+000, 0.0000000E+000, 0.0000000E+000, 0.0000000E+000
 3.2328258E-001, 2.6892515E-001, 3.4210978E-001, 5.3546529E-001, 2.7403912E-003, 4.0000000E+000, 0.0000000E+000, 0.0000000E+000, 0.0000000E+000
 3.2406504E-001, 2.6930467E-001, 3.4268192E-001, 4.8815083E-001, 2.8869965E-003, 4.0000000E+000, 0.0000000E+000, 0.0000000E+000, 0.0000000E+000
 3.2484749E-001, 2.6965434E-001, 3.4328793E-001, 4.2675402E-001, 2.9991167E-003, 5.0000000E+000, 0.0000000E+000, 0.0000000E+000, 0.0000000E+000
 3.2562994E-001, 2.6996529E-001, 3.4391901E-001, 3.5968656E-001, 3.1863535E-003, 6.0000000E+000, 0.0000000E+000, 0.0000000E+000, 0.0000000E+000
 3.2641240E-001, 2.7023307E-001, 3.4455507E-001, 2.8684886E-001, 3.5234932E-003, 6.0000000E+000, 0.0000000E+000, 0.0000000E+000, 0.0000000E+000
 3.2719485E-001, 2.7045338E-001, 3.4517093E-001, 2.0829394E-001, 3.8841745E-003, 6.0000000E+000, 0.0000000E+000, 0.0000000E+000, 0.0000000E+000
 3.2797731E-001, 2.7062460E-001, 3.4574169E-001, 1.3715580E-001, 4.2353974E-003, 6.0000000E+000, 0.0000000E+000, 0.0000000E+000, 0.0000000E+000
 3.2875976E-001, 2.7074177E-001, 3.4624198E-001, 6.1776132E-002, 4.5326636E-003, 6.0000000E+000, 0.0000000E+000, 0.0000000E+000, 0.0000000E+000
 3.2954221E-001, 2.7079892E-001, 3.4664884E-001,-1.7340254E-002, 4.7803054E-003, 6.0000000E+000, 0.0000000E+000, 0.0000000E+000, 0.0000000E+000
 3.3032467E-001, 2.7078906E-001, 3.4694311E-001,-9.9625610E-002, 4.9865492E-003, 6.0000000E+000, 0.0000000E+000, 0.0000000E+000, 0.0000000E+000
 3.3110712E-001, 2.7070457E-001, 3.4711007E-001,-1.8451312E-001, 5.1621131E-003, 6.0000000E+000, 0.0000000E+000, 0.0000000E+000, 0.0000000E+000
 3.3188958E-001, 2.7053799E-001, 3.4713952E-001,-2.7148150E-001, 5.2319636E-003, 6.0000000E+000, 0.0000000E+000, 0.0000000E+000, 0.0000000E+000
 3.3267203E-001, 2.7029363E-001, 3.4704282E-001,-3.6007767E-001, 5.4183762E-003, 5.0000000E+000, 0.0000000E+000, 0.0000000E+000, 0.0000000E+000
 3.3345448E-001, 2.6996720E-001, 3.4681767E-001,-4.4998440E-001, 5.5360235E-003, 5.0000000E+000, 0.0000000E+000, 0.0000000E+000, 0.0000000E+000
 3.3423694E-001, 2.6955630E-001, 3.4646447E-001,-5.4092565E-001, 5.6423954E-003, 5.0000000E+000, 0.0000000E+000, 0.0000000E+000, 0.0000000E+000
 3.3501939E-001, 2.6906070E-001, 3.4598616E-001,-6.3265141E-001, 5.7537594E-003, 5.0000000E+000, 0.0000000E+000, 0.0000000E+000, 0.0000000E+000
 3.3580185E-001, 2.6848229E-001, 3.4538807E-001,-7.2491682E-001, 5.8531825E-003, 5.0000000E+000, 0.0000000E+000, 0.0000000E+000, 0.0000000E+000
 3.3658430E-001, 2.6782451E-001, 3.4467769E-001,-8.1747507E-001, 5.9177359E-003, 5.0000000E+000, 0.0000000E+000, 0.0000000E+000, 0.0000000E+000
 3.3736675E-001, 2.6709152E-001, 3.4386427E-001,-9.1008057E-001, 5.9305850E-003, 5.0000000E+000, 0.0000000E+000, 0.0000000E+000, 0.0000000E+000
 3.3814921E-001, 2.6628745E-001, 3.4295823E-001,-1.0024944E+000, 5.8845229E-003, 5.0000000E+000, 0.0000000E+000, 0.0000000E+000, 0.0000000E+000
 3.3893166E-001, 2.6541587E-001, 3.4197042E-001,-1.0944877E+000, 5.7811547E-003, 5.0000000E+000, 0.0000000E+000, 0.0000000E+000, 0.0000000E+000
 3.3971412E-001, 2.6447957E-001, 3.4091148E-001,-1.1858412E+000, 5.6279002E-003, 5.0000000E+000, 0.0000000E+000, 0.0000000E+000, 0.0000000E+000
 3.4049657E-001, 2.6348061E-001, 3.3979113E-001,-1.2763408E+000, 5.3562478E-003, 5.0000000E+000, 0.0000000E+000, 0.0000000E+000, 0.0000000E+000
 3.4127903E-001, 2.6242070E-001, 3.3861775E-001,-1.3657691E+000, 5.0701644E-003, 5.0000000E+000, 0.0000000E+000, 0.0000000E+000, 0.0000000E+000
 3.4206148E-001, 2.6130158E-001, 3.3739805E-001,-1.4538916E+000, 4.8908045E-003, 5.0000000E+000, 0.0000000E+000, 0.0000000E+000, 0.0000000E+000
 3.4284393E-001, 2.6012550E-001, 3.3613699E-001,-1.5404384E+000, 4.6541541E-003, 5.0000000E+000, 0.0000000E+000, 0.0000000E+000, 0.0000000E+000
 3.4362639E-001, 2.5889546E-001, 3.3483793E-001,-1.6250852E+000, 4.3229560E-003, 5.0000000E+000, 0.0000000E+000, 0.0000000E+000, 0.0000000E+000
 3.4440884E-001, 2.5761529E-001, 3.3350301E-001,-1.7074408E+000, 4.0679331E-003, 5.0000000E+000, 0.0000000E+000, 0.0000000E+000, 0.0000000E+000
 3.4519130E-001, 2.5628943E-001, 3.3213360E-001,-1.7870476E+000, 3.8454620E-003, 5.0000000E+000, 0.0000000E+000, 0.0000000E+000, 0.0000000E+000
 3.4597375E-001, 2.5491692E-001, 3.3072617E-001,-1.8633955E+000, 3.5104792E-003, 6.0000000E+000, 0.0000000E+000, 0.0000000E+000, 0.0000000E+000
 3.4675620E-001, 2.5350263E-001, 3.2928173E-001,-1.9358712E+000, 3.2331639E-003, 6.0000000E+000, 0.0000000E+000, 0.0000000E+000, 0.0000000E+000
 3.4753866E-001, 2.5205503E-001, 3.2780574E-001,-2.0038688E+000, 3.0692565E-003, 5.0000000E+000, 0.0000000E+000, 0.0000000E+000, 0.0000000E+000
 3.4823927E-001, 2.5072810E-001, 3.2645388E-001,-2.0981468E+000, 2.9840692E-003, 4.0000000E+000, 0.0000000E+000, 0.0000000E+000, 0.0000000E+000
 3.4893988E-001, 2.4937779E-001, 3.2507860E-001,-2.1515540E+000, 2.8519607E-003, 4.0000000E+000, 0.0000000E+000, 0.0000000E+000, 0.0000000E+000
 3.4964050E-001, 2.4800886E-001, 3.2368458E-001,-2.2002258E+000, 2.9446866E-003, 3.0000000E+000, 0.0000000E+000, 0.0000000E+000, 0.0000000E+000
 3.5034111E-001, 2.4660150E-001, 3.2225174E-001,-2.2736608E+000, 3.0716269E-003, 7.0000000E+000, 0.0000000E+000, 0.0000000E+000, 0.0000000E+000
 3.5104172E-001, 2.4517563E-001, 3.2079970E-001,-2.3032318E+000, 3.0722020E-003, 4.0000000E+000, 0.0000000E+000, 0.0000000E+000, 0.0000000E+000
 3.5174233E-001, 2.4372151E-001, 3.1931716E-001,-2.3510355E+000, 4.3535231E-003, 6.0000000E+000, 0.0000000E+000, 0.0000000E+000, 0.0000000E+000
 3.5244295E-001, 2.4225096E-001, 3.1781591E-001,-2.3780761E+000, 3.2584164E-003, 4.0000000E+000, 0.0000000E+000, 0.0000000E+000, 0.0000000E+000
 3.5314356E-001, 2.4076362E-001, 3.1629496E-001,-2.3993162E+000, 3.8026947E-003, 5.0000000E+000, 0.0000000E+000, 0.0000000E+000, 0.0000000E+000
 3.5384417E-001, 2.3926250E-001, 3.1475823E-001,-2.4184168E+000, 3.0171854E-003, 4.0000000E+000, 0.0000000E+000, 0.0000000E+000, 0.0000000E+000
 3.5454478E-001, 2.3774646E-001, 3.1320640E-001,-2.4306383E+000, 3.2891858E-003, 5.0000000E+000, 0.0000000E+000, 0.0000000E+000, 0.0000000E+000
 3.5524540E-001, 2.3621819E-001, 3.1164449E-001,-2.4351655E+000, 2.7653299E-003, 4.0000000E+000, 0.0000000E+000, 0.0000000E+000, 0.0000000E+000
 3.5594601E-001, 2.3467753E-001, 3.1007408E-001,-2.4350261E+000, 3.0647883E-003, 3.0000000E+000, 0.0000000E+000, 0.0000000E+000, 0.0000000E+000
 3.5664662E-001, 2.3312547E-001, 3.0849659E-001,-2.4311764E+000, 2.8842010E-003, 3.0000000E+000, 0.0000000E+000, 0.0000000E+000, 0.0000000E+000
 3.5734723E-001, 2.3156066E-001, 3.0691106E-001,-2.4242394E+000, 2.5649810E-003, 3.0000000E+000, 0.0000000E+000, 0.0000000E+000, 0.0000000E+000
 3.5804784E-001, 2.2998193E-001, 3.0531577E-001,-2.4146118E+000, 2.0871054E-003, 3.0000000E+000, 0.0000000E+000, 0.0000000E+000, 0.0000000E+000
 3.5874846E-001, 2.2839037E-001, 3.0370983E-001,-2.4057795E+000, 1.9315688E-003, 3.0000000E+000, 0.0000000E+000, 0.0000000E+000, 0.0000000E+000
 3.5944907E-001, 2.2678935E-001, 3.0209427E-001,-2.3954962E+000, 2.8315306E-003, 2.0000000E+000, 0.0000000E+000, 0.0000000E+000, 0.0000000E+000
 3.6014968E-001, 2.2517930E-001, 3.0046713E-001,-2.3839296E+000, 2.9286150E-003, 2.0000000E+000, 0.0000000E+000, 0.0000000E+000, 0.0000000E+000
 3.6085029E-001, 2.2356115E-001, 2.9882648E-001,-2.3712214E+000, 2.8831756E-003, 2.0000000E+000, 0.0000000E+000, 0.0000000E+000, 0.0000000E+000
 3.6155091E-001, 2.2193639E-001, 2.9717065E-001,-2.3574829E+000, 2.6611298E-003, 2.0000000E+000, 0.0000000E+000, 0.0000000E+000, 0.0000000E+000
 3.6225152E-001, 2.2030704E-001, 2.9549846E-001,-2.3427921E+000, 2.6647177E-003, 2.0000000E+000, 0.0000000E+000, 0.0000000E+000, 0.0000000E+000
 3.6295213E-001, 2.1867550E-001, 2.9380935E-001,-2.3271946E+000, 2.8545216E-003, 2.0000000E+000, 0.0000000E+000, 0.0000000E+000, 0.0000000E+000
 3.6365274E-001, 2.1704448E-001, 2.9210348E-001,-2.3107063E+000, 3.0871644E-003, 2.0000000E+000, 0.0000000E+000, 0.0000000E+000, 0.0000000E+000
 3.6435336E-001, 2.1541812E-001, 2.9037623E-001,-2.2933137E+000, 2.3381667E-003, 3.0000000E+000, 0.0000000E+000, 0.0000000E+000, 0.0000000E+000
 3.6505397E-001, 2.1380038E-001, 2.8863064E-001,-2.2749698E+000, 2.8559433E-003, 3.0000000E+000, 0.0000000E+000, 0.0000000E+000, 0.0000000E+000
 3.6575458E-001, 2.1219509E-001, 2.8687103E-001,-2.2555963E+000, 2.7619154E-003, 3.0000000E+000, 0.0000000E+000, 0.0000000E+000, 0.0000000E+000
 3.6645519E-001, 2.1061229E-001, 2.8510010E-001,-2.2272646E+000, 3.1113026E-003, 4.0000000E+000, 0.0000000E+000, 0.0000000E+000, 0.0000000E+000
 3.6715581E-001, 2.0905633E-001, 2.8332884E-001,-2.1970667E+000, 2.9408220E-003, 4.0000000E+000, 0.0000000E+000, 0.0000000E+000, 0.0000000E+000
 3.6785642E-001, 2.0754202E-001, 2.8157534E-001,-2.1468388E+000, 3.4636027E-003, 5.0000000E+000, 0.0000000E+000, 0.0000000E+000, 0.0000000E+000
 3.6855703E-001, 2.0607217E-001, 2.7986030E-001,-2.0929044E+000, 3.1657901E-003, 5.0000000E+000, 0.0000000E+000, 0.0000000E+000, 0.0000000E+000
 3.6925764E-001, 2.0464841E-001, 2.7820398E-001,-2.0352086E+000, 3.8969533E-003, 5.0000000E+000, 0.0000000E+000, 0.0000000E+000, 0.0000000E+000
 3.6995826E-001, 2.0327487E-001, 2.7662969E-001,-1.9629690E+000, 3.4437232E-003, 5.0000000E+000, 0.0000000E+000, 0.0000000E+000, 0.0000000E+000
 3.7065887E-001, 2.0194897E-001, 2.7514701E-001,-1.8985479E+000, 4.1301430E-003, 5.0000000E+000, 0.0000000E+000, 0.0000000E+000, 0.0000000E+000
 3.7135948E-001, 2.0067151E-001, 2.7376628E-001,-1.8314871E+000, 3.5973006E-003, 5.0000000E+000, 0.0000000E+000, 0.0000000E+000, 0.0000000E+000
 3.7206009E-001, 1.9944022E-001, 2.7248590E-001,-1.7747773E+000, 4.2257240E-003, 5.0000000E+000, 0.0000000E+000, 0.0000000E+000, 0.0000000E+000
 3.7276071E-001, 1.9825996E-001, 2.7131452E-001,-1.7040920E+000, 3.6696356E-003, 5.0000000E+000, 0.0000000E+000, 0.0000000E+000, 0.0000000E+000
 3.7346132E-001, 1.9712877E-001, 2.7024200E-001,-1.6453053E+000, 4.2279535E-003, 5.0000000E+000, 0.0000000E+000, 0.0000000E+000, 0.0000000E+000
 3.7416193E-001, 1.9605179E-001, 2.6926968E-001,-1.5729400E+000, 3.7204941E-003, 5.0000000E+000, 0.0000000E+000, 0.0000000E+000, 0.0000000E+000
 3.7486254E-001, 1.9502643E-001, 2.6838276E-001,-1.5133257E+000, 4.2019371E-003, 5.0000000E+000, 0.0000000E+000, 0.0000000E+000, 0.0000000E+000
 3.7556316E-001, 1.9405687E-001, 2.6757806E-001,-1.4403534E+000, 3.7129365E-003, 5.0000000E+000, 0.0000000E+000, 0.0000000E+000, 0.0000000E+000
 3.7626377E-001, 1.9313875E-001, 2.6684027E-001,-1.3804554E+000, 4.1719110E-003, 5.0000000E+000, 0.0000000E+000, 0.0000000E+000, 0.0000000E+000
 3.7696438E-001, 1.9226678E-001, 2.6615598E-001,-1.3072702E+000, 3.7639162E-003, 4.0000000E+000, 0.0000000E+000, 0.0000000E+000, 0.0000000E+000
 3.7766499E-001, 1.9143534E-001, 2.6551315E-001,-1.2472920E+000, 4.1616408E-003, 4.0000000E+000, 0.0000000E+000, 0.0000000E+000, 0.0000000E+000
 3.7836561E-001, 1.9064853E-001, 2.6491078E-001,-1.1873388E+000, 3.6607381E-003, 5.0000000E+000, 0.0000000E+000, 0.0000000E+000, 0.0000000E+000
 3.7906622E-001, 1.8990281E-001, 2.6434205E-001,-1.1275108E+000, 4.0049201E-003, 5.0000000E+000, 0.0000000E+000, 0.0000000E+000, 0.0000000E+000
 3.7976683E-001, 1.8919449E-001, 2.6380123E-001,-1.0679586E+000, 3.4408622E-003, 5.0000000E+000, 0.0000000E+000, 0.0000000E+000, 0.0000000E+000
 3.8046744E-001, 1.8852269E-001, 2.6328555E-001,-9.9584361E-001, 3.7636894E-003, 5.0000000E+000, 0.0000000E+000, 0.0000000E+000, 0.0000000E+000
 3.8116806E-001, 1.8788669E-001, 2.6279314E-001,-9.1178881E-001, 3.1532716E-003, 5.0000000E+000, 0.0000000E+000, 0.0000000E+000, 0.0000000E+000
 3.8186867E-001, 1.8728186E-001, 2.6232052E-001,-8.4192792E-001, 3.4813703E-003, 5.0000000E+000, 0.0000000E+000, 0.0000000E+000, 0.0000000E+000
 3.8256928E-001, 1.8670224E-001, 2.6186430E-001,-7.7372370E-001, 2.9775810E-003, 4.0000000E+000, 0.0000000E+000, 0.0000000E+000, 0.0000000E+000
 3.8326989E-001, 1.8615035E-001, 2.6142735E-001,-7.0752168E-001, 3.0163766E-003, 5.0000000E+000, 0.0000000E+000, 0.0000000E+000, 0.0000000E+000
 3.8397051E-001, 1.8561387E-001, 2.6100214E-001,-6.6680402E-001, 2.9766300E-003, 3.0000000E+000, 0.0000000E+000, 0.0000000E+000, 0.0000000E+000
 3.8467112E-001, 1.8509198E-001, 2.6058929E-001,-6.2771502E-001, 2.9550776E-003, 3.0000000E+000, 0.0000000E+000, 0.0000000E+000, 0.0000000E+000
 3.8537173E-001, 1.8458384E-001, 2.6018951E-001,-5.9041628E-001, 2.7657191E-003, 3.0000000E+000, 0.0000000E+000, 0.0000000E+000, 0.0000000E+000
 3.8607234E-001, 1.8408855E-001, 2.5980351E-001,-5.5506838E-001, 2.6086628E-003, 3.0000000E+000, 0.0000000E+000, 0.0000000E+000, 0.0000000E+000
 3.8677296E-001, 1.8360391E-001, 2.5943024E-001,-5.3124621E-001, 2.4452338E-003, 3.0000000E+000, 0.0000000E+000, 0.0000000E+000, 0.0000000E+000
 3.8747357E-001, 1.8312925E-001, 2.5907017E-001,-5.0899676E-001, 2.2684615E-003, 3.0000000E+000, 0.0000000E+000, 0.0000000E+000, 0.0000000E+000
 3.8817418E-001, 1.8266142E-001, 2.5872001E-001,-4.8840693E-001, 3.0778244E-003, 2.0000000E+000, 0.0000000E+000, 0.0000000E+000, 0.0000000E+000
 3.8887479E-001, 1.8220232E-001, 2.5838374E-001,-4.6953190E-001, 2.0817240E-003, 3.0000000E+000, 0.0000000E+000, 0.0000000E+000, 0.0000000E+000
 3.8957541E-001, 1.8174906E-001, 2.5805768E-001,-4.5244391E-001, 2.8964851E-003, 2.0000000E+000, 0.0000000E+000, 0.0000000E+000, 0.0000000E+000
 3.9027602E-001, 1.8130107E-001, 2.5774189E-001,-4.3718629E-001, 3.0453349E-003, 2.0000000E+000, 0.0000000E+000, 0.0000000E+000, 0.0000000E+000
 3.9097663E-001, 1.8085777E-001, 2.5743632E-001,-4.2379741E-001, 3.1017640E-003, 2.0000000E+000, 0.0000000E+000, 0.0000000E+000, 0.0000000E+000
 3.9167724E-001, 1.8041854E-001, 2.5714082E-001,-4.1230996E-001, 3.0086844E-003, 2.0000000E+000, 0.0000000E+000, 0.0000000E+000, 0.0000000E+000
 3.9237786E-001, 1.7998272E-001, 2.5685512E-001,-4.0275127E-001, 2.9001928E-003, 2.0000000E+000, 0.0000000E+000, 0.0000000E+000, 0.0000000E+000
 3.9307847E-001, 1.7954965E-001, 2.5657883E-001,-3.9514390E-001, 2.8522764E-003, 2.0000000E+000, 0.0000000E+000, 0.0000000E+000, 0.0000000E+000
 3.9377908E-001, 1.7911863E-001, 2.5631139E-001,-3.8950588E-001, 2.9236412E-003, 2.0000000E+000, 0.0000000E+000, 0.0000000E+000, 0.0000000E+000
 3.9447969E-001, 1.7868899E-001, 2.5605212E-001,-3.8585068E-001, 3.0468034E-003, 2.0000000E+000, 0.0000000E+000, 0.0000000E+000, 0.0000000E+000
 3.9518031E-001, 1.7826036E-001, 2.5580285E-001,-3.8418708E-001, 1.6558048E-003, 3.0000000E+000, 0.0000000E+000, 0.0000000E+000, 0.0000000E+000
 3.9588092E-001, 1.7783174E-001, 2.5555976E-001,-3.8452320E-001, 2.6099640E-003, 2.0000000E+000, 0.0000000E+000, 0.0000000E+000, 0.0000000E+000
 3.9658153E-001, 1.7740242E-001, 2.5532167E-001,-3.8685856E-001, 3.0595490E-003, 2.0000000E+000, 0.0000000E+000, 0.0000000E+000, 0.0000000E+000
 3.9728214E-001, 1.7697115E-001, 2.5508865E-001,-3.9118703E-001, 1.8269058E-003, 3.0000000E+000, 0.0000000E+000, 0.0000000E+000, 0.0000000E+000
 3.9798275E-001, 1.7653749E-001, 2.5485777E-001,-3.9749373E-001, 2.8523711E-003, 2.0000000E+000, 0.0000000E+000, 0.0000000E+000, 0.0000000E+000
 3.9868337E-001, 1.7610045E-001, 2.5462745E-001,-4.0575835E-001, 3.1249733E-003, 2.0000000E+000, 0.0000000E+000, 0.0000000E+000, 0.0000000E+000
 3.9938398E-001, 1.7565746E-001, 2.5439566E-001,-4.1595135E-001, 1.9732681E-003, 3.0000000E+000, 0.0000000E+000, 0.0000000E+000, 0.0000000E+000
 4.0008459E-001, 1.7520906E-001, 2.5416095E-001,-4.2802345E-001, 2.8998519E-003, 2.0000000E+000, 0.0000000E+000, 0.0000000E+000, 0.0000000E+000
 4.0078520E-001, 1.7473718E-001, 2.5390733E-001,-4.8114776E-001, 2.9651647E-003, 7.0000000E+000, 0.0000000E+000, 0.0000000E+000, 0.0000000E+000
 4.0148582E-001, 1.7425984E-001, 2.5364696E-001,-4.9662637E-001, 3.1209544E-003, 2.0000000E+000, 0.0000000E+000, 0.0000000E+000, 0.0000000E+000
 4.0218643E-001, 1.7376624E-001, 2.5336493E-001,-5.3443173E-001, 3.7205234E-003, 5.0000000E+000, 0.0000000E+000, 0.0000000E+000, 0.0000000E+000
 4.0288704E-001, 1.7325131E-001, 2.5305714E-001,-5.7543037E-001, 3.0750322E-003, 5.0000000E+000, 0.0000000E+000, 0.0000000E+000, 0.0000000E+000
 4.0358765E-001, 1.7270990E-001, 2.5272015E-001,-6.1932218E-001, 4.1755742E-003, 5.0000000E+000, 0.0000000E+000, 0.0000000E+000, 0.0000000E+000
 4.0428827E-001, 1.7213803E-001, 2.5235124E-001,-6.6587089E-001, 3.2712030E-003, 5.0000000E+000, 0.0000000E+000, 0.0000000E+000, 0.0000000E+000
 4.0498888E-001, 1.7153129E-001, 2.5194792E-001,-7.1498777E-001, 4.3257886E-003, 5.0000000E+000, 0.0000000E+000, 0.0000000E+000, 0.0000000E+000
 4.0568949E-001, 1.7087811E-001, 2.5150165E-001,-7.6677292E-001, 3.4473492E-003, 6.0000000E+000, 0.0000000E+000, 0.0000000E+000, 0.0000000E+000
 4.0639010E-001, 1.7017744E-001, 2.5101247E-001,-8.2150018E-001, 4.5426860E-003, 5.0000000E+000, 0.0000000E+000, 0.0000000E+000, 0.0000000E+000
 4.0709072E-001, 1.6941570E-001, 2.5046629E-001,-8.7948724E-001, 3.5838815E-003, 6.0000000E+000, 0.0000000E+000, 0.0000000E+000, 0.0000000E+000
 4.0779133E-001, 1.6859576E-001, 2.4986140E-001,-9.4104281E-001, 4.6530014E-003, 5.0000000E+000, 0.0000000E+000, 0.0000000E+000, 0.0000000E+000
 4.0849194E-001, 1.6770717E-001, 2.4917947E-001,-1.0063289E+000, 3.6550058E-003, 6.0000000E+000, 0.0000000E+000, 0.0000000E+000, 0.0000000E+000
 4.0919255E-001, 1.6675860E-001, 2.4842163E-001,-1.0753599E+000, 4.7014874E-003, 5.0000000E+000, 0.0000000E+000, 0.0000000E+000, 0.0000000E+000
 4.0989317E-001, 1.6574429E-001, 2.4757007E-001,-1.1479743E+000, 3.6834885E-003, 6.0000000E+000, 0.0000000E+000, 0.0000000E+000, 0.0000000E+000
 4.1059378E-001, 1.6467530E-001, 2.4663238E-001,-1.2238061E+000, 4.7076834E-003, 5.0000000E+000, 0.0000000E+000, 0.0000000E+000, 0.0000000E+000
 4.1129439E-001, 1.6354785E-001, 2.4559577E-001,-1.3023890E+000, 3.6517233E-003, 6.0000000E+000, 0.0000000E+000, 0.0000000E+000, 0.0000000E+000
 4.1199500E-001, 1.6237165E-001, 2.4447459E-001,-1.3830710E+000, 4.6861641E-003, 5.0000000E+000, 0.0000000E+000, 0.0000000E+000, 0.0000000E+000
 4.1269562E-001, 1.6114220E-001, 2.4326319E-001,-1.4652199E+000, 3.5652560E-003, 6.0000000E+000, 0.0000000E+000, 0.0000000E+000, 0.0000000E+000
 4.1339623E-001, 1.5986686E-001, 2.4198002E-001,-1.5480908E+000, 4.6294313E-003, 5.0000000E+000, 0.0000000E+000, 0.0000000E+000, 0.0000000E+000
 4.1409684E-001, 1.5854608E-001, 2.4063406E-001,-1.6310652E+000, 3.5495905E-003, 5.0000000E+000, 0.0000000E+000, 0.0000000E+000, 0.0000000E+000
 4.1479745E-001, 1.5718001E-001, 2.3923503E-001,-1.7135722E+000, 4.4703967E-003, 5.0000000E+000, 0.0000000E+000, 0.0000000E+000, 0.0000000E+000
 4.1549807E-001, 1.5576905E-001, 2.3779253E-001,-1.7951192E+000, 3.4401928E-003, 5.0000000E+000, 0.0000000E+000, 0.0000000E+000, 0.0000000E+000
 4.1619868E-001, 1.5431412E-001, 2.3631529E-001,-1.8753023E+000, 4.3484647E-003, 5.0000000E+000, 0.0000000E+000, 0.0000000E+000, 0.0000000E+000
 4.1689929E-001, 1.5281664E-001, 2.3481047E-001,-1.9537927E+000, 3.3120860E-003, 5.0000000E+000, 0.0000000E+000, 0.0000000E+000, 0.0000000E+000
 4.1759990E-001, 1.5127842E-001, 2.3328336E-001,-2.0303168E+000, 4.2121434E-003, 5.0000000E+000, 0.0000000E+000, 0.0000000E+000, 0.0000000E+000
 4.1830052E-001, 1.4971220E-001, 2.3174261E-001,-2.0773727E+000, 4.7581483E-003, 4.0000000E+000, 0.0000000E+000, 0.0000000E+000, 0.0000000E+000
 4.1900113E-001, 1.4811684E-001, 2.3018857E-001,-2.1361687E+000, 3.6447470E-003, 4.0000000E+000, 0.0000000E+000, 0.0000000E+000, 0.0000000E+000
 4.1970174E-001, 1.4648955E-001, 2.2861973E-001,-2.1929060E+000, 3.8622807E-003, 5.0000000E+000, 0.0000000E+000, 0.0000000E+000, 0.0000000E+000
 4.2040235E-001, 1.4483273E-001, 2.2703513E-001,-2.2474475E+000, 3.1627834E-003, 5.0000000E+000, 0.0000000E+000, 0.0000000E+000, 0.0000000E+000
 4.2110297E-001, 1.4314603E-001, 2.2543060E-001,-2.3114184E+000, 3.7345333E-003, 5.0000000E+000, 0.0000000E+000, 0.0000000E+000, 0.0000000E+000
 4.2180358E-001, 1.4144026E-001, 2.2381011E-001,-2.3611288E+000, 3.0349960E-003, 3.0000000E+000, 0.0000000E+000, 0.0000000E+000, 0.0000000E+000
 4.2250419E-001, 1.3970562E-001, 2.2216084E-001,-2.4188195E+000, 3.2688035E-003, 5.0000000E+000, 0.0000000E+000, 0.0000000E+000, 0.0000000E+000
 4.2320480E-001, 1.3795395E-001, 2.2049205E-001,-2.4530472E+000, 2.6247988E-003, 3.0000000E+000, 0.0000000E+000, 0.0000000E+000, 0.0000000E+000
 4.2390542E-001, 1.3617776E-001, 2.1879120E-001,-2.5036212E+000, 3.0367645E-003, 4.0000000E+000, 0.0000000E+000, 0.0000000E+000, 0.0000000E+000
 4.2460603E-001, 1.3439117E-001, 2.1707467E-001,-2.5244703E+000, 3.0140609E-003, 2.0000000E+000, 0.0000000E+000, 0.0000000E+000, 0.0000000E+000
 4.2530664E-001, 1.3259129E-001, 2.1533490E-001,-2.5594195E+000, 3.1177504E-003, 2.0000000E+000, 0.0000000E+000, 0.0000000E+000, 0.0000000E+000
 4.2600725E-001, 1.3078249E-001, 2.1357677E-001,-2.5766932E+000, 3.0450769E-003, 2.0000000E+000, 0.0000000E+000, 0.0000000E+000, 0.0000000E+000
 4.2670787E-001, 1.2895995E-001, 2.1178561E-001,-2.6050434E+000, 2.8705129E-003, 3.0000000E+000, 0.0000000E+000, 0.0000000E+000, 0.0000000E+000
 4.2740848E-001, 1.2713029E-001, 2.0997493E-001,-2.6185434E+000, 2.2929645E-003, 2.0000000E+000, 0.0000000E+000, 0.0000000E+000, 0.0000000E+000
 4.2810909E-001, 1.2529334E-001, 2.0814107E-001,-2.6350316E+000, 2.9024217E-003, 2.0000000E+000, 0.0000000E+000, 0.0000000E+000, 0.0000000E+000
 4.2880970E-001, 1.2345123E-001, 2.0628771E-001,-2.6446322E+000, 2.2516705E-003, 2.0000000E+000, 0.0000000E+000, 0.0000000E+000, 0.0000000E+000
 4.2951032E-001, 1.2160506E-001, 2.0441513E-001,-2.6522515E+000, 2.8713089E-003, 2.0000000E+000, 0.0000000E+000, 0.0000000E+000, 0.0000000E+000
 4.3021093E-001, 1.1975601E-001, 2.0252390E-001,-2.6578612E+000, 2.3417691E-003, 2.0000000E+000, 0.0000000E+000, 0.0000000E+000, 0.0000000E+000
 4.3091154E-001, 1.1790526E-001, 2.0061502E-001,-2.6614302E+000, 2.6265222E-003, 2.0000000E+000, 0.0000000E+000, 0.0000000E+000, 0.0000000E+000
 4.3161215E-001, 1.1605389E-001, 1.9868996E-001,-2.6629302E+000, 2.4441463E-003, 2.0000000E+000, 0.0000000E+000, 0.0000000E+000, 0.0000000E+000
 4.3231277E-001, 1.1420290E-001, 1.9675064E-001,-2.6623416E+000, 2.4730155E-003, 2.0000000E+000, 0.0000000E+000, 0.0000000E+000, 0.0000000E+000
 4.3301338E-001, 1.1235319E-001, 1.9479932E-001,-2.6596579E+000, 2.5687612E-003, 2.0000000E+000, 0.0000000E+000, 0.0000000E+000, 0.0000000E+000
 4.3371399E-001, 1.1050569E-001, 1.9283841E-001,-2.6548849E+000, 2.5907640E-003, 2.0000000E+000, 0.0000000E+000, 0.0000000E+000, 0.0000000E+000
 4.3441460E-001, 1.0866135E-001, 1.9087045E-001,-2.6480379E+000, 2.6838084E-003, 2.0000000E+000, 0.0000000E+000, 0.0000000E+000, 0.0000000E+000
 4.3511522E-001, 1.0682123E-001, 1.8889803E-001,-2.6391399E+000, 2.7151050E-003, 2.0000000E+000, 0.0000000E+000, 0.0000000E+000, 0.0000000E+000
 4.3581583E-001, 1.0498641E-001, 1.8692386E-001,-2.6282228E+000, 2.8785644E-003, 2.0000000E+000, 0.0000000E+000, 0.0000000E+000, 0.0000000E+000
 4.3651644E-001, 1.0315798E-001, 1.8495069E-001,-2.6153294E+000, 3.0082741E-003, 2.0000000E+000, 0.0000000E+000, 0.0000000E+000, 0.0000000E+000
 4.3721705E-001, 1.0133963E-001, 1.8298282E-001,-2.6005152E+000, 2.3826305E-003, 3.0000000E+000, 0.0000000E+000, 0.0000000E+000, 0.0000000E+000
 4.3798773E-001, 9.9350667E-002, 1.8082740E-001,-2.5851597E+000, 2.3675226E-003, 3.0000000E+000, 0.0000000E+000, 0.0000000E+000, 0.0000000E+000
 4.3875840E-001, 9.7375627E-002, 1.7868653E-001,-2.5615067E+000, 2.4182531E-003, 3.0000000E+000, 0.0000000E+000, 0.0000000E+000, 0.0000000E+000
 4.3952907E-001, 9.5415678E-002, 1.7656373E-001,-2.5356109E+000, 2.5980270E-003, 3.0000000E+000, 0.0000000E+000, 0.0000000E+000, 0.0000000E+000
 4.4029975E-001, 9.3483863E-002, 1.7447668E-001,-2.4921165E+000, 3.0707962E-003, 5.0000000E+000, 0.0000000E+000, 0.0000000E+000, 0.0000000E+000
 4.4107042E-001, 9.1569858E-002, 1.7241236E-001,-2.4624397E+000, 2.8788999E-003, 3.0000000E+000, 0.0000000E+000, 0.0000000E+000, 0.0000000E+000
 4.4184109E-001, 8.9682301E-002, 1.7038081E-001,-2.4223847E+000, 2.9199791E-003, 4.0000000E+000, 0.0000000E+000, 0.0000000E+000, 0.0000000E+000
 4.4261177E-001, 8.7823343E-002, 1.6838321E-001,-2.3805129E+000, 3.0677314E-003, 4.0000000E+000, 0.0000000E+000, 0.0000000E+000, 0.0000000E+000
 4.4338244E-001, 8.6002804E-002, 1.6642946E-001,-2.3275399E+000, 3.0405994E-003, 5.0000000E+000, 0.0000000E+000, 0.0000000E+000, 0.0000000E+000
 4.4415312E-001, 8.4222588E-002, 1.6451981E-001,-2.2729362E+000, 3.0600700E-003, 5.0000000E+000, 0.0000000E+000, 0.0000000E+000, 0.0000000E+000
 4.4492379E-001, 8.2484553E-002, 1.6265422E-001,-2.2168967E+000, 3.1105738E-003, 5.0000000E+000, 0.0000000E+000, 0.0000000E+000, 0.0000000E+000
 4.4569446E-001, 8.0802358E-002, 1.6084551E-001,-2.1389173E+000, 4.6571982E-003, 6.0000000E+000, 0.0000000E+000, 0.0000000E+000, 0.0000000E+000
 4.4646514E-001, 7.9164751E-002, 1.5908225E-001,-2.0804487E+000, 3.6826234E-003, 5.0000000E+000, 0.0000000E+000, 0.0000000E+000, 0.0000000E+000
 4.4723581E-001, 7.7578135E-002, 1.5737214E-001,-2.0209372E+000, 3.6853053E-003, 6.0000000E+000, 0.0000000E+000, 0.0000000E+000, 0.0000000E+000
 4.4800648E-001, 7.6042071E-002, 1.5571667E-001,-1.9605522E+000, 3.7513555E-003, 6.0000000E+000, 0.0000000E+000, 0.0000000E+000, 0.0000000E+000
 4.4877716E-001, 7.4556065E-002, 1.5411688E-001,-1.8994814E+000, 3.7261891E-003, 6.0000000E+000, 0.0000000E+000, 0.0000000E+000, 0.0000000E+000
 4.4954783E-001, 7.3119967E-002, 1.5257358E-001,-1.8378923E+000, 3.6471602E-003, 6.0000000E+000, 0.0000000E+000, 0.0000000E+000, 0.0000000E+000
 4.5031851E-001, 7.1734089E-002, 1.5108785E-001,-1.7759255E+000, 3.5160451E-003, 6.0000000E+000, 0.0000000E+000, 0.0000000E+000, 0.0000000E+000
 4.5108918E-001, 7.0395738E-002, 1.4965747E-001,-1.7025011E+000, 4.6083925E-003, 5.0000000E+000, 0.0000000E+000, 0.0000000E+000, 0.0000000E+000
 4.5185985E-001, 6.9108095E-002, 1.4828790E-001,-1.6402589E+000, 3.4491387E-003, 6.0000000E+000, 0.0000000E+000, 0.0000000E+000, 0.0000000E+000
 4.5263053E-001, 6.7867204E-002, 1.4697686E-001,-1.5669863E+000, 3.3830593E-003, 5.0000000E+000, 0.0000000E+000, 0.0000000E+000, 0.0000000E+000
 4.5340120E-001, 6.6677339E-002, 1.4573295E-001,-1.4943130E+000, 3.0977651E-003, 6.0000000E+000, 0.0000000E+000, 0.0000000E+000, 0.0000000E+000
 4.5417187E-001, 6.5521777E-002, 1.4453641E-001,-1.4336609E+000, 3.1020475E-003, 4.0000000E+000, 0.0000000E+000, 0.0000000E+000, 0.0000000E+000
 4.5494255E-001, 6.4395175E-002, 1.4338262E-001,-1.3849202E+000, 2.9517064E-003, 4.0000000E+000, 0.0000000E+000, 0.0000000E+000, 0.0000000E+000
 4.5571322E-001, 6.3292180E-002, 1.4226677E-001,-1.3478377E+000, 2.7632019E-003, 4.0000000E+000, 0.0000000E+000, 0.0000000E+000, 0.0000000E+000
 4.5648390E-001, 6.2235549E-002, 1.4122907E-001,-1.2510177E+000, 3.4751165E-003, 7.0000000E+000, 0.0000000E+000, 0.0000000E+000, 0.0000000E+000
 4.5725457E-001, 6.1195301E-002, 1.4021717E-001,-1.2169915E+000, 2.9470209E-003, 3.0000000E+000, 0.0000000E+000, 0.0000000E+000, 0.0000000E+000
 4.5802524E-001, 6.0172411E-002, 1.3923309E-001,-1.1847871E+000, 2.7479697E-003, 4.0000000E+000, 0.0000000E+000, 0.0000000E+000, 0.0000000E+000
 4.5879592E-001, 5.9160496E-002, 1.3826794E-001,-1.1546019E+000, 3.0363757E-003, 3.0000000E+000, 0.0000000E+000, 0.0000000E+000, 0.0000000E+000
 4.5956659E-001, 5.8156788E-002, 1.3731851E-001,-1.1265963E+000, 3.0530388E-003, 3.0000000E+000, 0.0000000E+000, 0.0000000E+000, 0.0000000E+000
 4.6033726E-001, 5.7159379E-002, 1.3638148E-001,-1.1009450E+000, 2.8985425E-003, 3.0000000E+000, 0.0000000E+000, 0.0000000E+000, 0.0000000E+000
 4.6110794E-001, 5.6167550E-002, 1.3545305E-001,-1.0778206E+000, 2.6640466E-003, 3.0000000E+000, 0.0000000E+000, 0.0000000E+000, 0.0000000E+000
 4.6187861E-001, 5.5189769E-002, 1.3453432E-001,-1.0401231E+000, 3.0264302E-003, 6.0000000E+000, 0.0000000E+000, 0.0000000E+000, 0.0000000E+000
 4.6264928E-001, 5.4217401E-002, 1.3361513E-001,-1.0275763E+000, 2.6315931E-003, 2.0000000E+000, 0.0000000E+000, 0.0000000E+000, 0.0000000E+000
 4.6341996E-001, 5.3250635E-002, 1.3269282E-001,-1.0170307E+000, 2.9627614E-003, 2.0000000E+000, 0.0000000E+000, 0.0000000E+000, 0.0000000E+000
 4.6419063E-001, 5.2289948E-002, 1.3176492E-001,-1.0050682E+000, 3.0221342E-003, 2.0000000E+000, 0.0000000E+000, 0.0000000E+000, 0.0000000E+000
 4.6496131E-001, 5.1333893E-002, 1.3083131E-001,-9.9835213E-001, 3.0886550E-003, 2.0000000E+000, 0.0000000E+000, 0.0000000E+000, 0.0000000E+000
 4.6573198E-001, 5.0382115E-002, 1.2989170E-001,-9.9349682E-001, 2.9505793E-003, 2.0000000E+000, 0.0000000E+000, 0.0000000E+000, 0.0000000E+000
 4.6650265E-001, 4.9434478E-002, 1.2894601E-001,-9.9048817E-001, 2.7473978E-003, 2.0000000E+000, 0.0000000E+000, 0.0000000E+000, 0.0000000E+000
 4.6727333E-001, 4.8495636E-002, 1.2798809E-001,-9.8855318E-001, 2.6182718E-003, 4.0000000E+000, 0.0000000E+000, 0.0000000E+000, 0.0000000E+000
 4.6804400E-001, 4.7560325E-002, 1.2702367E-001,-9.8917551E-001, 1.9617321E-003, 2.0000000E+000, 0.0000000E+000, 0.0000000E+000, 0.0000000E+000
 4.6881467E-001, 4.6627605E-002, 1.2605230E-001,-9.9152760E-001, 2.0111311E-003, 2.0000000E+000, 0.0000000E+000, 0.0000000E+000, 0.0000000E+000
 4.6958535E-001, 4.5696207E-002, 1.2507378E-001,-9.9552298E-001, 2.1490138E-003, 2.0000000E+000, 0.0000000E+000, 0.0000000E+000, 0.0000000E+000
 4.7035602E-001, 4.4764927E-002, 1.2408848E-001,-1.0010723E+000, 2.2920547E-003, 2.0000000E+000, 0.0000000E+000, 0.0000000E+000, 0.0000000E+000
 4.7112670E-001, 4.3832841E-002, 1.2309725E-001,-1.0081010E+000, 2.5525789E-003, 2.0000000E+000, 0.0000000E+000, 0.0000000E+000, 0.0000000E+000
 4.7189737E-001, 4.2899165E-002, 1.2210111E-001,-1.0165581E+000, 2.8104091E-003, 2.0000000E+000, 0.0000000E+000, 0.0000000E+000, 0.0000000E+000
 4.7266804E-001, 4.1962951E-002, 1.2110102E-001,-1.0264134E+000, 2.9029915E-003, 2.0000000E+000, 0.0000000E+000, 0.0000000E+000, 0.0000000E+000
 4.7343872E-001, 4.1022190E-002, 1.2009706E-001,-1.0422175E+000, 2.9260309E-003, 2.0000000E+000, 0.0000000E+000, 0.0000000E+000, 0.0000000E+000
 4.7420939E-001, 4.0073936E-002, 1.1908904E-001,-1.0548010E+000, 2.6781302E-003, 3.0000000E+000, 0.0000000E+000, 0.0000000E+000, 0.0000000E+000
 4.7498006E-001, 3.9117487E-002, 1.1807729E-001,-1.0743428E+000, 3.0837210E-003, 2.0000000E+000, 0.0000000E+000, 0.0000000E+000, 0.0000000E+000
 4.7575074E-001, 3.8148955E-002, 1.1706022E-001,-1.0956685E+000, 2.7991913E-003, 3.0000000E+000, 0.0000000E+000, 0.0000000E+000, 0.0000000E+000
 4.7652141E-001, 3.7168110E-002, 1.1603714E-001,-1.1187094E+000, 2.9291261E-003, 3.0000000E+000, 0.0000000E+000, 0.0000000E+000, 0.0000000E+000
 4.7729209E-001, 3.6173902E-002, 1.1500622E-001,-1.1505192E+000, 2.9242233E-003, 3.0000000E+000, 0.0000000E+000, 0.0000000E+000, 0.0000000E+000
 4.7806276E-001, 3.5166401E-002, 1.1396574E-001,-1.1844182E+000, 3.0586397E-003, 3.0000000E+000, 0.0000000E+000, 0.0000000E+000, 0.0000000E+000
 4.7883343E-001, 3.4141907E-002, 1.1291056E-001,-1.2204091E+000, 2.8743970E-003, 4.0000000E+000, 0.0000000E+000, 0.0000000E+000, 0.0000000E+000
 4.7960411E-001, 3.3098229E-002, 1.1183627E-001,-1.2584947E+000, 3.1136537E-003, 4.0000000E+000, 0.0000000E+000, 0.0000000E+000, 0.0000000E+000
 4.8037478E-001, 3.2028248E-002, 1.1073314E-001,-1.2986549E+000, 3.1628187E-003, 5.0000000E+000, 0.0000000E+000, 0.0000000E+000, 0.0000000E+000
 4.8114545E-001, 3.0925299E-002, 1.0959139E-001,-1.3502163E+000, 3.1503200E-003, 5.0000000E+000, 0.0000000E+000, 0.0000000E+000, 0.0000000E+000
 4.8191613E-001, 2.9785107E-002, 1.0840331E-001,-1.4040249E+000, 3.2815811E-003, 5.0000000E+000, 0.0000000E+000, 0.0000000E+000, 0.0000000E+000
 4.8268680E-001, 2.8604732E-002, 1.0716171E-001,-1.4598529E+000, 3.2460332E-003, 5.0000000E+000, 0.0000000E+000, 0.0000000E+000, 0.0000000E+000
 4.8345747E-001, 2.7382152E-002, 1.0586038E-001,-1.5174508E+000, 3.2577116E-003, 5.0000000E+000, 0.0000000E+000, 0.0000000E+000, 0.0000000E+000
 4.8422815E-001, 2.6124676E-002, 1.0450759E-001,-1.5657958E+000, 3.6682513E-003, 4.0000000E+000, 0.0000000E+000, 0.0000000E+000, 0.0000000E+000
 4.8499882E-001, 2.4831015E-002, 1.0309985E-001,-1.6152585E+000, 3.8312099E-003, 4.0000000E+000, 0.0000000E+000, 0.0000000E+000, 0.0000000E+000
 4.8576950E-001, 2.3499832E-002, 1.0163456E-001,-1.6656762E+000, 3.7513176E-003, 4.0000000E+000, 0.0000000E+000, 0.0000000E+000, 0.0000000E+000
 4.8654017E-001, 2.2119438E-002, 1.0009491E-001,-1.7282703E+000, 3.6705235E-003, 5.0000000E+000, 0.0000000E+000, 0.0000000E+000, 0.0000000E+000
 4.8731084E-001, 2.0688056E-002, 9.8481074E-002,-1.7914501E+000, 3.7537009E-003, 5.0000000E+000, 0.0000000E+000, 0.0000000E+000, 0.0000000E+000
 4.8808152E-001, 1.9205358E-002, 9.6794821E-002,-1.8548804E+000, 3.6264467E-003, 5.0000000E+000, 0.0000000E+000, 0.0000000E+000, 0.0000000E+000
 4.8885219E-001, 1.7672733E-002, 9.5039518E-002,-1.9182307E+000, 3.5856865E-003, 5.0000000E+000, 0.0000000E+000, 0.0000000E+000, 0.0000000E+000
 4.8962286E-001, 1.6102101E-002, 9.3233029E-002,-1.9697271E+000, 3.9170467E-003, 4.0000000E+000, 0.0000000E+000, 0.0000000E+000, 0.0000000E+000
 4.9039354E-001, 1.4498058E-002, 9.1383458E-002,-2.0093995E+000, 4.0433494E-003, 4.0000000E+000, 0.0000000E+000, 0.0000000E+000, 0.0000000E+000
 4.9116421E-001, 1.2858075E-002, 8.9490649E-002,-2.0599263E+000, 3.8850005E-003, 4.0000000E+000, 0.0000000E+000, 0.0000000E+000, 0.0000000E+000
 4.9193489E-001, 1.1181970E-002, 8.7558775E-002,-2.1097872E+000, 3.7632638E-003, 4.0000000E+000, 0.0000000E+000, 0.0000000E+000, 0.0000000E+000
 4.9270556E-001, 9.4692518E-003, 8.5591521E-002,-2.1589023E+000, 3.8259666E-003, 4.0000000E+000, 0.0000000E+000, 0.0000000E+000, 0.0000000E+000
 4.9347623E-001, 7.7108167E-003, 8.3583561E-002,-2.2179702E+000, 3.3967159E-003, 5.0000000E+000, 0.0000000E+000, 0.0000000E+000, 0.0000000E+000
 4.9424691E-001, 5.9119390E-003, 8.1540697E-002,-2.2653333E+000, 3.2170148E-003, 5.0000000E+000, 0.0000000E+000, 0.0000000E+000, 0.0000000E+000
 4.9501758E-001, 4.0810479E-003, 7.9469952E-002,-2.3116576E+000, 3.5974654E-003, 4.0000000E+000, 0.0000000E+000, 0.0000000E+000, 0.0000000E+000
 4.9578825E-001, 2.2235059E-003, 7.7375465E-002,-2.3467494E+000, 3.5964359E-003, 4.0000000E+000, 0.0000000E+000, 0.0000000E+000, 0.0000000E+000
 4.9655893E-001, 3.3921549E-004, 7.5256604E-002,-2.3906630E+000, 3.3181800E-003, 4.0000000E+000, 0.0000000E+000, 0.0000000E+000, 0.0000000E+000
 4.9732960E-001,-1.5700996E-003, 7.3114799E-002,-2.4331969E+000, 3.1516806E-003, 4.0000000E+000, 0.0000000E+000, 0.0000000E+000, 0.0000000E+000
 4.9810028E-001,-3.5038576E-003, 7.0950836E-002,-2.4742395E+000, 3.1157498E-003, 4.0000000E+000, 0.0000000E+000, 0.0000000E+000, 0.0000000E+000
 4.9887095E-001,-5.4554033E-003, 6.8770812E-002,-2.5048729E+000, 2.8801791E-003, 3.0000000E+000, 0.0000000E+000, 0.0000000E+000, 0.0000000E+000
 4.9964162E-001,-7.4237704E-003, 6.6574820E-002,-2.5341874E+000, 2.7914218E-003, 3.0000000E+000, 0.0000000E+000, 0.0000000E+000, 0.0000000E+000
 5.0000000E-001,-8.3493858E-003, 6.5543335E-002,-2.5776059E+000, 2.6604344E-003, 2.0000000E+000, 0.0000000E+000, 0.0000000E+000, 0.0000000E+000
