s,Pa,m/s,,s
Time,"pres","error","iter","cpu"
 0.0000000E+000, 0.0000000E+000, 0.0000000E+000, 0.0000000E+000, 1.2030450E+000
 3.9528471E-003, 5.7933749E-002, 0.0000000E+000, 1.0000000E+000, 1.4806610E+000
 7.9056942E-003, 5.7927390E-002, 0.0000000E+000, 1.0000000E+000, 1.6726110E+000
 1.1858541E-002, 5.7919221E-002, 0.0000000E+000, 1.0000000E+000, 1.8500450E+000
 1.5811388E-002, 5.7909244E-002, 0.0000000E+000, 1.0000000E+000, 2.0347950E+000
 1.9764235E-002, 5.7897460E-002, 0.0000000E+000, 1.0000000E+000, 2.1624851E+000
 2.3717082E-002, 5.7883871E-002, 0.0000000E+000, 1.0000000E+000, 2.3503289E+000
 2.7669930E-002, 5.7868477E-002, 0.0000000E+000, 1.0000000E+000, 2.5342560E+000
 3.1622777E-002, 5.7851282E-002, 0.0000000E+000, 1.0000000E+000, 2.7229330E+000
 3.5575624E-002, 5.7832286E-002, 0.0000000E+000, 1.0000000E+000, 2.8506660E+000
 3.9528471E-002, 5.7811493E-002, 0.0000000E+000, 1.0000000E+000, 3.0289869E+000
 4.3481318E-002, 5.7788905E-002, 0.0000000E+000, 1.0000000E+000, 3.1977379E+000
 4.7434165E-002, 5.7764525E-002, 0.0000000E+000, 1.0000000E+000, 3.3768179E+000
 5.1387012E-002, 5.7738356E-002, 0.0000000E+000, 1.0000000E+000, 3.6094470E+000
 5.5339859E-002, 5.7710402E-002, 0.0000000E+000, 1.0000000E+000, 3.8118949E+000
 5.9292706E-002, 5.7680664E-002, 0.0000000E+000, 1.0000000E+000, 4.0141802E+000
 6.3245553E-002, 5.7649149E-002, 0.0000000E+000, 1.0000000E+000, 4.1783762E+000
 6.7198400E-002, 5.7615858E-002, 0.0000000E+000, 1.0000000E+000, 4.2945232E+000
 7.1151247E-002, 5.7580797E-002, 0.0000000E+000, 1.0000000E+000, 4.4541349E+000
 7.5104094E-002, 5.7543970E-002, 0.0000000E+000, 1.0000000E+000, 4.6115150E+000
 7.9056942E-002, 5.7505381E-002, 0.0000000E+000, 1.0000000E+000, 4.7837272E+000
 8.2484486E-002, 5.7480034E-002, 0.0000000E+000, 1.0000000E+000, 4.9792170E+000
 8.5912031E-002, 5.7444242E-002, 0.0000000E+000, 1.0000000E+000, 5.1078701E+000
 8.9339576E-002, 5.7407135E-002, 0.0000000E+000, 1.0000000E+000, 5.2578821E+000
 9.2349007E-002, 5.7382047E-002, 0.0000000E+000, 1.0000000E+000, 5.4567032E+000
 9.5358437E-002, 5.7347660E-002, 0.0000000E+000, 1.0000000E+000, 5.6046958E+000
 9.8367868E-002, 5.7312265E-002, 0.0000000E+000, 1.0000000E+000, 5.7337022E+000
 1.0137730E-001, 5.7275867E-002, 0.0000000E+000, 1.0000000E+000, 5.8816161E+000
 1.0400420E-001, 5.7252160E-002, 0.0000000E+000, 1.0000000E+000, 6.0786719E+000
 1.0663110E-001, 5.7219031E-002, 0.0000000E+000, 1.0000000E+000, 6.2305102E+000
 1.0925800E-001, 5.7185143E-002, 0.0000000E+000, 1.0000000E+000, 6.3592701E+000
 1.1188490E-001, 5.7150496E-002, 0.0000000E+000, 1.0000000E+000, 6.7941398E+000
 1.1451180E-001, 5.7115092E-002, 0.0000000E+000, 1.0000000E+000, 6.9801950E+000
 1.1682008E-001, 5.7091695E-002, 0.0000000E+000, 1.0000000E+000, 7.3066978E+000
 1.1912836E-001, 5.7059543E-002, 6.9388939E-018, 1.0000000E+000, 7.6419391E+000
 1.2143664E-001, 5.7026812E-002, 6.9388939E-018, 1.0000000E+000, 7.9323711E+000
 1.2374492E-001, 5.6993501E-002, 6.9388939E-018, 1.0000000E+000, 8.2879171E+000
 1.2605319E-001, 5.6959612E-002, 1.3877788E-017, 1.0000000E+000, 9.1048059E+000
 1.2836147E-001, 5.6925147E-002, 1.3877788E-017, 1.0000000E+000, 9.2545919E+000
 1.3041382E-001, 5.6901498E-002, 0.0000000E+000, 1.0000000E+000, 9.4458322E+000
 1.3246616E-001, 5.6870033E-002, 0.0000000E+000, 1.0000000E+000, 9.6085434E+000
 1.3451851E-001, 5.6838115E-002, 0.0000000E+000, 1.0000000E+000, 9.7592487E+000
 1.3657085E-001, 5.6805746E-002, 0.0000000E+000, 1.0000000E+000, 9.9324131E+000
 1.3862319E-001, 5.6772926E-002, 0.0000000E+000, 1.0000000E+000, 1.0048243E+001
 1.4067554E-001, 5.6739656E-002, 0.0000000E+000, 1.0000000E+000, 1.0213570E+001
 1.4272788E-001, 5.6705938E-002, 0.0000000E+000, 1.0000000E+000, 1.0660847E+001
 1.4478022E-001, 5.6671773E-002, 0.0000000E+000, 1.0000000E+000, 1.0896466E+001
 1.4660554E-001, 5.6648454E-002, 0.0000000E+000, 1.0000000E+000, 1.1287854E+001
 1.4843085E-001, 5.6617430E-002, 0.0000000E+000, 1.0000000E+000, 1.1538147E+001
 1.5025616E-001, 5.6586054E-002, 0.0000000E+000, 1.0000000E+000, 1.1698560E+001
 1.5208148E-001, 5.6554328E-002, 0.0000000E+000, 1.0000000E+000, 1.1865869E+001
 1.5390679E-001, 5.6522252E-002, 0.0000000E+000, 1.0000000E+000, 1.1982278E+001
 1.5573210E-001, 5.6489827E-002, 0.0000000E+000, 1.0000000E+000, 1.2101268E+001
 1.5755742E-001, 5.6457053E-002, 0.0000000E+000, 1.0000000E+000, 1.2264861E+001
 1.5938273E-001, 5.6423933E-002, 0.0000000E+000, 1.0000000E+000, 1.2434335E+001
 1.6120804E-001, 5.6390465E-002, 0.0000000E+000, 1.0000000E+000, 1.2598005E+001
 1.6303336E-001, 5.6356652E-002, 0.0000000E+000, 1.0000000E+000, 1.2726857E+001
 1.6467177E-001, 5.6332858E-002, 0.0000000E+000, 1.0000000E+000, 1.2926044E+001
 1.6631019E-001, 5.6302000E-002, 0.0000000E+000, 1.0000000E+000, 1.3092986E+001
 1.6794861E-001, 5.6270866E-002, 0.0000000E+000, 1.0000000E+000, 1.3253114E+001
 1.6958703E-001, 5.6239455E-002, 0.0000000E+000, 1.0000000E+000, 1.3372727E+001
 1.7122544E-001, 5.6207770E-002, 0.0000000E+000, 1.0000000E+000, 1.3489098E+001
 1.7286386E-001, 5.6175809E-002, 0.0000000E+000, 1.0000000E+000, 1.3661609E+001
 1.7450228E-001, 5.6143574E-002, 0.0000000E+000, 1.0000000E+000, 1.3818911E+001
 1.7614070E-001, 5.6111066E-002, 0.0000000E+000, 1.0000000E+000, 1.3995170E+001
 1.7777911E-001, 5.6078285E-002, 0.0000000E+000, 1.0000000E+000, 1.4487540E+001
 1.7941753E-001, 5.6045232E-002, 0.0000000E+000, 1.0000000E+000, 1.4632482E+001
 1.8105595E-001, 5.6011908E-002, 0.0000000E+000, 1.0000000E+000, 1.4771146E+001
 1.8269437E-001, 5.5978313E-002, 0.0000000E+000, 1.0000000E+000, 1.5273692E+001
 1.8433278E-001, 5.5944447E-002, 0.0000000E+000, 1.0000000E+000, 1.5601669E+001
 1.8580511E-001, 5.5920603E-002, 0.0000000E+000, 1.0000000E+000, 1.5886340E+001
 1.8727744E-001, 5.5889774E-002, 0.0000000E+000, 1.0000000E+000, 1.5995625E+001
 1.8874976E-001, 5.5858728E-002, 0.0000000E+000, 1.0000000E+000, 1.6158019E+001
 1.9022209E-001, 5.5827466E-002, 0.0000000E+000, 1.0000000E+000, 1.6319129E+001
 1.9169442E-001, 5.5795988E-002, 0.0000000E+000, 1.0000000E+000, 1.6491961E+001
 1.9316674E-001, 5.5764295E-002, 0.0000000E+000, 1.0000000E+000, 1.6598025E+001
 1.9463907E-001, 5.5732387E-002, 0.0000000E+000, 1.0000000E+000, 1.6774676E+001
 1.9611140E-001, 5.5700266E-002, 0.0000000E+000, 1.0000000E+000, 1.6890595E+001
 1.9758372E-001, 5.5667931E-002, 0.0000000E+000, 1.0000000E+000, 1.7063125E+001
 1.9905605E-001, 5.5635383E-002, 0.0000000E+000, 1.0000000E+000, 1.7169097E+001
 2.0052838E-001, 5.5602622E-002, 0.0000000E+000, 1.0000000E+000, 1.7345960E+001
 2.0200071E-001, 5.5569650E-002, 0.0000000E+000, 1.0000000E+000, 1.7499438E+001
 2.0347303E-001, 5.5536466E-002, 0.0000000E+000, 1.0000000E+000, 1.7627801E+001
 2.0494536E-001, 5.5503071E-002, 0.0000000E+000, 1.0000000E+000, 1.7734025E+001
 2.0641769E-001, 5.5469466E-002, 0.0000000E+000, 1.0000000E+000, 1.7898915E+001
 2.0789001E-001, 5.5435651E-002, 0.0000000E+000, 1.0000000E+000, 1.8385184E+001
 2.0936234E-001, 5.5401627E-002, 0.0000000E+000, 1.0000000E+000, 1.8529773E+001
 2.1068699E-001, 5.5377636E-002, 0.0000000E+000, 1.0000000E+000, 1.9101966E+001
 2.1201164E-001, 5.5346716E-002, 0.0000000E+000, 1.0000000E+000, 1.9257495E+001
 2.1333628E-001, 5.5315628E-002, 0.0000000E+000, 1.0000000E+000, 1.9449771E+001
 2.1466093E-001, 5.5284372E-002, 0.0000000E+000, 1.0000000E+000, 1.9759450E+001
 2.1598558E-001, 5.5252948E-002, 0.0000000E+000, 1.0000000E+000, 1.9933396E+001
 2.1731023E-001, 5.5221358E-002, 0.0000000E+000, 1.0000000E+000, 2.0062766E+001
 2.1863487E-001, 5.5189601E-002, 0.0000000E+000, 1.0000000E+000, 2.0214007E+001
 2.1995952E-001, 5.5157678E-002, 0.0000000E+000, 1.0000000E+000, 2.0376721E+001
 2.2128417E-001, 5.5125589E-002, 0.0000000E+000, 1.0000000E+000, 2.0483001E+001
 2.2260882E-001, 5.5093335E-002, 0.0000000E+000, 1.0000000E+000, 2.0611745E+001
 2.2393346E-001, 5.5060916E-002, 0.0000000E+000, 1.0000000E+000, 2.0760695E+001
 2.2525811E-001, 5.5028333E-002, 0.0000000E+000, 1.0000000E+000, 2.0879916E+001
 2.2658276E-001, 5.4995585E-002, 0.0000000E+000, 1.0000000E+000, 2.1025826E+001
 2.2790741E-001, 5.4962674E-002, 0.0000000E+000, 1.0000000E+000, 2.1184384E+001
 2.2923205E-001, 5.4929600E-002, 0.0000000E+000, 1.0000000E+000, 2.1291560E+001
 2.3055670E-001, 5.4896363E-002, 0.0000000E+000, 1.0000000E+000, 2.1434352E+001
 2.3188135E-001, 5.4862964E-002, 0.0000000E+000, 1.0000000E+000, 2.1581979E+001
 2.3320600E-001, 5.4829403E-002, 0.0000000E+000, 1.0000000E+000, 2.1701848E+001
 2.3453064E-001, 5.4795680E-002, 0.0000000E+000, 1.0000000E+000, 2.1856025E+001
 2.3585529E-001, 5.4761796E-002, 0.0000000E+000, 1.0000000E+000, 2.2462935E+001
 2.3717994E-001, 5.4727752E-002, 0.0000000E+000, 1.0000000E+000, 2.2584910E+001
 2.3850459E-001, 5.4693548E-002, 0.0000000E+000, 1.0000000E+000, 2.2786719E+001
 2.3982923E-001, 5.4659184E-002, 0.0000000E+000, 1.0000000E+000, 2.3163754E+001
 2.4101947E-001, 5.4635134E-002, 1.3877788E-017, 1.0000000E+000, 2.3350297E+001
 2.4220970E-001, 5.4604023E-002, 1.3877788E-017, 1.0000000E+000, 2.3684575E+001
 2.4339994E-001, 5.4572783E-002, 1.3877788E-017, 1.0000000E+000, 2.4842660E+001
 2.4459017E-001, 5.4541415E-002, 1.3877788E-017, 1.0000000E+000, 2.5553821E+001
 2.4578041E-001, 5.4509920E-002, 1.3877788E-017, 1.0000000E+000, 2.6695035E+001
 2.4697064E-001, 5.4478298E-002, 1.3877788E-017, 1.0000000E+000, 2.7407794E+001
 2.4816088E-001, 5.4446549E-002, 1.3877788E-017, 1.0000000E+000, 2.8349881E+001
 2.4935111E-001, 5.4414674E-002, 1.3877788E-017, 1.0000000E+000, 2.9120292E+001
 2.5054135E-001, 5.4382673E-002, 1.3877788E-017, 1.0000000E+000, 3.0383847E+001
 2.5173158E-001, 5.4350546E-002, 1.3877788E-017, 1.0000000E+000, 3.1297948E+001
 2.5292182E-001, 5.4318294E-002, 2.7755576E-017, 1.0000000E+000, 3.2049039E+001
 2.5411205E-001, 5.4285916E-002, 1.3877788E-017, 1.0000000E+000, 3.2779397E+001
 2.5530229E-001, 5.4253414E-002, 2.7755576E-017, 1.0000000E+000, 3.3542565E+001
 2.5649252E-001, 5.4220788E-002, 2.7755576E-017, 1.0000000E+000, 3.4262883E+001
 2.5768276E-001, 5.4188037E-002, 1.3877788E-017, 1.0000000E+000, 3.5143586E+001
 2.5887299E-001, 5.4155163E-002, 0.0000000E+000, 1.0000000E+000, 3.5855912E+001
 2.6006322E-001, 5.4122165E-002, 0.0000000E+000, 1.0000000E+000, 3.6619657E+001
 2.6125346E-001, 5.4089044E-002, 0.0000000E+000, 1.0000000E+000, 3.7350015E+001
 2.6244369E-001, 5.4055801E-002, 0.0000000E+000, 1.0000000E+000, 3.8651868E+001
 2.6363393E-001, 5.4022435E-002, 0.0000000E+000, 1.0000000E+000, 3.9364705E+001
 2.6482416E-001, 5.3988947E-002, 0.0000000E+000, 1.0000000E+000, 4.0106767E+001
 2.6601440E-001, 5.3955338E-002, 0.0000000E+000, 1.0000000E+000, 4.0838754E+001
 2.6720463E-001, 5.3921607E-002, 0.0000000E+000, 1.0000000E+000, 4.1634805E+001
 2.6839487E-001, 5.3887755E-002, 0.0000000E+000, 1.0000000E+000, 4.2350343E+001
 2.6958510E-001, 5.3853782E-002, 0.0000000E+000, 1.0000000E+000, 4.3113973E+001
 2.7077534E-001, 5.3819689E-002, 0.0000000E+000, 1.0000000E+000, 4.3825868E+001
 2.7315581E-001, 5.3768310E-002, 0.0000000E+000, 1.0000000E+000, 4.4940841E+001
 2.7434604E-001, 5.3716692E-002, 0.0000000E+000, 1.0000000E+000, 4.6060418E+001
 2.7672651E-001, 5.3664776E-002, 0.0000000E+000, 1.0000000E+000, 4.6509822E+001
 2.7886239E-001, 5.3607689E-002, 0.0000000E+000, 1.0000000E+000, 4.8409196E+001
 2.8099828E-001, 5.3544903E-002, 0.0000000E+000, 1.0000000E+000, 4.9881383E+001
 2.8206622E-001, 5.3497577E-002, 0.0000000E+000, 1.0000000E+000, 5.1244428E+001
 2.8420210E-001, 5.3450016E-002, 0.0000000E+000, 1.0000000E+000, 5.2367427E+001
 2.8633798E-001, 5.3386289E-002, 0.0000000E+000, 1.0000000E+000, 5.3843930E+001
 2.8847387E-001, 5.3322190E-002, 0.0000000E+000, 1.0000000E+000, 5.6241921E+001
 2.9060975E-001, 5.3257721E-002, 0.0000000E+000, 1.0000000E+000, 5.7719417E+001
 2.9274563E-001, 5.3192884E-002, 0.0000000E+000, 1.0000000E+000, 5.9197099E+001
 2.9488152E-001, 5.3127681E-002, 0.0000000E+000, 1.0000000E+000, 6.0670569E+001
 2.9701740E-001, 5.3062113E-002, 0.0000000E+000, 1.0000000E+000, 6.2144189E+001
 2.9808534E-001, 5.3012711E-002, 0.0000000E+000, 1.0000000E+000, 6.3099309E+001
 3.0022122E-001, 5.2963084E-002, 0.0000000E+000, 1.0000000E+000, 6.3316455E+001
 3.0235711E-001, 5.2896616E-002, 0.0000000E+000, 1.0000000E+000, 6.3585809E+001
 3.0449299E-001, 5.2829791E-002, 0.0000000E+000, 1.0000000E+000, 6.3875075E+001
 3.0662887E-001, 5.2762612E-002, 0.0000000E+000, 1.0000000E+000, 6.4108953E+001
 3.0876476E-001, 5.2695080E-002, 0.0000000E+000, 1.0000000E+000, 6.4429131E+001
 3.1090064E-001, 5.2627198E-002, 0.0000000E+000, 1.0000000E+000, 6.4698964E+001
 3.1303652E-001, 5.2558967E-002, 0.0000000E+000, 1.0000000E+000, 6.4971333E+001
 3.1410446E-001, 5.2507578E-002, 0.0000000E+000, 1.0000000E+000, 6.5146417E+001
 3.1624035E-001, 5.2455974E-002, 0.0000000E+000, 1.0000000E+000, 6.5565988E+001
 3.1837623E-001, 5.2386883E-002, 0.0000000E+000, 1.0000000E+000, 6.6097558E+001
 3.2040384E-001, 5.2323391E-002, 0.0000000E+000, 1.0000000E+000, 6.8081857E+001
 3.2232318E-001, 5.2263621E-002, 0.0000000E+000, 1.0000000E+000, 6.9831849E+001
 3.2424252E-001, 5.2200707E-002, 0.0000000E+000, 1.0000000E+000, 7.2268914E+001
 3.2616185E-001, 5.2137522E-002, 0.0000000E+000, 1.0000000E+000, 7.3755414E+001
 3.2808119E-001, 5.2074069E-002, 0.0000000E+000, 1.0000000E+000, 7.5383706E+001
 3.3000053E-001, 5.2010348E-002, 0.0000000E+000, 1.0000000E+000, 7.6855111E+001
 3.3287954E-001, 5.1930310E-002, 0.0000000E+000, 1.0000000E+000, 7.9311000E+001
 3.3479888E-001, 5.1849888E-002, 0.0000000E+000, 1.0000000E+000, 8.1627313E+001
 3.3671821E-001, 5.1785245E-002, 0.0000000E+000, 1.0000000E+000, 8.3168733E+001
 3.3863755E-001, 5.1720341E-002, 0.0000000E+000, 1.0000000E+000, 8.4641278E+001
 3.4055689E-001, 5.1655180E-002, 0.0000000E+000, 1.0000000E+000, 8.5563291E+001
 3.4247623E-001, 5.1589761E-002, 0.0000000E+000, 1.0000000E+000, 8.6200784E+001
 3.4439556E-001, 5.1524088E-002, 0.0000000E+000, 1.0000000E+000, 8.6604932E+001
 3.4631490E-001, 5.1458161E-002, 0.0000000E+000, 1.0000000E+000, 8.6951550E+001
 3.4823424E-001, 5.1391982E-002, 0.0000000E+000, 1.0000000E+000, 8.7324094E+001
 3.5015358E-001, 5.1325552E-002, 0.0000000E+000, 1.0000000E+000, 8.7677209E+001
 3.5207292E-001, 5.1258874E-002, 0.0000000E+000, 1.0000000E+000, 8.9152406E+001
 3.5495192E-001, 5.1175167E-002, 0.0000000E+000, 1.0000000E+000, 9.0940159E+001
 3.5687126E-001, 5.1091102E-002, 0.0000000E+000, 1.0000000E+000, 9.1768136E+001
 3.5879060E-001, 5.1023566E-002, 0.0000000E+000, 1.0000000E+000, 9.2377236E+001
 3.6070994E-001, 5.0955789E-002, 0.0000000E+000, 1.0000000E+000, 9.2714669E+001
 3.6262928E-001, 5.0887773E-002, 0.0000000E+000, 1.0000000E+000, 9.3036645E+001
 3.6454861E-001, 5.0819518E-002, 0.0000000E+000, 1.0000000E+000, 9.3610391E+001
 3.6646795E-001, 5.0751027E-002, 0.0000000E+000, 1.0000000E+000, 9.4004979E+001
 3.6829130E-001, 5.0688107E-002, 0.0000000E+000, 1.0000000E+000, 9.4523421E+001
 3.7001865E-001, 5.0628893E-002, 0.0000000E+000, 1.0000000E+000, 9.5093968E+001
 3.7260967E-001, 5.0551089E-002, 0.0000000E+000, 1.0000000E+000, 9.5465931E+001
 3.7433702E-001, 5.0473013E-002, 0.0000000E+000, 1.0000000E+000, 9.5865804E+001
 3.7606437E-001, 5.0410337E-002, 0.0000000E+000, 1.0000000E+000, 9.6194268E+001
 3.7865539E-001, 5.0331725E-002, 0.0000000E+000, 1.0000000E+000, 9.6588014E+001
 3.8038274E-001, 5.0252847E-002, 0.0000000E+000, 1.0000000E+000, 9.6891755E+001
 3.8211009E-001, 5.0189533E-002, 0.0000000E+000, 1.0000000E+000, 9.8523206E+001
 3.8470112E-001, 5.0110130E-002, 0.0000000E+000, 1.0000000E+000, 1.0036765E+002
 3.8642847E-001, 5.0030468E-002, 0.0000000E+000, 1.0000000E+000, 1.0232766E+002
 3.8815581E-001, 4.9966532E-002, 0.0000000E+000, 1.0000000E+000, 1.0420995E+002
 3.9074684E-001, 4.9886358E-002, 0.0000000E+000, 1.0000000E+000, 1.0678094E+002
 3.9247419E-001, 4.9805930E-002, 0.0000000E+000, 1.0000000E+000, 1.0865996E+002
 3.9420154E-001, 4.9741387E-002, 0.0000000E+000, 1.0000000E+000, 1.1055044E+002
 3.9679256E-001, 4.9660459E-002, 0.0000000E+000, 1.0000000E+000, 1.1262858E+002
 3.9851991E-001, 4.9579284E-002, 0.0000000E+000, 1.0000000E+000, 1.1467816E+002
 4.0024726E-001, 4.9514149E-002, 0.0000000E+000, 1.0000000E+000, 1.1632015E+002
 4.0283829E-001, 4.9432486E-002, 0.0000000E+000, 1.0000000E+000, 1.1833806E+002
 4.0456564E-001, 4.9350583E-002, 0.0000000E+000, 1.0000000E+000, 1.2047247E+002
 4.0629298E-001, 4.9284870E-002, 0.0000000E+000, 1.0000000E+000, 1.2241182E+002
 4.0802033E-001, 4.9218994E-002, 0.0000000E+000, 1.0000000E+000, 1.2315104E+002
 4.1061136E-001, 4.9136415E-002, 0.0000000E+000, 1.0000000E+000, 1.2356809E+002
 4.1233871E-001, 4.9053603E-002, 0.0000000E+000, 1.0000000E+000, 1.2480388E+002
 4.1406606E-001, 4.8987168E-002, 0.0000000E+000, 1.0000000E+000, 1.2650857E+002
 4.1665708E-001, 4.8903897E-002, 0.0000000E+000, 1.0000000E+000, 1.2902106E+002
 4.1838443E-001, 4.8820400E-002, 0.0000000E+000, 1.0000000E+000, 1.3113666E+002
 4.2011178E-001, 4.8753422E-002, 0.0000000E+000, 1.0000000E+000, 1.3262102E+002
 4.2261545E-001, 4.8673824E-002, 0.0000000E+000, 1.0000000E+000, 1.3486756E+002
 4.2416809E-001, 4.8600676E-002, 0.0000000E+000, 1.0000000E+000, 1.3732816E+002
 4.2649705E-001, 4.8524850E-002, 0.0000000E+000, 1.0000000E+000, 1.3951888E+002
 4.2804969E-001, 4.8448849E-002, 0.0000000E+000, 1.0000000E+000, 1.4123039E+002
 4.3037865E-001, 4.8372650E-002, 0.0000000E+000, 1.0000000E+000, 1.4191574E+002
 4.3270761E-001, 4.8280976E-002, 0.0000000E+000, 1.0000000E+000, 1.4273251E+002
 4.3426025E-001, 4.8204387E-002, 0.0000000E+000, 1.0000000E+000, 1.4328520E+002
 4.3658921E-001, 4.8127606E-002, 0.0000000E+000, 1.0000000E+000, 1.4369845E+002
 4.3814186E-001, 4.8050658E-002, 0.0000000E+000, 1.0000000E+000, 1.4409579E+002
 4.4047082E-001, 4.7973522E-002, 0.0000000E+000, 1.0000000E+000, 1.4445887E+002
 4.4202346E-001, 4.7896223E-002, 0.0000000E+000, 1.0000000E+000, 1.4534636E+002
 4.4435242E-001, 4.7818739E-002, 0.0000000E+000, 1.0000000E+000, 1.4581152E+002
 4.4668138E-001, 4.7725540E-002, 0.0000000E+000, 1.0000000E+000, 1.4666426E+002
 4.4823402E-001, 4.7647692E-002, 0.0000000E+000, 1.0000000E+000, 1.4705435E+002
 4.5056298E-001, 4.7569666E-002, 0.0000000E+000, 1.0000000E+000, 1.4753607E+002
 4.5211562E-001, 4.7491486E-002, 0.0000000E+000, 1.0000000E+000, 1.4793550E+002
 4.5444458E-001, 4.7413130E-002, 0.0000000E+000, 1.0000000E+000, 1.4833423E+002
 4.5677354E-001, 4.7318895E-002, 0.0000000E+000, 1.0000000E+000, 1.4887227E+002
 4.5832618E-001, 4.7240195E-002, 0.0000000E+000, 1.0000000E+000, 1.4960188E+002
 4.6065514E-001, 4.7161326E-002, 0.0000000E+000, 1.0000000E+000, 1.5005425E+002
 4.6220778E-001, 4.7082310E-002, 0.0000000E+000, 1.0000000E+000, 1.5045391E+002
 4.6453674E-001, 4.7003128E-002, 0.0000000E+000, 1.0000000E+000, 1.5082211E+002
 4.6608938E-001, 4.6923804E-002, 0.0000000E+000, 1.0000000E+000, 1.5119289E+002
 4.6841834E-001, 4.6844317E-002, 0.0000000E+000, 1.0000000E+000, 1.5151846E+002
 4.7074731E-001, 4.6748742E-002, 0.0000000E+000, 1.0000000E+000, 1.5190385E+002
 4.7229995E-001, 4.6668937E-002, 0.0000000E+000, 1.0000000E+000, 1.5264363E+002
 4.7462891E-001, 4.6588977E-002, 0.0000000E+000, 1.0000000E+000, 1.5319511E+002
 4.7618155E-001, 4.6508882E-002, 0.0000000E+000, 1.0000000E+000, 1.5353394E+002
 4.7851051E-001, 4.6428634E-002, 0.0000000E+000, 1.0000000E+000, 1.5386321E+002
 4.8006315E-001, 4.6348255E-002, 0.0000000E+000, 1.0000000E+000, 1.5418252E+002
 4.8239211E-001, 4.6267727E-002, 0.0000000E+000, 1.0000000E+000, 1.5447235E+002
 4.8456489E-001, 4.6179407E-002, 0.0000000E+000, 1.0000000E+000, 1.5487114E+002
 4.8665957E-001, 4.6093472E-002, 0.0000000E+000, 1.0000000E+000, 1.5525899E+002
 4.8805603E-001, 4.6020673E-002, 0.0000000E+000, 1.0000000E+000, 1.5557649E+002
 4.9015071E-001, 4.5947758E-002, 0.0000000E+000, 1.0000000E+000, 1.5586859E+002
 4.9224540E-001, 4.5860126E-002, 0.0000000E+000, 1.0000000E+000, 1.5684588E+002
 4.9434008E-001, 4.5772343E-002, 0.0000000E+000, 1.0000000E+000, 1.5723989E+002
 4.9643477E-001, 4.5684412E-002, 0.0000000E+000, 1.0000000E+000, 1.5761318E+002
 4.9852945E-001, 4.5596335E-002, 0.0000000E+000, 1.0000000E+000, 1.5796281E+002
 5.0062414E-001, 4.5508114E-002, 0.0000000E+000, 1.0000000E+000, 1.5850761E+002
 5.0202060E-001, 4.5434490E-002, 0.0000000E+000, 1.0000000E+000, 1.5884734E+002
 5.0411528E-001, 4.5360764E-002, 0.0000000E+000, 1.0000000E+000, 1.5917354E+002
 5.0620997E-001, 4.5272168E-002, 9.2518585E-018, 1.0000000E+000, 1.5951914E+002
 5.0830465E-001, 4.5183437E-002, 2.7755576E-017, 1.0000000E+000, 1.5990283E+002
 5.1039934E-001, 4.5094571E-002, 2.7755576E-017, 1.0000000E+000, 1.6058612E+002
 5.1249402E-001, 4.5005573E-002, 2.7755576E-017, 1.0000000E+000, 1.6100252E+002
 5.1458871E-001, 4.4916446E-002, 2.7755576E-017, 1.0000000E+000, 1.6142737E+002
 5.1668339E-001, 4.4827190E-002, 2.7755576E-017, 1.0000000E+000, 1.6178296E+002
 5.1807985E-001, 4.4752717E-002, 2.7755576E-017, 1.0000000E+000, 1.6240387E+002
 5.2017453E-001, 4.4678152E-002, 2.7755576E-017, 1.0000000E+000, 1.6275524E+002
 5.2226922E-001, 4.4588566E-002, 2.7755576E-017, 1.0000000E+000, 1.6313949E+002
 5.2436391E-001, 4.4498860E-002, 2.7755576E-017, 1.0000000E+000, 1.6348446E+002
 5.2645859E-001, 4.4409035E-002, 2.7755576E-017, 1.0000000E+000, 1.6420127E+002
 5.2855328E-001, 4.4319095E-002, 2.7755576E-017, 1.0000000E+000, 1.6464900E+002
 5.3064796E-001, 4.4229041E-002, 2.7755576E-017, 1.0000000E+000, 1.6535593E+002
 5.3204442E-001, 4.4153913E-002, 2.7755576E-017, 1.0000000E+000, 1.6616589E+002
 5.3413910E-001, 4.4078704E-002, 2.7755576E-017, 1.0000000E+000, 1.6655660E+002
 5.3623379E-001, 4.3988356E-002, 2.7755576E-017, 1.0000000E+000, 1.6693292E+002
 5.3832847E-001, 4.3897903E-002, 2.7755576E-017, 1.0000000E+000, 1.6730520E+002
 5.4042316E-001, 4.3807345E-002, 3.7007434E-017, 1.0000000E+000, 1.6765807E+002
 5.4251784E-001, 4.3716686E-002, 2.7755576E-017, 1.0000000E+000, 1.6839628E+002
 5.4461253E-001, 4.3625926E-002, 3.7007434E-017, 1.0000000E+000, 1.6931028E+002
 5.4600899E-001, 4.3550221E-002, 2.7755576E-017, 1.0000000E+000, 1.6965445E+002
 5.4810367E-001, 4.3474445E-002, 2.7755576E-017, 1.0000000E+000, 1.6994551E+002
 5.5019836E-001, 4.3383430E-002, 3.7007434E-017, 1.0000000E+000, 1.7063668E+002
 5.5229304E-001, 4.3292323E-002, 2.7755576E-017, 1.0000000E+000, 1.7101626E+002
 5.5438773E-001, 4.3201126E-002, 2.7755576E-017, 1.0000000E+000, 1.7138989E+002
 5.5634174E-001, 4.3117849E-002, 1.7837660E-017, 1.0000000E+000, 1.7216766E+002
 5.5822542E-001, 4.3036907E-002, 1.8503717E-017, 1.0000000E+000, 1.7255629E+002
 5.6010909E-001, 4.2954684E-002, 2.7755576E-017, 1.0000000E+000, 1.7341444E+002
 5.6262066E-001, 4.2858672E-002, 2.7755576E-017, 1.0000000E+000, 1.7386529E+002
 5.6450434E-001, 4.2762576E-002, 1.8503717E-017, 1.0000000E+000, 1.7429905E+002
 5.6638801E-001, 4.2680138E-002, 1.8503717E-017, 1.0000000E+000, 1.7464776E+002
 5.6827169E-001, 4.2597640E-002, 1.8503717E-017, 1.0000000E+000, 1.7529805E+002
 5.7015537E-001, 4.2515083E-002, 1.8503717E-017, 1.0000000E+000, 1.7637360E+002
 5.7203904E-001, 4.2432468E-002, 9.2518585E-018, 1.0000000E+000, 1.7676969E+002
 5.7455061E-001, 4.2336013E-002, 2.7755576E-017, 1.0000000E+000, 1.7717219E+002
 5.7643429E-001, 4.2239488E-002, 2.7755576E-017, 1.0000000E+000, 1.7766699E+002
 5.7831796E-001, 4.2156696E-002, 1.8503717E-017, 1.0000000E+000, 1.7804236E+002
 5.8020164E-001, 4.2073854E-002, 1.8503717E-017, 1.0000000E+000, 1.7841428E+002
 5.8208532E-001, 4.1990965E-002, 9.2518585E-018, 1.0000000E+000, 1.7876468E+002
 5.8459688E-001, 4.1894202E-002, 1.3877788E-017, 1.0000000E+000, 1.7948028E+002
 5.8648056E-001, 4.1797384E-002, 9.2518585E-018, 1.0000000E+000, 1.8024643E+002
 5.8836424E-001, 4.1714353E-002, 1.8503717E-017, 1.0000000E+000, 1.8098515E+002
 5.9024791E-001, 4.1631283E-002, 2.7755576E-017, 1.0000000E+000, 1.8137938E+002
 5.9213159E-001, 4.1548178E-002, 1.8503717E-017, 1.0000000E+000, 1.8198356E+002
 5.9401526E-001, 4.1465041E-002, 2.7755576E-017, 1.0000000E+000, 1.8239563E+002
 5.9652683E-001, 4.1368008E-002, 2.0816682E-017, 1.0000000E+000, 1.8283152E+002
 5.9841051E-001, 4.1270940E-002, 0.0000000E+000, 1.0000000E+000, 1.8328042E+002
 6.0029419E-001, 4.1187712E-002, 1.8503717E-017, 1.0000000E+000, 1.8389911E+002
 6.0217786E-001, 4.1104464E-002, 1.8503717E-017, 1.0000000E+000, 1.8471198E+002
 6.0406154E-001, 4.1021197E-002, 1.8503717E-017, 1.0000000E+000, 1.8510613E+002
 6.0657311E-001, 4.0924035E-002, 2.7755576E-017, 1.0000000E+000, 1.8556521E+002
 6.0845678E-001, 4.0826858E-002, 9.2518585E-018, 1.0000000E+000, 1.8597261E+002
 6.1034046E-001, 4.0743556E-002, 1.8503717E-017, 1.0000000E+000, 1.8671731E+002
 6.1222414E-001, 4.0660249E-002, 1.8503717E-017, 1.0000000E+000, 1.8711220E+002
 6.1410781E-001, 4.0576941E-002, 0.0000000E+000, 1.0000000E+000, 1.8775093E+002
 6.1661938E-001, 4.0479751E-002, 1.3877788E-017, 1.0000000E+000, 1.8820091E+002
 6.1850306E-001, 4.0382566E-002, 9.2518585E-018, 1.0000000E+000, 1.8887202E+002
 6.2038673E-001, 4.0299272E-002, 1.8503717E-017, 1.0000000E+000, 1.8925031E+002
 6.2227041E-001, 4.0215986E-002, 1.8503717E-017, 1.0000000E+000, 1.8962882E+002
 6.2415409E-001, 4.0132709E-002, 0.0000000E+000, 1.0000000E+000, 1.8997474E+002
 6.2603776E-001, 4.0049441E-002, 1.8503717E-017, 1.0000000E+000, 1.9063045E+002
 6.2854933E-001, 3.9952307E-002, 1.3877788E-017, 1.0000000E+000, 1.9107390E+002
 6.3043301E-001, 3.9855183E-002, 2.7755576E-017, 1.0000000E+000, 1.9208022E+002
 6.3231668E-001, 3.9771938E-002, 2.7755576E-017, 1.0000000E+000, 1.9247643E+002
 6.3420036E-001, 3.9688694E-002, 9.2518585E-018, 1.0000000E+000, 1.9308810E+002
 6.3608403E-001, 3.9605445E-002, 0.0000000E+000, 1.0000000E+000, 1.9348219E+002
 6.3859560E-001, 3.9508310E-002, 6.9388939E-018, 1.0000000E+000, 1.9390514E+002
 6.4035366E-001, 3.9417829E-002, 0.0000000E+000, 1.0000000E+000, 1.9435092E+002
 6.4204890E-001, 3.9343593E-002, 9.2518585E-018, 1.0000000E+000, 1.9471992E+002
 6.4430923E-001, 3.9256034E-002, 2.7755576E-017, 1.0000000E+000, 1.9531583E+002
 6.4600447E-001, 3.9168435E-002, 1.8503717E-017, 1.0000000E+000, 1.9579644E+002
 6.4826480E-001, 3.9080783E-002, 1.3877788E-017, 1.0000000E+000, 1.9622726E+002
 6.5052512E-001, 3.8980537E-002, 2.7755576E-017, 1.0000000E+000, 1.9669107E+002
 6.5222037E-001, 3.8892752E-002, 1.8503717E-017, 1.0000000E+000, 1.9717111E+002
 6.5448069E-001, 3.8804892E-002, 1.3877788E-017, 1.0000000E+000, 1.9759521E+002
 6.5617594E-001, 3.8716959E-002, 1.8503717E-017, 1.0000000E+000, 1.9801661E+002
 6.5843626E-001, 3.8628944E-002, 1.3877788E-017, 1.0000000E+000, 1.9842514E+002
 6.6013151E-001, 3.8540857E-002, 1.8503717E-017, 1.0000000E+000, 1.9894919E+002
 6.6239183E-001, 3.8452693E-002, 1.3877788E-017, 1.0000000E+000, 1.9992791E+002
 6.6408707E-001, 3.8364467E-002, 2.7755576E-017, 1.0000000E+000, 2.0072265E+002
 6.6634740E-001, 3.8276183E-002, 1.3877788E-017, 1.0000000E+000, 2.0119300E+002
 6.6804264E-001, 3.8187857E-002, 1.8503717E-017, 1.0000000E+000, 2.0163688E+002
 6.7030297E-001, 3.8099503E-002, 1.3877788E-017, 1.0000000E+000, 2.0208111E+002
 6.7256330E-001, 3.7998517E-002, 1.3877788E-017, 1.0000000E+000, 2.0257065E+002
 6.7425854E-001, 3.7910164E-002, 2.7755576E-017, 1.0000000E+000, 2.0297691E+002
 6.7651886E-001, 3.7821845E-002, 6.9388939E-018, 1.0000000E+000, 2.0378971E+002
 6.7821411E-001, 3.7733576E-002, 9.2518585E-018, 1.0000000E+000, 2.0476151E+002
 6.8047443E-001, 3.7645380E-002, 1.3877788E-017, 1.0000000E+000, 2.0527488E+002
 6.8216968E-001, 3.7557269E-002, 9.2518585E-018, 1.0000000E+000, 2.0572061E+002
 6.8443000E-001, 3.7469266E-002, 0.0000000E+000, 1.0000000E+000, 2.0612692E+002
 6.8612525E-001, 3.7381373E-002, 0.0000000E+000, 1.0000000E+000, 2.0688678E+002
 6.8838557E-001, 3.7293611E-002, 0.0000000E+000, 1.0000000E+000, 2.0768161E+002
 6.9008082E-001, 3.7205972E-002, 0.0000000E+000, 1.0000000E+000, 2.0830324E+002
 6.9234114E-001, 3.7118469E-002, 0.0000000E+000, 1.0000000E+000, 2.0874838E+002
 6.9403639E-001, 3.7031087E-002, 0.0000000E+000, 1.0000000E+000, 2.0972621E+002
 6.9629671E-001, 3.6943834E-002, 0.0000000E+000, 1.0000000E+000, 2.1017740E+002
 6.9855704E-001, 3.6844249E-002, 0.0000000E+000, 1.0000000E+000, 2.1066396E+002
 7.0025228E-001, 3.6757218E-002, 0.0000000E+000, 1.0000000E+000, 2.1143493E+002
 7.0251261E-001, 3.6670278E-002, 0.0000000E+000, 1.0000000E+000, 2.1189013E+002
 7.0420785E-001, 3.6583410E-002, 0.0000000E+000, 1.0000000E+000, 2.1232331E+002
 7.0646818E-001, 3.6496606E-002, 0.0000000E+000, 1.0000000E+000, 2.1275529E+002
 7.0816342E-001, 3.6409850E-002, 0.0000000E+000, 1.0000000E+000, 2.1315915E+002
 7.1042375E-001, 3.6323138E-002, 0.0000000E+000, 1.0000000E+000, 2.1371667E+002
 7.1211899E-001, 3.6236457E-002, 9.2518585E-018, 1.0000000E+000, 2.1414719E+002
 7.1437932E-001, 3.6149806E-002, 1.3877788E-017, 1.0000000E+000, 2.1457596E+002
 7.1607456E-001, 3.6063180E-002, 0.0000000E+000, 1.0000000E+000, 2.1553472E+002
 7.1833488E-001, 3.5976580E-002, 0.0000000E+000, 1.0000000E+000, 2.1601545E+002
 7.2003013E-001, 3.5890005E-002, 0.0000000E+000, 1.0000000E+000, 2.1645431E+002
 7.2229045E-001, 3.5803461E-002, 0.0000000E+000, 1.0000000E+000, 2.1688416E+002
 7.2455078E-001, 3.5704591E-002, 6.9388939E-018, 1.0000000E+000, 2.1736970E+002
 7.2624602E-001, 3.5618117E-002, 1.8503717E-017, 1.0000000E+000, 2.1777549E+002
 7.2850635E-001, 3.5531685E-002, 2.0816682E-017, 1.0000000E+000, 2.1828473E+002
 7.3020159E-001, 3.5445291E-002, 0.0000000E+000, 1.0000000E+000, 2.1872563E+002
 7.3246192E-001, 3.5358943E-002, 1.3877788E-017, 1.0000000E+000, 2.1926101E+002
 7.3415716E-001, 3.5272636E-002, 9.2518585E-018, 1.0000000E+000, 2.1991662E+002
 7.3641749E-001, 3.5186376E-002, 0.0000000E+000, 1.0000000E+000, 2.2040196E+002
 7.3805609E-001, 3.5102546E-002, 1.9143297E-017, 1.0000000E+000, 2.2087512E+002
 7.4008987E-001, 3.5025059E-002, 0.0000000E+000, 1.0000000E+000, 2.2133561E+002
 7.4212364E-001, 3.4936413E-002, 0.0000000E+000, 1.0000000E+000, 2.2179863E+002
 7.4415741E-001, 3.4847811E-002, 6.9388939E-018, 1.0000000E+000, 2.2234562E+002
 7.4619118E-001, 3.4759254E-002, 0.0000000E+000, 1.0000000E+000, 2.2286712E+002
 7.4822496E-001, 3.4670743E-002, 0.0000000E+000, 1.0000000E+000, 2.2338661E+002
 7.5025873E-001, 3.4582277E-002, 3.4694470E-018, 1.0000000E+000, 2.2385001E+002
 7.5229250E-001, 3.4493859E-002, 0.0000000E+000, 1.0000000E+000, 2.2434523E+002
 7.5432627E-001, 3.4405488E-002, 0.0000000E+000, 1.0000000E+000, 2.2482588E+002
 7.5636004E-001, 3.4317167E-002, 0.0000000E+000, 1.0000000E+000, 2.2530896E+002
 7.5839382E-001, 3.4228897E-002, 0.0000000E+000, 1.0000000E+000, 2.2577252E+002
 7.6042759E-001, 3.4140678E-002, 0.0000000E+000, 1.0000000E+000, 2.2625719E+002
 7.6246136E-001, 3.4052512E-002, 0.0000000E+000, 1.0000000E+000, 2.2674004E+002
 7.6449513E-001, 3.3964399E-002, 0.0000000E+000, 1.0000000E+000, 2.2755853E+002
 7.6602046E-001, 3.3887342E-002, 9.2518585E-018, 1.0000000E+000, 2.2808537E+002
 7.6805424E-001, 3.3810328E-002, 6.9388939E-018, 1.0000000E+000, 2.2849221E+002
 7.7008801E-001, 3.3722362E-002, 6.9388939E-018, 1.0000000E+000, 2.2898181E+002
 7.7212178E-001, 3.3634449E-002, 1.3877788E-017, 1.0000000E+000, 2.2946044E+002
 7.7415555E-001, 3.3546591E-002, 1.3877788E-017, 1.0000000E+000, 2.2993748E+002
 7.7618932E-001, 3.3458788E-002, 7.8062556E-018, 1.0000000E+000, 2.3039731E+002
 7.7822310E-001, 3.3371041E-002, 3.4694470E-018, 1.0000000E+000, 2.3107332E+002
 7.8025687E-001, 3.3283351E-002, 3.4694470E-018, 1.0000000E+000, 2.3156031E+002
 7.8229064E-001, 3.3195720E-002, 1.3552527E-020, 1.0000000E+000, 2.3203993E+002
 7.8432441E-001, 3.3108148E-002, 0.0000000E+000, 1.0000000E+000, 2.3250789E+002
 7.8635819E-001, 3.3020638E-002, 6.9388939E-018, 1.0000000E+000, 2.3300340E+002
 7.8839196E-001, 3.2933190E-002, 7.8062556E-018, 1.0000000E+000, 2.3349271E+002
 7.9042573E-001, 3.2845807E-002, 7.8062556E-018, 1.0000000E+000, 2.3397399E+002
 7.9245950E-001, 3.2758489E-002, 6.9388939E-018, 1.0000000E+000, 2.3443632E+002
 7.9449328E-001, 3.2671240E-002, 6.9388939E-018, 1.0000000E+000, 2.3516279E+002
 7.9601860E-001, 3.2594953E-002, 0.0000000E+000, 1.0000000E+000, 2.3560316E+002
 7.9805238E-001, 3.2518724E-002, 0.0000000E+000, 1.0000000E+000, 2.3602401E+002
 8.0008615E-001, 3.2431672E-002, 2.7105054E-020, 1.0000000E+000, 2.3648685E+002
 8.0211992E-001, 3.2344697E-002, 0.0000000E+000, 1.0000000E+000, 2.3697167E+002
 8.0415369E-001, 3.2257802E-002, 1.7347235E-018, 1.0000000E+000, 2.3744794E+002
 8.0618747E-001, 3.2170989E-002, 1.7347235E-018, 1.0000000E+000, 2.3792440E+002
 8.0822124E-001, 3.2084261E-002, 0.0000000E+000, 1.0000000E+000, 2.3840262E+002
 8.1025501E-001, 3.1997622E-002, 8.6736174E-019, 1.0000000E+000, 2.3911495E+002
 8.1228878E-001, 3.1911074E-002, 0.0000000E+000, 1.0000000E+000, 2.3979149E+002
 8.1432256E-001, 3.1824622E-002, 0.0000000E+000, 1.0000000E+000, 2.4028366E+002
 8.1635633E-001, 3.1738268E-002, 4.3368087E-018, 1.0000000E+000, 2.4075908E+002
 8.1839010E-001, 3.1652016E-002, 0.0000000E+000, 1.0000000E+000, 2.4122217E+002
 8.2042387E-001, 3.1565869E-002, 5.5511151E-017, 1.0000000E+000, 2.4170416E+002
 8.2245764E-001, 3.1479831E-002, 4.1633363E-017, 1.0000000E+000, 2.4219196E+002
 8.2449142E-001, 3.1393903E-002, 5.5511151E-017, 1.0000000E+000, 2.4285625E+002
 8.2601675E-001, 3.1318807E-002, 5.5511151E-017, 1.0000000E+000, 2.4349389E+002
 8.2805052E-001, 3.1243803E-002, 5.5511151E-017, 1.0000000E+000, 2.4393102E+002
 8.3008429E-001, 3.1158192E-002, 4.1633363E-017, 1.0000000E+000, 2.4443222E+002
 8.3211806E-001, 3.1072699E-002, 4.1633363E-017, 1.0000000E+000, 2.4490870E+002
 8.3415184E-001, 3.0987323E-002, 5.5511151E-017, 1.0000000E+000, 2.4540351E+002
 8.3618561E-001, 3.0902065E-002, 5.5511151E-017, 1.0000000E+000, 2.4592698E+002
 8.3821938E-001, 3.0816921E-002, 5.5511151E-017, 1.0000000E+000, 2.4640806E+002
 8.4025315E-001, 3.0731891E-002, 4.1633363E-017, 1.0000000E+000, 2.4710670E+002
 8.4228692E-001, 3.0646968E-002, 4.1633363E-017, 1.0000000E+000, 2.4759528E+002
 8.4432070E-001, 3.0562148E-002, 5.5511151E-017, 1.0000000E+000, 2.4807299E+002
 8.4635447E-001, 3.0477423E-002, 2.7755576E-017, 1.0000000E+000, 2.4854999E+002
 8.4838824E-001, 3.0392786E-002, 1.3877788E-017, 1.0000000E+000, 2.4902554E+002
 8.5042201E-001, 3.0308227E-002, 6.9388939E-018, 1.0000000E+000, 2.4950490E+002
 8.5245579E-001, 3.0223734E-002, 2.0816682E-017, 1.0000000E+000, 2.4996879E+002
 8.5448956E-001, 3.0139296E-002, 2.7755576E-017, 1.0000000E+000, 2.5063553E+002
 8.5601489E-001, 3.0065447E-002, 3.2381505E-017, 1.0000000E+000, 2.5108837E+002
 8.5804866E-001, 2.9991621E-002, 3.4694470E-017, 1.0000000E+000, 2.5151037E+002
 8.6008243E-001, 2.9907265E-002, 2.1684043E-018, 1.0000000E+000, 2.5197081E+002
 8.6201423E-001, 2.9824644E-002, 1.3145201E-017, 1.0000000E+000, 2.5246613E+002
 8.6430150E-001, 2.9736631E-002, 0.0000000E+000, 1.0000000E+000, 2.5304204E+002
 8.6613132E-001, 2.9651111E-002, 2.0816682E-017, 1.0000000E+000, 2.5357698E+002
 8.6841860E-001, 2.9565553E-002, 1.6653345E-017, 1.0000000E+000, 2.5409908E+002
 8.7024841E-001, 2.9479947E-002, 1.3877788E-017, 1.0000000E+000, 2.5490768E+002
 8.7207823E-001, 2.9403803E-002, 1.3877788E-017, 1.0000000E+000, 2.5540890E+002
 8.7436551E-001, 2.9318072E-002, 0.0000000E+000, 1.0000000E+000, 2.5594109E+002
 8.7619533E-001, 2.9232267E-002, 0.0000000E+000, 1.0000000E+000, 2.5646053E+002
 8.7802515E-001, 2.9155922E-002, 2.7755576E-017, 1.0000000E+000, 2.5695258E+002
 8.8031242E-001, 2.9069944E-002, 3.4694470E-019, 1.0000000E+000, 2.5748421E+002
 8.8214224E-001, 2.8983874E-002, 0.0000000E+000, 1.0000000E+000, 2.5802454E+002
 8.8442951E-001, 2.8897698E-002, 2.4980018E-017, 1.0000000E+000, 2.5871214E+002
 8.8625933E-001, 2.8811424E-002, 2.7755576E-017, 1.0000000E+000, 2.5931133E+002
 8.8808915E-001, 2.8734648E-002, 0.0000000E+000, 1.0000000E+000, 2.5978985E+002
 8.9037643E-001, 2.8648176E-002, 2.2204460E-017, 1.0000000E+000, 2.6032805E+002
 8.9220625E-001, 2.8561610E-002, 2.7755576E-017, 1.0000000E+000, 2.6086222E+002
 8.9403606E-001, 2.8484583E-002, 2.0816682E-017, 1.0000000E+000, 2.6132461E+002
 8.9632334E-001, 2.8397848E-002, 2.7755576E-017, 1.0000000E+000, 2.6226602E+002
 8.9815316E-001, 2.8311042E-002, 0.0000000E+000, 1.0000000E+000, 2.6299163E+002
 9.0044043E-001, 2.8224176E-002, 1.1102230E-017, 1.0000000E+000, 2.6354475E+002
 9.0227025E-001, 2.8137272E-002, 1.3877788E-017, 1.0000000E+000, 2.6406314E+002
 9.0410007E-001, 2.8060009E-002, 1.5612511E-017, 1.0000000E+000, 2.6453874E+002
 9.0638734E-001, 2.7973095E-002, 1.1102230E-017, 1.0000000E+000, 2.6508470E+002
 9.0821716E-001, 2.7886215E-002, 2.7755576E-017, 1.0000000E+000, 2.6562483E+002
 9.1004698E-001, 2.7809046E-002, 0.0000000E+000, 1.0000000E+000, 2.6608791E+002
 9.1233426E-001, 2.7722329E-002, 1.1102230E-017, 1.0000000E+000, 2.6689557E+002
 9.1416408E-001, 2.7635745E-002, 0.0000000E+000, 1.0000000E+000, 2.6750334E+002
 9.1645135E-001, 2.7549346E-002, 2.2204460E-017, 1.0000000E+000, 2.6803833E+002
 9.1828117E-001, 2.7463158E-002, 1.3877788E-017, 1.0000000E+000, 2.6855957E+002
 9.2011099E-001, 2.7386769E-002, 2.7755576E-017, 1.0000000E+000, 2.6903564E+002
 9.2239826E-001, 2.7301121E-002, 2.3592239E-017, 1.0000000E+000, 2.6956695E+002
 9.2422808E-001, 2.7215799E-002, 0.0000000E+000, 1.0000000E+000, 2.7009898E+002
 9.2605790E-001, 2.7140279E-002, 0.0000000E+000, 1.0000000E+000, 2.7074841E+002
 9.2834518E-001, 2.7055717E-002, 3.3306691E-017, 1.0000000E+000, 2.7129973E+002
 9.3017499E-001, 2.6971584E-002, 3.4694470E-017, 1.0000000E+000, 2.7183025E+002
 9.3200481E-001, 2.6897205E-002, 0.0000000E+000, 1.0000000E+000, 2.7230322E+002
 9.3429209E-001, 2.6814014E-002, 1.6653345E-017, 1.0000000E+000, 2.7283449E+002
 9.3612191E-001, 2.6731331E-002, 6.9388939E-018, 1.0000000E+000, 2.7335969E+002
 9.3840918E-001, 2.6649218E-002, 5.5511151E-018, 1.0000000E+000, 2.7390547E+002
 9.4023900E-001, 2.6567651E-002, 6.9388939E-018, 1.0000000E+000, 2.7444260E+002
 9.4206882E-001, 2.6495645E-002, 0.0000000E+000, 1.0000000E+000, 2.7492082E+002
 9.4435609E-001, 2.6415209E-002, 0.0000000E+000, 1.0000000E+000, 2.7544212E+002
 9.4618591E-001, 2.6335353E-002, 0.0000000E+000, 1.0000000E+000, 2.7598598E+002
 9.4801573E-001, 2.6264889E-002, 0.0000000E+000, 1.0000000E+000, 2.7645951E+002
 9.5030301E-001, 2.6186206E-002, 0.0000000E+000, 1.0000000E+000, 2.7698779E+002
 9.5213283E-001, 2.6108112E-002, 1.0408341E-017, 1.0000000E+000, 2.7751228E+002
 9.5442010E-001, 2.6030650E-002, 2.7755576E-018, 1.0000000E+000, 2.7807348E+002
 9.5624992E-001, 2.5953774E-002, 3.4694470E-018, 1.0000000E+000, 2.7883260E+002
 9.5807974E-001, 2.5885956E-002, 1.3877788E-017, 1.0000000E+000, 2.7933299E+002
 9.6036701E-001, 2.5810235E-002, 1.1102230E-017, 1.0000000E+000, 2.7985908E+002
 9.6219683E-001, 2.5735084E-002, 0.0000000E+000, 1.0000000E+000, 2.8039843E+002
 9.6402665E-001, 2.5668782E-002, 0.0000000E+000, 1.0000000E+000, 2.8088049E+002
 9.6631392E-001, 2.5594748E-002, 0.0000000E+000, 1.0000000E+000, 2.8143156E+002
 9.6814374E-001, 2.5521261E-002, 1.3010426E-018, 1.0000000E+000, 2.8194888E+002
 9.7043102E-001, 2.5448354E-002, 0.0000000E+000, 1.0000000E+000, 2.8251253E+002
 9.7226084E-001, 2.5375980E-002, 0.0000000E+000, 1.0000000E+000, 2.8324062E+002
 9.7409066E-001, 2.5312114E-002, 6.9388939E-018, 1.0000000E+000, 2.8372194E+002
 9.7637793E-001, 2.5240782E-002, 2.7755576E-018, 1.0000000E+000, 2.8425573E+002
 9.7820775E-001, 2.5169960E-002, 1.3877788E-017, 1.0000000E+000, 2.8477013E+002
 9.8003757E-001, 2.5107456E-002, 2.0816682E-017, 1.0000000E+000, 2.8525151E+002
 9.8232484E-001, 2.5037635E-002, 0.0000000E+000, 1.0000000E+000, 2.8578444E+002
 9.8415466E-001, 2.4968304E-002, 6.9388939E-018, 1.0000000E+000, 2.8658193E+002
 9.8644194E-001, 2.4899491E-002, 0.0000000E+000, 1.0000000E+000, 2.8711873E+002
 9.8827176E-001, 2.4831150E-002, 0.0000000E+000, 1.0000000E+000, 2.8765131E+002
 9.9010157E-001, 2.4770813E-002, 0.0000000E+000, 1.0000000E+000, 2.8812539E+002
 9.9238885E-001, 2.4703382E-002, 0.0000000E+000, 1.0000000E+000, 2.8865338E+002
 9.9421867E-001, 2.4636384E-002, 0.0000000E+000, 1.0000000E+000, 2.8917500E+002
 9.9604849E-001, 2.4577201E-002, 0.0000000E+000, 1.0000000E+000, 2.8965226E+002
 9.9833576E-001, 2.4511013E-002, 0.0000000E+000, 1.0000000E+000, 2.9023000E+002
 1.0001656E+000, 2.4445193E-002, 0.0000000E+000, 1.0000000E+000, 2.9076119E+002
 1.0024529E+000, 2.4379736E-002, 0.0000000E+000, 1.0000000E+000, 2.9128100E+002
 1.0042827E+000, 2.4314580E-002, 0.0000000E+000, 1.0000000E+000, 2.9181455E+002
 1.0061125E+000, 2.4256895E-002, 0.0000000E+000, 1.0000000E+000, 2.9228783E+002
 1.0083998E+000, 2.4192210E-002, 1.3877788E-018, 1.0000000E+000, 2.9281696E+002
 1.0102296E+000, 2.4127686E-002, 1.7347235E-018, 1.0000000E+000, 2.9333900E+002
 1.0120594E+000, 2.4070422E-002, 0.0000000E+000, 1.0000000E+000, 2.9381538E+002
 1.0143467E+000, 2.4006035E-002, 0.0000000E+000, 1.0000000E+000, 2.9434473E+002
 1.0161765E+000, 2.3941613E-002, 0.0000000E+000, 1.0000000E+000, 2.9487473E+002
 1.0180063E+000, 2.3884250E-002, 0.0000000E+000, 1.0000000E+000, 2.9534715E+002
 1.0202936E+000, 2.3819521E-002, 0.0000000E+000, 1.0000000E+000, 2.9586800E+002
 1.0220776E+000, 2.3754370E-002, 0.0000000E+000, 1.0000000E+000, 2.9640210E+002
 1.0241359E+000, 2.3690351E-002, 1.3877788E-018, 1.0000000E+000, 2.9696627E+002
 1.0261942E+000, 2.3624293E-002, 0.0000000E+000, 1.0000000E+000, 2.9755404E+002
 1.0282524E+000, 2.3557609E-002, 0.0000000E+000, 1.0000000E+000, 2.9843051E+002
 1.0303107E+000, 2.3490199E-002, 0.0000000E+000, 1.0000000E+000, 2.9902780E+002
 1.0323690E+000, 2.3421964E-002, 0.0000000E+000, 1.0000000E+000, 2.9961209E+002
 1.0340156E+000, 2.3359789E-002, 6.9388939E-018, 1.0000000E+000, 3.0014271E+002
 1.0360739E+000, 2.3296786E-002, 5.5511151E-018, 1.0000000E+000, 3.0066319E+002
 1.0381321E+000, 2.3225806E-002, 5.5511151E-018, 1.0000000E+000, 3.0124826E+002
 1.0401904E+000, 2.3153733E-002, 0.0000000E+000, 1.0000000E+000, 3.0183735E+002
 1.0422487E+000, 2.3080542E-002, 0.0000000E+000, 1.0000000E+000, 3.0261075E+002
 1.0443069E+000, 2.3006237E-002, 1.1102230E-017, 1.0000000E+000, 3.0320476E+002
 1.0463652E+000, 2.2930850E-002, 5.5511151E-018, 1.0000000E+000, 3.0378928E+002
 1.0480118E+000, 2.2862149E-002, 6.9388939E-018, 1.0000000E+000, 3.0431681E+002
 1.0500701E+000, 2.2792678E-002, 5.5511151E-018, 1.0000000E+000, 3.0484374E+002
 1.0521284E+000, 2.2714763E-002, 0.0000000E+000, 1.0000000E+000, 3.0541823E+002
 1.0541866E+000, 2.2636249E-002, 0.0000000E+000, 1.0000000E+000, 3.0617871E+002
 1.0562449E+000, 2.2557363E-002, 0.0000000E+000, 1.0000000E+000, 3.0677456E+002
 1.0583032E+000, 2.2478372E-002, 0.0000000E+000, 1.0000000E+000, 3.0736378E+002
 1.0603615E+000, 2.2399579E-002, 0.0000000E+000, 1.0000000E+000, 3.0794590E+002
 1.0620081E+000, 2.2329094E-002, 1.7347235E-018, 1.0000000E+000, 3.0847287E+002
 1.0640663E+000, 2.2259317E-002, 0.0000000E+000, 1.0000000E+000, 3.0905472E+002
 1.0661246E+000, 2.2182888E-002, 1.3877788E-018, 1.0000000E+000, 3.0964303E+002
 1.0681829E+000, 2.2107973E-002, 2.7755576E-018, 1.0000000E+000, 3.1030414E+002
 1.0702412E+000, 2.2034901E-002, 0.0000000E+000, 1.0000000E+000, 3.1088095E+002
 1.0722994E+000, 2.1963968E-002, 0.0000000E+000, 1.0000000E+000, 3.1146714E+002
 1.0743577E+000, 2.1895418E-002, 0.0000000E+000, 1.0000000E+000, 3.1205492E+002
 1.0760043E+000, 2.1835870E-002, 1.3877788E-017, 1.0000000E+000, 3.1258659E+002
 1.0780626E+000, 2.1778554E-002, 0.0000000E+000, 1.0000000E+000, 3.1310503E+002
 1.0801209E+000, 2.1717375E-002, 2.2204460E-017, 1.0000000E+000, 3.1371130E+002
 1.0821791E+000, 2.1658821E-002, 6.9388939E-018, 1.0000000E+000, 3.1430634E+002
 1.0842374E+000, 2.1602741E-002, 2.2204460E-017, 1.0000000E+000, 3.1489201E+002
 1.0862957E+000, 2.1548887E-002, 3.3306691E-017, 1.0000000E+000, 3.1546681E+002
 1.0883539E+000, 2.1496906E-002, 2.2204460E-017, 1.0000000E+000, 3.1605348E+002
 1.0900006E+000, 2.1451335E-002, 4.1633363E-017, 1.0000000E+000, 3.1658787E+002
 1.0920588E+000, 2.1406521E-002, 1.1102230E-017, 1.0000000E+000, 3.1712006E+002
 1.0941171E+000, 2.1356947E-002, 2.2551405E-017, 1.0000000E+000, 3.1771352E+002
 1.0961754E+000, 2.1306801E-002, 2.2204460E-017, 1.0000000E+000, 3.1836133E+002
 1.0982336E+000, 2.1255066E-002, 4.4408921E-017, 1.0000000E+000, 3.1894410E+002
 1.1002919E+000, 2.1200537E-002, 3.8857806E-017, 1.0000000E+000, 3.1953064E+002
 1.1023502E+000, 2.1141827E-002, 2.4980018E-017, 1.0000000E+000, 3.2011229E+002
 1.1044085E+000, 2.1077386E-002, 1.1102230E-017, 1.0000000E+000, 3.2068872E+002
 1.1060551E+000, 2.1013242E-002, 2.7755576E-017, 1.0000000E+000, 3.2122062E+002
 1.1081134E+000, 2.0941578E-002, 3.3306691E-017, 1.0000000E+000, 3.2174932E+002
 1.1101716E+000, 2.0852084E-002, 2.2204460E-017, 1.0000000E+000, 3.2235720E+002
 1.1122299E+000, 2.0750505E-002, 1.3877788E-017, 1.0000000E+000, 3.2293353E+002
 1.1142882E+000, 2.0635442E-002, 1.6653345E-017, 1.0000000E+000, 3.2353086E+002
 1.1163464E+000, 2.0505791E-002, 5.5511151E-018, 1.0000000E+000, 3.2411262E+002
 1.1184047E+000, 2.0360828E-002, 2.2204460E-017, 1.0000000E+000, 3.2469742E+002
 1.1200513E+000, 2.0217263E-002, 2.0816682E-017, 1.0000000E+000, 3.2521636E+002
 1.1221096E+000, 2.0060746E-002, 2.4980018E-017, 1.0000000E+000, 3.2595026E+002
 1.1241679E+000, 1.9873064E-002, 1.1102230E-017, 1.0000000E+000, 3.2654883E+002
 1.1262261E+000, 1.9671772E-002, 1.1102230E-017, 1.0000000E+000, 3.2713316E+002
 1.1282844E+000, 1.9458545E-002, 1.1102230E-017, 1.0000000E+000, 3.2771110E+002
 1.1303427E+000, 1.9235435E-002, 0.0000000E+000, 1.0000000E+000, 3.2829454E+002
 1.1324010E+000, 1.9004676E-002, 0.0000000E+000, 1.0000000E+000, 3.2888018E+002
 1.1340476E+000, 1.8792278E-002, 1.7347235E-018, 1.0000000E+000, 3.2941174E+002
 1.1361058E+000, 1.8576500E-002, 1.1102230E-017, 1.0000000E+000, 3.3014480E+002
 1.1381641E+000, 1.8333646E-002, 1.1102230E-017, 1.0000000E+000, 3.3074055E+002
 1.1402224E+000, 1.8086763E-002, 2.7755576E-017, 1.0000000E+000, 3.3132072E+002
 1.1422807E+000, 1.7833070E-002, 1.1102230E-017, 1.0000000E+000, 3.3190444E+002
 1.1443389E+000, 1.7567234E-002, 2.7755576E-017, 1.0000000E+000, 3.3248439E+002
 1.1463972E+000, 1.7281259E-002, 4.4408921E-017, 1.0000000E+000, 3.3306438E+002
 1.1480438E+000, 1.6998859E-002, 1.3877788E-017, 1.0000000E+000, 3.3388531E+002
 1.1501021E+000, 1.6682512E-002, 3.3306691E-017, 1.0000000E+000, 3.3442794E+002
 1.1521604E+000, 1.6284287E-002, 2.2204460E-017, 1.0000000E+000, 3.3501474E+002
 1.1542186E+000, 1.5829855E-002, 4.4408921E-017, 1.0000000E+000, 3.3559734E+002
 1.1562769E+000, 1.5318422E-002, 1.1102230E-017, 1.0000000E+000, 3.3618451E+002
 1.1583352E+000, 1.4754151E-002, 1.1102230E-017, 1.0000000E+000, 3.3676879E+002
 1.1603934E+000, 1.4140311E-002, 3.3306691E-017, 1.0000000E+000, 3.3736387E+002
 1.1620401E+000, 1.3540735E-002, 1.7347235E-018, 1.0000000E+000, 3.3813501E+002
 1.1640983E+000, 1.2873794E-002, 2.2204460E-017, 1.0000000E+000, 3.3870037E+002
 1.1661566E+000, 1.2019120E-002, 2.4980018E-017, 1.0000000E+000, 3.3928429E+002
 1.1682149E+000, 1.0994886E-002, 3.6082248E-017, 1.0000000E+000, 3.3986584E+002
 1.1702731E+000, 9.7599678E-003, 2.2204460E-017, 1.0000000E+000, 3.4044286E+002
 1.1723314E+000, 8.2912109E-003, 8.8817842E-017, 1.0000000E+000, 3.4102177E+002
 1.1743897E+000, 6.5800433E-003, 5.5511151E-017, 1.0000000E+000, 3.4161122E+002
 1.1760363E+000, 4.8341854E-003, 5.5511151E-017, 1.0000000E+000, 3.4236076E+002
 1.1780946E+000, 2.8805306E-003, 1.1102230E-016, 1.0000000E+000, 3.4289595E+002
 1.1801528E+000, 4.7675047E-004, 8.8817842E-017, 1.0000000E+000, 3.4347695E+002
 1.1822111E+000,-2.1751213E-003, 8.8817842E-017, 1.0000000E+000, 3.4405774E+002
 1.1842694E+000,-5.0632742E-003, 1.1102230E-016, 1.0000000E+000, 3.4464141E+002
 1.1863277E+000,-8.1595273E-003, 6.6613381E-017, 1.0000000E+000, 3.4522138E+002
 1.1883859E+000,-1.1415589E-002, 1.1102230E-016, 1.0000000E+000, 3.4604171E+002
 1.1900325E+000,-1.4426172E-002, 6.9388939E-017, 1.0000000E+000, 3.4657667E+002
 1.1920908E+000,-1.7450237E-002, 1.1102230E-016, 1.0000000E+000, 3.4709951E+002
 1.1941491E+000,-2.0744541E-002, 1.1102230E-016, 1.0000000E+000, 3.4768039E+002
 1.1962074E+000,-2.3886049E-002, 1.1102230E-016, 1.0000000E+000, 3.4825382E+002
 1.1982656E+000,-2.6806389E-002, 9.9920072E-017, 1.0000000E+000, 3.4883637E+002
 1.2003239E+000,-2.9469416E-002, 8.8817842E-017, 1.0000000E+000, 3.4941811E+002
 1.2023822E+000,-3.1879757E-002, 7.7715612E-017, 1.0000000E+000, 3.5004749E+002
 1.2040288E+000,-3.3872499E-002, 5.5511151E-017, 1.0000000E+000, 3.5057164E+002
 1.2060871E+000,-3.5752278E-002, 4.4408921E-017, 1.0000000E+000, 3.5110055E+002
 1.2081453E+000,-3.7812409E-002, 5.5511151E-017, 1.0000000E+000, 3.5168395E+002
 1.2102036E+000,-3.9977433E-002, 5.5511151E-017, 1.0000000E+000, 3.5226043E+002
 1.2122619E+000,-4.2434611E-002, 5.5511151E-017, 1.0000000E+000, 3.5283939E+002
 1.2143202E+000,-4.5407355E-002, 4.9960036E-017, 1.0000000E+000, 3.5341980E+002
 1.2163784E+000,-4.9074962E-002, 3.3306691E-017, 1.0000000E+000, 3.5402425E+002
 1.2180250E+000,-5.2979947E-002, 5.5511151E-017, 1.0000000E+000, 3.5455196E+002
 1.2200833E+000,-5.7379434E-002, 1.3877788E-017, 1.0000000E+000, 3.5507387E+002
 1.2221416E+000,-6.2684518E-002, 3.3306691E-017, 1.0000000E+000, 3.5566317E+002
 1.2241999E+000,-6.8400676E-002, 4.4408921E-017, 1.0000000E+000, 3.5624839E+002
 1.2262581E+000,-7.4563406E-002, 3.3306691E-017, 1.0000000E+000, 3.5683482E+002
 1.2283164E+000,-8.1197874E-002, 4.4408921E-017, 1.0000000E+000, 3.5742481E+002
 1.2303747E+000,-8.8264042E-002, 5.5511151E-017, 1.0000000E+000, 3.5821049E+002
 1.2320213E+000,-9.4875085E-002, 5.5511151E-017, 1.0000000E+000, 3.5875996E+002
 1.2340796E+000,-1.0157259E-001, 5.5511151E-017, 1.0000000E+000, 3.5928376E+002
 1.2361378E+000,-1.0892581E-001, 5.5511151E-017, 1.0000000E+000, 3.5986436E+002
 1.2381542E+000,-1.1596424E-001, 5.5511151E-017, 1.0000000E+000, 3.6044332E+002
 1.2400028E+000,-1.2231855E-001, 8.8817842E-017, 1.0000000E+000, 3.6106188E+002
 1.2422211E+000,-1.2787299E-001, 9.2518585E-017, 1.0000000E+000, 3.6170354E+002
 1.2440697E+000,-1.3225551E-001, 7.7715612E-017, 1.0000000E+000, 3.6237180E+002
 1.2462880E+000,-1.3510592E-001, 9.2518585E-017, 1.0000000E+000, 3.6301595E+002
 1.2481366E+000,-1.3633481E-001, 1.3322676E-016, 1.0000000E+000, 3.6365590E+002
 1.2503550E+000,-1.3577950E-001, 6.4763010E-017, 1.0000000E+000, 3.6429458E+002
 1.2522036E+000,-1.3361704E-001, 6.6613381E-017, 1.0000000E+000, 3.6493020E+002
 1.2540522E+000,-1.3036710E-001, 6.6613381E-017, 1.0000000E+000, 3.6572562E+002
 1.2562705E+000,-1.2570890E-001, 7.4014868E-017, 1.0000000E+000, 3.6637012E+002
 1.2581191E+000,-1.2038412E-001, 6.6613381E-017, 1.0000000E+000, 3.6700572E+002
 1.2603374E+000,-1.1488715E-001, 7.4014868E-017, 1.0000000E+000, 3.6764136E+002
 1.2621860E+000,-1.0973996E-001, 5.5511151E-017, 1.0000000E+000, 3.6827407E+002
 1.2640346E+000,-1.0577200E-001, 8.3266727E-017, 1.0000000E+000, 3.6886021E+002
 1.2662530E+000,-1.0254178E-001, 1.6190752E-017, 1.0000000E+000, 3.6949820E+002
 1.2681016E+000,-1.0067365E-001, 3.8857806E-017, 1.0000000E+000, 3.7014987E+002
 1.2703199E+000,-1.0037080E-001, 4.6259293E-017, 1.0000000E+000, 3.7078347E+002
 1.2721685E+000,-1.0151310E-001, 1.1102230E-017, 1.0000000E+000, 3.7141836E+002
 1.2740171E+000,-1.0375569E-001, 2.7755576E-017, 1.0000000E+000, 3.7200266E+002
 1.2762354E+000,-1.0741168E-001, 2.3129646E-017, 1.0000000E+000, 3.7263645E+002
 1.2780840E+000,-1.1213606E-001, 4.7184479E-017, 1.0000000E+000, 3.7327223E+002
 1.2803024E+000,-1.1777957E-001, 4.6259293E-017, 1.0000000E+000, 3.7391399E+002
 1.2821510E+000,-1.2396788E-001, 4.9960036E-017, 1.0000000E+000, 3.7455507E+002
 1.2843693E+000,-1.3036733E-001, 4.8572257E-017, 1.0000000E+000, 3.7518975E+002
 1.2862179E+000,-1.3669568E-001, 1.3877788E-017, 1.0000000E+000, 3.7582201E+002
 1.2880665E+000,-1.4220280E-001, 2.4980018E-017, 1.0000000E+000, 3.7640212E+002
 1.2902848E+000,-1.4776047E-001, 2.3129646E-017, 1.0000000E+000, 3.7704193E+002
 1.2921334E+000,-1.5253996E-001, 2.7755576E-017, 1.0000000E+000, 3.7784207E+002
 1.2943518E+000,-1.5613727E-001, 9.2518585E-018, 1.0000000E+000, 3.7859242E+002
 1.2962004E+000,-1.5829111E-001, 3.6082248E-017, 1.0000000E+000, 3.7923382E+002
 1.2980490E+000,-1.5870110E-001, 1.4571677E-017, 1.0000000E+000, 3.7981616E+002
 1.3002673E+000,-1.5729491E-001, 9.2518585E-017, 1.0000000E+000, 3.8048468E+002
 1.3021159E+000,-1.5404182E-001, 6.6613381E-017, 1.0000000E+000, 3.8113269E+002
 1.3043342E+000,-1.4904180E-001, 2.7755576E-017, 1.0000000E+000, 3.8183419E+002
 1.3061828E+000,-1.4278807E-001, 4.0245585E-017, 1.0000000E+000, 3.8247214E+002
 1.3080314E+000,-1.3643293E-001, 7.7715612E-017, 1.0000000E+000, 3.8305291E+002
 1.3102498E+000,-1.2932953E-001, 2.5442611E-017, 1.0000000E+000, 3.8368813E+002
 1.3120984E+000,-1.2270902E-001, 8.3266727E-017, 1.0000000E+000, 3.8432410E+002
 1.3143167E+000,-1.1717682E-001, 8.3266727E-017, 1.0000000E+000, 3.8496503E+002
 1.3161653E+000,-1.1306955E-001, 4.5796700E-017, 1.0000000E+000, 3.8572528E+002
 1.3180139E+000,-1.1083469E-001, 1.6653345E-017, 1.0000000E+000, 3.8643834E+002
 1.3201205E+000,-1.1001578E-001, 2.7264868E-017, 1.0000000E+000, 3.8708212E+002
 1.3221154E+000,-1.1092320E-001, 1.3877788E-017, 1.0000000E+000, 3.8780732E+002
 1.3241102E+000,-1.1354178E-001, 7.4014868E-017, 1.0000000E+000, 3.8882040E+002
 1.3261051E+000,-1.1767879E-001, 7.1701904E-017, 1.0000000E+000, 3.8952933E+002
 1.3280999E+000,-1.2327576E-001, 4.6259293E-017, 1.0000000E+000, 3.9022020E+002
 1.3300948E+000,-1.3032428E-001, 5.5511151E-017, 1.0000000E+000, 3.9091761E+002
 1.3320897E+000,-1.3886694E-001, 4.6259293E-017, 1.0000000E+000, 3.9160854E+002
 1.3340845E+000,-1.4895901E-001, 4.6259293E-017, 1.0000000E+000, 3.9229602E+002
 1.3360794E+000,-1.6059729E-001, 8.3266727E-017, 1.0000000E+000, 3.9298887E+002
 1.3380743E+000,-1.7365580E-001, 3.7007434E-017, 1.0000000E+000, 3.9368743E+002
 1.3400691E+000,-1.8783101E-001, 2.3129646E-017, 1.0000000E+000, 3.9437770E+002
 1.3420640E+000,-2.0257026E-001, 2.3129646E-017, 1.0000000E+000, 3.9506612E+002
 1.3440588E+000,-2.1703681E-001, 1.8503717E-017, 1.0000000E+000, 3.9575269E+002
 1.3460537E+000,-2.3020144E-001, 3.8163916E-017, 1.0000000E+000, 3.9644784E+002
 1.3480486E+000,-2.4103735E-001, 5.5511151E-017, 1.0000000E+000, 3.9715550E+002
 1.3500434E+000,-2.4869945E-001, 5.5511151E-017, 1.0000000E+000, 3.9807985E+002
 1.3520383E+000,-2.5260623E-001, 5.1463463E-017, 1.0000000E+000, 3.9877716E+002
 1.3540332E+000,-2.5243379E-001, 9.2518585E-017, 1.0000000E+000, 3.9946644E+002
 1.3560280E+000,-2.4808277E-001, 9.7144515E-017, 1.0000000E+000, 4.0017163E+002
 1.3580229E+000,-2.3967456E-001, 7.4014868E-017, 1.0000000E+000, 4.0086535E+002
 1.3600178E+000,-2.2759810E-001, 1.0177044E-016, 1.0000000E+000, 4.0170792E+002
 1.3620126E+000,-2.1257940E-001, 1.1102230E-016, 1.0000000E+000, 4.0240129E+002
 1.3640075E+000,-1.9569507E-001, 6.7075974E-017, 1.0000000E+000, 4.0309777E+002
 1.3660931E+000,-1.7741333E-001, 2.1807952E-017, 1.0000000E+000, 4.0388202E+002
 1.3681788E+000,-1.5994417E-001, 1.3877788E-017, 1.0000000E+000, 4.0468130E+002
 1.3702644E+000,-1.4412352E-001, 1.1895247E-017, 1.0000000E+000, 4.0559605E+002
 1.3720521E+000,-1.3125980E-001, 3.2381505E-017, 1.0000000E+000, 4.0635160E+002
 1.3741377E+000,-1.2033354E-001, 1.9825411E-017, 1.0000000E+000, 4.0709656E+002
 1.3762234E+000,-1.1066913E-001, 1.5860329E-017, 1.0000000E+000, 4.0789561E+002
 1.3780111E+000,-1.0363457E-001, 1.8503717E-017, 1.0000000E+000, 4.0863975E+002
 1.3800967E+000,-9.8529116E-002, 2.3790493E-017, 1.0000000E+000, 4.0952103E+002
 1.3821823E+000,-9.5161771E-002, 2.7755576E-017, 1.0000000E+000, 4.1032546E+002
 1.3842680E+000,-9.4203832E-002, 2.9738117E-017, 1.0000000E+000, 4.1112397E+002
 1.3860557E+000,-9.5668044E-002, 4.3946328E-017, 1.0000000E+000, 4.1186664E+002
 1.3881413E+000,-9.9699793E-002, 9.5161974E-017, 1.0000000E+000, 4.1261779E+002
 1.3902269E+000,-1.0693853E-001, 4.3615905E-017, 1.0000000E+000, 4.1406875E+002
 1.3920146E+000,-1.1632057E-001, 4.6837534E-017, 1.0000000E+000, 4.1483066E+002
 1.3941003E+000,-1.2809523E-001, 7.9301645E-018, 1.0000000E+000, 4.1557283E+002
 1.3961859E+000,-1.4270132E-001, 2.3790493E-017, 1.0000000E+000, 4.1700946E+002
 1.3982715E+000,-1.5823811E-001, 3.5685740E-017, 1.0000000E+000, 4.1781377E+002
 1.4000592E+000,-1.7226447E-001, 1.8503717E-017, 1.0000000E+000, 4.1857547E+002
 1.4021449E+000,-1.8459754E-001, 5.5511151E-017, 1.0000000E+000, 4.1935927E+002
 1.4042305E+000,-1.9483627E-001, 5.1546069E-017, 1.0000000E+000, 4.2019502E+002
 1.4060182E+000,-2.0070616E-001, 3.3537987E-017, 1.0000000E+000, 4.2093210E+002
 1.4081038E+000,-2.0239075E-001, 1.1895247E-017, 1.0000000E+000, 4.2171659E+002
 1.4100689E+000,-1.9950536E-001, 6.4046130E-017, 1.0000000E+000, 4.2256914E+002
 1.4122113E+000,-1.9141642E-001, 4.6837534E-017, 1.0000000E+000, 4.2349468E+002
 1.4140859E+000,-1.7878403E-001, 6.7406398E-017, 1.0000000E+000, 4.2434420E+002
 1.4162284E+000,-1.6153065E-001, 4.5102810E-017, 1.0000000E+000, 4.2524197E+002
 1.4181030E+000,-1.4028709E-001, 5.1546069E-017, 1.0000000E+000, 4.2614095E+002
 1.4202454E+000,-1.1556104E-001, 5.2041704E-017, 1.0000000E+000, 4.2703844E+002
 1.4221201E+000,-8.8458071E-002, 6.4432586E-017, 1.0000000E+000, 4.2788872E+002
 1.4242625E+000,-6.0235104E-002, 0.0000000E+000, 1.0000000E+000, 4.2879167E+002
 1.4261371E+000,-3.2464244E-002, 2.3790493E-017, 1.0000000E+000, 4.2969538E+002
 1.4280117E+000,-8.2118965E-003, 3.9650822E-017, 1.0000000E+000, 4.3052903E+002
 1.4301542E+000, 1.5161896E-002, 2.7755576E-017, 1.0000000E+000, 4.3141496E+002
 1.4320288E+000, 3.5788441E-002, 2.3790493E-017, 1.0000000E+000, 4.3226989E+002
 1.4341712E+000, 5.3871600E-002, 5.5511151E-017, 1.0000000E+000, 4.3315590E+002
 1.4360458E+000, 6.9919026E-002, 3.9650822E-017, 1.0000000E+000, 4.3404264E+002
 1.4381883E+000, 8.3968854E-002, 5.8980598E-017, 1.0000000E+000, 4.3493682E+002
 1.4400629E+000, 9.5645547E-002, 2.7755576E-017, 1.0000000E+000, 4.3578625E+002
 1.4422053E+000, 1.0467395E-001, 4.5102810E-017, 1.0000000E+000, 4.3698946E+002
 1.4440799E+000, 1.0984691E-001, 5.1546069E-017, 1.0000000E+000, 4.3792430E+002
 1.4462224E+000, 1.1054298E-001, 3.4694470E-017, 1.0000000E+000, 4.3880557E+002
 1.4480970E+000, 1.0665215E-001, 6.7406398E-017, 1.0000000E+000, 4.3965460E+002
 1.4502394E+000, 9.8128889E-002, 6.2450045E-017, 1.0000000E+000, 4.4096455E+002
 1.4521141E+000, 8.5466164E-002, 5.9476233E-017, 1.0000000E+000, 4.4191159E+002
 1.4542565E+000, 6.8774609E-002, 4.2500725E-017, 1.0000000E+000, 4.4312381E+002
 1.4561311E+000, 4.8275136E-002, 5.5635060E-017, 1.0000000E+000, 4.4397742E+002
 1.4580057E+000, 2.5705927E-002, 8.3266727E-017, 1.0000000E+000, 4.4482225E+002
 1.4601482E+000,-1.4905899E-003, 3.6429193E-017, 1.0000000E+000, 4.4570950E+002
 1.4620228E+000,-3.0459759E-002, 4.8572257E-017, 1.0000000E+000, 4.4660251E+002
 1.4641652E+000,-5.9688622E-002, 3.2959746E-017, 1.0000000E+000, 4.4745049E+002
 1.4660398E+000,-8.7701243E-002, 4.3615905E-017, 1.0000000E+000, 4.4868301E+002
 1.4681823E+000,-1.1301577E-001, 7.6761514E-017, 1.0000000E+000, 4.4959182E+002
 1.4700569E+000,-1.3451027E-001, 3.3703199E-017, 1.0000000E+000, 4.5048741E+002
 1.4721993E+000,-1.5098402E-001, 9.7144515E-017, 1.0000000E+000, 4.5138075E+002
 1.4740739E+000,-1.6202863E-001, 5.7493692E-017, 1.0000000E+000, 4.5223257E+002
 1.4762164E+000,-1.6713761E-001, 4.8572257E-017, 1.0000000E+000, 4.5312935E+002
 1.4780910E+000,-1.6665497E-001, 3.1720658E-017, 1.0000000E+000, 4.5402539E+002
 1.4802334E+000,-1.6075866E-001, 4.6837534E-017, 1.0000000E+000, 4.5493227E+002
 1.4821081E+000,-1.5043109E-001, 4.7580987E-017, 1.0000000E+000, 4.5579010E+002
 1.4842505E+000,-1.3658303E-001, 5.5511151E-017, 1.0000000E+000, 4.5686454E+002
 1.4861251E+000,-1.2060258E-001, 6.3441316E-017, 1.0000000E+000, 4.5781103E+002
 1.4882675E+000,-1.0371569E-001, 4.8572257E-017, 1.0000000E+000, 4.5871389E+002
 1.4901422E+000,-8.7205446E-002, 7.9301645E-017, 1.0000000E+000, 4.5956730E+002
 1.4920168E+000,-7.3113840E-002, 5.5511151E-017, 1.0000000E+000, 4.6066164E+002
 1.4941592E+000,-6.0036258E-002, 6.2450045E-017, 1.0000000E+000, 4.6187935E+002
 1.4960338E+000,-4.9054463E-002, 5.5511151E-017, 1.0000000E+000, 4.6277120E+002
 1.4981763E+000,-4.0041660E-002, 5.5511151E-017, 1.0000000E+000, 4.6362252E+002
 1.5000509E+000,-3.2675683E-002, 4.7580987E-017, 1.0000000E+000, 4.6480418E+002
 1.5021933E+000,-2.6927041E-002, 5.5511151E-017, 1.0000000E+000, 4.6612938E+002
 1.5040679E+000,-2.2819471E-002, 5.5511151E-017, 1.0000000E+000, 4.6705392E+002
 1.5062104E+000,-2.0708098E-002, 8.6736174E-017, 1.0000000E+000, 4.6790608E+002
 1.5080850E+000,-2.0868856E-002, 7.1371480E-017, 1.0000000E+000, 4.6879297E+002
 1.5102274E+000,-2.3808494E-002, 8.3700408E-017, 1.0000000E+000, 4.6967716E+002
 1.5121020E+000,-2.9750932E-002, 4.1633363E-017, 1.0000000E+000, 4.7056914E+002
 1.5142445E+000,-3.9098761E-002, 9.1940344E-017, 1.0000000E+000, 4.7145485E+002
 1.5161191E+000,-5.1860780E-002, 1.1102230E-016, 1.0000000E+000, 4.7250097E+002
 1.5182615E+000,-6.8168071E-002, 1.2490009E-016, 1.0000000E+000, 4.7344965E+002
 1.5201094E+000,-8.7362458E-002, 1.0297719E-016, 1.0000000E+000, 4.7434001E+002
 1.5220375E+000,-1.0780382E-001, 1.0408341E-016, 1.0000000E+000, 4.7526725E+002
 1.5242067E+000,-1.3001657E-001, 9.2518585E-017, 1.0000000E+000, 4.7671419E+002
 1.5261348E+000,-1.5129813E-001, 8.3266727E-017, 1.0000000E+000, 4.7816129E+002
 1.5280630E+000,-1.6901982E-001, 9.7144515E-017, 1.0000000E+000, 4.7911828E+002
 1.5302322E+000,-1.8387726E-001, 9.2518585E-017, 1.0000000E+000, 4.8011564E+002
 1.5321603E+000,-1.9354816E-001, 7.6327833E-017, 1.0000000E+000, 4.8158354E+002
 1.5340885E+000,-1.9710634E-001, 7.6327833E-017, 1.0000000E+000, 4.8253234E+002
 1.5360166E+000,-1.9528196E-001, 5.5511151E-017, 1.0000000E+000, 4.8347028E+002
 1.5381858E+000,-1.8793572E-001, 5.2427198E-017, 1.0000000E+000, 4.8837506E+002
 1.5401139E+000,-1.7623546E-001, 4.1633363E-017, 1.0000000E+000, 4.9492266E+002
 1.5420421E+000,-1.6250708E-001, 5.5511151E-017, 1.0000000E+000, 4.9778381E+002
 1.5441389E+000,-1.4739744E-001, 4.1473849E-017, 1.0000000E+000, 4.9897129E+002
 1.5462599E+000,-1.3176836E-001, 5.5511151E-017, 1.0000000E+000, 5.0027403E+002
 1.5481157E+000,-1.1873747E-001, 5.5511151E-017, 1.0000000E+000, 5.0136274E+002
 1.5502367E+000,-1.0810694E-001, 4.8572257E-017, 1.0000000E+000, 5.0247052E+002
 1.5520926E+000,-9.9913199E-002, 5.5511151E-017, 1.0000000E+000, 5.0359469E+002
 1.5542135E+000,-9.4138229E-002, 5.5511151E-017, 1.0000000E+000, 5.0499220E+002
 1.5560694E+000,-9.0370858E-002, 8.7231809E-017, 1.0000000E+000, 5.0646953E+002
 1.5581903E+000,-8.8265341E-002, 8.3266727E-017, 1.0000000E+000, 5.0755198E+002
 1.5600462E+000,-8.7422906E-002, 6.7406398E-017, 1.0000000E+000, 5.0909085E+002
 1.5621671E+000,-8.7833350E-002, 5.2041704E-017, 1.0000000E+000, 5.1020050E+002
 1.5640230E+000,-8.9564752E-002, 5.5511151E-017, 1.0000000E+000, 5.1133472E+002
 1.5661440E+000,-9.2740975E-002, 7.6327833E-017, 1.0000000E+000, 5.1241149E+002
 1.5682649E+000,-9.7405336E-002, 6.9388939E-017, 1.0000000E+000, 5.1358669E+002
 1.5701208E+000,-1.0236213E-001, 5.5511151E-017, 1.0000000E+000, 5.1469180E+002
 1.5722417E+000,-1.0691156E-001, 5.5511151E-017, 1.0000000E+000, 5.1594883E+002
 1.5740976E+000,-1.0986794E-001, 6.3441316E-017, 1.0000000E+000, 5.1702858E+002
 1.5762185E+000,-1.0979883E-001, 9.0205621E-017, 1.0000000E+000, 5.1814171E+002
 1.5780744E+000,-1.0585015E-001, 9.5161974E-017, 1.0000000E+000, 5.1926121E+002
 1.5801953E+000,-9.7657515E-002, 1.0408341E-016, 1.0000000E+000, 5.2037654E+002
 1.5820512E+000,-8.6089926E-002, 9.5161974E-017, 1.0000000E+000, 5.2153407E+002
 1.5841722E+000,-7.2095620E-002, 9.7144515E-017, 1.0000000E+000, 5.2264594E+002
 1.5860280E+000,-5.6694266E-002, 9.5161974E-017, 1.0000000E+000, 5.2419316E+002
 1.5881490E+000,-4.0659549E-002, 1.0408341E-016, 1.0000000E+000, 5.2546432E+002
 1.5900048E+000,-2.4972249E-002, 8.7231809E-017, 1.0000000E+000, 5.2653935E+002
 1.5921258E+000,-1.0874142E-002, 5.5511151E-017, 1.0000000E+000, 5.2790154E+002
 1.5942467E+000, 1.0857518E-003, 5.5511151E-017, 1.0000000E+000, 5.3213171E+002
 1.5961026E+000, 8.3871937E-003, 5.5511151E-017, 1.0000000E+000, 5.3825931E+002
 1.5982235E+000, 1.1156330E-002, 4.8572257E-017, 1.0000000E+000, 5.4349992E+002
 1.6000794E+000, 9.4969589E-003, 5.5511151E-017, 1.0000000E+000, 5.4640174E+002
 1.6022004E+000, 3.5252367E-003, 6.2450045E-017, 1.0000000E+000, 5.4969534E+002
 1.6040562E+000,-6.0569231E-003, 5.5511151E-017, 1.0000000E+000, 5.5298145E+002
 1.6061772E+000,-1.8810618E-002, 9.0205621E-017, 1.0000000E+000, 5.5600096E+002
 1.6080330E+000,-3.4062756E-002, 7.1371480E-017, 1.0000000E+000, 5.5945100E+002
 1.6101540E+000,-5.1479013E-002, 7.6327833E-017, 1.0000000E+000, 5.6242213E+002
 1.6120098E+000,-7.0650743E-002, 7.1371480E-017, 1.0000000E+000, 5.6556234E+002
 1.6141308E+000,-9.1405436E-002, 8.3266727E-017, 1.0000000E+000, 5.7085151E+002
 1.6162517E+000,-1.1493110E-001, 9.0205621E-017, 1.0000000E+000, 5.7736862E+002
 1.6181076E+000,-1.3784812E-001, 9.5161974E-017, 1.0000000E+000, 5.8326884E+002
 1.6202286E+000,-1.6084056E-001, 9.0205621E-017, 1.0000000E+000, 5.8889049E+002
 1.6220844E+000,-1.8279118E-001, 9.5161974E-017, 1.0000000E+000, 5.9123468E+002
 1.6242054E+000,-2.0213301E-001, 6.9388939E-017, 1.0000000E+000, 5.9209242E+002
 1.6262191E+000,-2.1794409E-001, 6.2080608E-017, 1.0000000E+000, 5.9304799E+002
 1.6281256E+000,-2.2710742E-001, 9.7144515E-017, 1.0000000E+000, 5.9402954E+002
 1.6300322E+000,-2.2940394E-001, 9.7144515E-017, 1.0000000E+000, 5.9497675E+002
 1.6321770E+000,-2.2435513E-001, 6.7846963E-017, 1.0000000E+000, 5.9594181E+002
 1.6340836E+000,-2.1209880E-001, 7.6327833E-017, 1.0000000E+000, 5.9694879E+002
 1.6362284E+000,-1.9345003E-001, 5.5511151E-017, 1.0000000E+000, 5.9795924E+002
 1.6381350E+000,-1.7031603E-001, 5.5511151E-017, 1.0000000E+000, 5.9895355E+002
 1.6400415E+000,-1.4609830E-001, 8.3266727E-017, 1.0000000E+000, 5.9988995E+002
 1.6421863E+000,-1.1963024E-001, 9.2518585E-017, 1.0000000E+000, 6.0085360E+002
 1.6440929E+000,-9.3914764E-002, 9.0205621E-017, 1.0000000E+000, 6.0185180E+002
 1.6462377E+000,-7.0179878E-002, 7.4014868E-017, 1.0000000E+000, 6.0284861E+002
 1.6481443E+000,-4.9171761E-002, 5.5511151E-017, 1.0000000E+000, 6.0384181E+002
 1.6500508E+000,-3.2514394E-002, 5.5511151E-017, 1.0000000E+000, 6.0475094E+002
 1.6521956E+000,-1.8669809E-002, 4.9343246E-017, 1.0000000E+000, 6.0574260E+002
 1.6541022E+000,-9.2671510E-003, 5.5511151E-017, 1.0000000E+000, 6.0673351E+002
 1.6561755E+000,-5.0950629E-003, 5.5511151E-017, 1.0000000E+000, 6.0767248E+002
 1.6580106E+000,-6.1760288E-003, 5.5511151E-017, 1.0000000E+000, 6.0851903E+002
 1.6601078E+000,-1.2802718E-002, 1.0408341E-016, 1.0000000E+000, 6.0942593E+002
 1.6622050E+000,-2.5470412E-002, 6.9388939E-017, 1.0000000E+000, 6.1038376E+002
 1.6640400E+000,-4.1854441E-002, 6.3441316E-017, 1.0000000E+000, 6.1127167E+002
 1.6661372E+000,-6.1566184E-002, 5.5511151E-017, 1.0000000E+000, 6.1212486E+002
 1.6682344E+000,-8.4517037E-002, 5.5511151E-017, 1.0000000E+000, 6.1307761E+002
 1.6700694E+000,-1.0615942E-001, 5.5511151E-017, 1.0000000E+000, 6.1429708E+002
 1.6721666E+000,-1.2613732E-001, 8.3266727E-017, 1.0000000E+000, 6.1546517E+002
 1.6740016E+000,-1.4298240E-001, 1.0309214E-016, 1.0000000E+000, 6.1632198E+002
 1.6760988E+000,-1.5527830E-001, 1.0408341E-016, 1.0000000E+000, 6.1721098E+002
 1.6781960E+000,-1.6275553E-001, 6.2450045E-017, 1.0000000E+000, 6.1815433E+002
 1.6800311E+000,-1.6447363E-001, 7.9301645E-017, 1.0000000E+000, 6.1904225E+002
 1.6821282E+000,-1.6160710E-001, 1.1102230E-016, 1.0000000E+000, 6.1993176E+002
 1.6842254E+000,-1.5496872E-001, 6.2450045E-017, 1.0000000E+000, 6.2083848E+002
 1.6860605E+000,-1.4677384E-001, 5.5511151E-017, 1.0000000E+000, 6.2497622E+002
 1.6881577E+000,-1.3795742E-001, 5.5511151E-017, 1.0000000E+000, 6.3093787E+002
 1.6902548E+000,-1.2902503E-001, 6.9388939E-017, 1.0000000E+000, 6.3734580E+002
 1.6920899E+000,-1.2177449E-001, 7.9301645E-017, 1.0000000E+000, 6.4341623E+002
 1.6941871E+000,-1.1603362E-001, 9.0205621E-017, 1.0000000E+000, 6.4961724E+002
 1.6960221E+000,-1.1191251E-001, 7.9301645E-017, 1.0000000E+000, 6.5545722E+002
 1.6981193E+000,-1.0959853E-001, 5.5511151E-017, 1.0000000E+000, 6.6156366E+002
 1.7002165E+000,-1.0917476E-001, 5.5511151E-017, 1.0000000E+000, 6.6596302E+002
 1.7020515E+000,-1.1080426E-001, 6.3441316E-017, 1.0000000E+000, 6.6696615E+002
 1.7041487E+000,-1.1457220E-001, 5.5511151E-017, 1.0000000E+000, 6.6969849E+002
 1.7062459E+000,-1.2099134E-001, 6.2450045E-017, 1.0000000E+000, 6.7125218E+002
 1.7080809E+000,-1.2940167E-001, 9.5161974E-017, 1.0000000E+000, 6.7232725E+002
 1.7101781E+000,-1.4043956E-001, 9.0205621E-017, 1.0000000E+000, 6.7343864E+002
 1.7120132E+000,-1.5426918E-001, 1.1102230E-016, 1.0000000E+000, 6.7455126E+002
 1.7141104E+000,-1.7122616E-001, 9.0205621E-017, 1.0000000E+000, 6.7566473E+002
 1.7162076E+000,-1.9260504E-001, 1.1102230E-016, 1.0000000E+000, 6.7681533E+002
 1.7180426E+000,-2.1533086E-001, 7.9301645E-017, 1.0000000E+000, 6.7833783E+002
 1.7201398E+000,-2.3970669E-001, 8.3266727E-017, 1.0000000E+000, 6.7946341E+002
 1.7222370E+000,-2.6531039E-001, 7.6327833E-017, 1.0000000E+000, 6.8068549E+002
 1.7240720E+000,-2.8604368E-001, 6.3441316E-017, 1.0000000E+000, 6.8216169E+002
 1.7261692E+000,-3.0011655E-001, 9.7144515E-017, 1.0000000E+000, 6.8323549E+002
 1.7280042E+000,-3.0516326E-001, 7.9301645E-017, 1.0000000E+000, 6.8435935E+002
 1.7301536E+000,-2.9892063E-001, 1.1102230E-016, 1.0000000E+000, 6.8559855E+002
 1.7320409E+000,-2.8236181E-001, 6.9388939E-017, 1.0000000E+000, 6.8712727E+002
 1.7341641E+000,-2.5792991E-001, 6.7846963E-017, 1.0000000E+000, 6.8834644E+002
 1.7360513E+000,-2.2915072E-001, 6.2450045E-017, 1.0000000E+000, 6.8961511E+002
 1.7381745E+000,-2.0004675E-001, 8.0182774E-017, 1.0000000E+000, 6.9087519E+002
 1.7400618E+000,-1.7339230E-001, 9.7144515E-017, 1.0000000E+000, 6.9214856E+002
 1.7421850E+000,-1.5084254E-001, 5.5511151E-017, 1.0000000E+000, 6.9336634E+002
 1.7440722E+000,-1.3262129E-001, 6.2450045E-017, 1.0000000E+000, 6.9463519E+002
 1.7461954E+000,-1.1863215E-001, 6.1679057E-017, 1.0000000E+000, 6.9589692E+002
 1.7480827E+000,-1.0817025E-001, 5.5511151E-017, 1.0000000E+000, 6.9716757E+002
 1.7502058E+000,-1.0065385E-001, 6.1679057E-017, 1.0000000E+000, 6.9862891E+002
 1.7520931E+000,-9.5240772E-002, 5.5511151E-017, 1.0000000E+000, 6.9988588E+002
 1.7542163E+000,-9.1373370E-002, 5.5511151E-017, 1.0000000E+000, 7.0113671E+002
 1.7561035E+000,-8.8541694E-002, 5.5511151E-017, 1.0000000E+000, 7.0238781E+002
 1.7580144E+000,-8.6519964E-002, 5.5511151E-017, 1.0000000E+000, 7.0353883E+002
 1.7600904E+000,-8.4732821E-002, 5.5511151E-017, 1.0000000E+000, 7.0471162E+002
 1.7621664E+000,-8.3271175E-002, 9.7144515E-017, 1.0000000E+000, 7.0630090E+002
 1.7642423E+000,-8.1962901E-002, 5.5511151E-017, 1.0000000E+000, 7.0748020E+002
 1.7660588E+000,-8.0756392E-002, 6.3441316E-017, 1.0000000E+000, 7.0858977E+002
 1.7681348E+000,-7.9414187E-002, 6.9388939E-017, 1.0000000E+000, 7.0966792E+002
 1.7702108E+000,-7.7608180E-002, 7.6327833E-017, 1.0000000E+000, 7.1085346E+002
 1.7720273E+000,-7.5290475E-002, 1.0309214E-016, 1.0000000E+000, 7.1196384E+002
 1.7741033E+000,-7.2049378E-002, 7.6327833E-017, 1.0000000E+000, 7.1307784E+002
 1.7761793E+000,-6.7409844E-002, 7.6327833E-017, 1.0000000E+000, 7.1422537E+002
 1.7782553E+000,-6.1605537E-002, 6.9388939E-017, 1.0000000E+000, 7.1542156E+002
 1.7800718E+000,-5.5505087E-002, 6.3441316E-017, 1.0000000E+000, 7.1882803E+002
 1.7821478E+000,-4.9466870E-002, 8.3266727E-017, 1.0000000E+000, 7.2464214E+002
 1.7842238E+000,-4.4036705E-002, 8.3266727E-017, 1.0000000E+000, 7.3091959E+002
 1.7861958E+000,-4.0414949E-002, 7.0120233E-017, 1.0000000E+000, 7.3724966E+002
 1.7880640E+000,-3.9087833E-002, 6.2450045E-017, 1.0000000E+000, 7.4402116E+002
 1.7901656E+000,-4.0179812E-002, 9.8686491E-017, 1.0000000E+000, 7.5079095E+002
 1.7920338E+000,-4.3337674E-002, 1.1102230E-016, 1.0000000E+000, 7.5761913E+002
 1.7941355E+000,-4.8333268E-002, 6.7846963E-017, 1.0000000E+000, 7.6422403E+002
 1.7960036E+000,-5.4816642E-002, 5.5511151E-017, 1.0000000E+000, 7.7094240E+002
 1.7981053E+000,-6.2671013E-002, 5.5511151E-017, 1.0000000E+000, 7.7770533E+002
 1.8002070E+000,-7.2404057E-002, 5.5511151E-017, 1.0000000E+000, 7.8495130E+002
 1.8020751E+000,-8.3043963E-002, 5.5511151E-017, 1.0000000E+000, 7.9167372E+002
 1.8041768E+000,-9.5394939E-002, 6.7846963E-017, 1.0000000E+000, 7.9832494E+002
 1.8060449E+000,-1.0977967E-001, 5.5511151E-017, 1.0000000E+000, 8.0506265E+002
 1.8080299E+000,-1.2621452E-001, 6.9878743E-017, 1.0000000E+000, 8.1146409E+002
 1.8100848E+000,-1.4656374E-001, 7.6327833E-017, 1.0000000E+000, 8.1784773E+002
 1.8121398E+000,-1.7106730E-001, 7.6327833E-017, 1.0000000E+000, 8.2415769E+002
 1.8141948E+000,-1.9965785E-001, 1.1796120E-016, 1.0000000E+000, 8.3040883E+002
 1.8162497E+000,-2.3211059E-001, 9.7144515E-017, 1.0000000E+000, 8.3696966E+002
 1.8180478E+000,-2.6526876E-001, 7.1371480E-017, 1.0000000E+000, 8.4044837E+002
 1.8201028E+000,-2.9949527E-001, 7.6327833E-017, 1.0000000E+000, 8.4161282E+002
 1.8221578E+000,-3.3390643E-001, 5.5511151E-017, 1.0000000E+000, 8.4294398E+002
 1.8242127E+000,-3.6150243E-001, 6.9388939E-017, 1.0000000E+000, 8.4388706E+002
 1.8260108E+000,-3.7768445E-001, 6.3441316E-017, 1.0000000E+000, 8.4473940E+002
 1.8280658E+000,-3.8522085E-001, 9.0205621E-017, 1.0000000E+000, 8.4561630E+002
 1.8301208E+000,-3.7509278E-001, 6.9388939E-017, 1.0000000E+000, 8.4655000E+002
 1.8321757E+000,-3.4811374E-001, 1.0408341E-016, 1.0000000E+000, 8.4748225E+002
 1.8342307E+000,-3.0904626E-001, 7.6327833E-017, 1.0000000E+000, 8.4838989E+002
 1.8360288E+000,-2.6771056E-001, 6.3441316E-017, 1.0000000E+000, 8.4927642E+002
 1.8380838E+000,-2.2557187E-001, 8.3266727E-017, 1.0000000E+000, 8.5015678E+002
 1.8401387E+000,-1.8359855E-001, 8.3266727E-017, 1.0000000E+000, 8.5109322E+002
 1.8421937E+000,-1.4705546E-001, 5.5511151E-017, 1.0000000E+000, 8.5200359E+002
 1.8442487E+000,-1.1606056E-001, 6.2450045E-017, 1.0000000E+000, 8.5295063E+002
 1.8460468E+000,-9.1594647E-002, 6.3441316E-017, 1.0000000E+000, 8.5383575E+002
 1.8481017E+000,-7.0523868E-002, 5.5511151E-017, 1.0000000E+000, 8.5472063E+002
 1.8501567E+000,-5.1041738E-002, 5.5511151E-017, 1.0000000E+000, 8.5566081E+002
 1.8522117E+000,-3.3293065E-002, 6.2450045E-017, 1.0000000E+000, 8.5657171E+002
 1.8540098E+000,-1.7376278E-002, 5.5511151E-017, 1.0000000E+000, 8.5787217E+002
 1.8560647E+000,-1.5435319E-003, 5.5511151E-017, 1.0000000E+000, 8.5876418E+002
 1.8581197E+000, 1.5441512E-002, 5.5511151E-017, 1.0000000E+000, 8.5975097E+002
 1.8601747E+000, 3.2166217E-002, 5.5511151E-017, 1.0000000E+000, 8.6068832E+002
 1.8622296E+000, 4.7546940E-002, 7.6327833E-017, 1.0000000E+000, 8.6162478E+002
 1.8640277E+000, 5.9125266E-002, 8.7231809E-017, 1.0000000E+000, 8.6250746E+002
 1.8660827E+000, 6.4360480E-002, 5.5511151E-017, 1.0000000E+000, 8.6338220E+002
 1.8681377E+000, 5.7311972E-002, 9.7144515E-017, 1.0000000E+000, 8.6429008E+002
 1.8701926E+000, 4.4068266E-002, 9.7144515E-017, 1.0000000E+000, 8.6570760E+002
 1.8722476E+000, 2.5170276E-002, 9.0205621E-017, 1.0000000E+000, 8.6689078E+002
 1.8740457E+000, 2.5915383E-003, 7.9301645E-017, 1.0000000E+000, 8.7013734E+002
 1.8761007E+000,-2.1006123E-002, 9.7144515E-017, 1.0000000E+000, 8.7229681E+002
 1.8781556E+000,-4.4483794E-002, 6.2450045E-017, 1.0000000E+000, 8.7363112E+002
 1.8802106E+000,-6.3790131E-002, 6.2450045E-017, 1.0000000E+000, 8.7481516E+002
 1.8820087E+000,-7.7034678E-002, 7.1371480E-017, 1.0000000E+000, 8.7592240E+002
 1.8840637E+000,-8.5240463E-002, 6.9388939E-017, 1.0000000E+000, 8.7732171E+002
 1.8861186E+000,-8.9649164E-002, 8.3266727E-017, 1.0000000E+000, 8.7873612E+002
 1.8880443E+000,-9.0772062E-002, 1.0436301E-016, 1.0000000E+000, 8.7995956E+002
 1.8901233E+000,-9.0319324E-002, 1.1102230E-016, 1.0000000E+000, 8.8124445E+002
 1.8922024E+000,-8.9361821E-002, 8.0182774E-017, 1.0000000E+000, 8.8257306E+002
 1.8940504E+000,-8.8590605E-002, 5.5511151E-017, 1.0000000E+000, 8.8379259E+002
 1.8961295E+000,-8.8436992E-002, 5.5511151E-017, 1.0000000E+000, 8.8586718E+002
 1.8982085E+000,-8.9272924E-002, 6.1679057E-017, 1.0000000E+000, 8.8719202E+002
 1.9000566E+000,-9.1228373E-002, 6.2450045E-017, 1.0000000E+000, 8.9159339E+002
 1.9021356E+000,-9.4535574E-002, 5.5511151E-017, 1.0000000E+000, 8.9838027E+002
 1.9042147E+000,-9.9682421E-002, 5.2427198E-017, 1.0000000E+000, 9.0574872E+002
 1.9060627E+000,-1.0635197E-001, 4.8572257E-017, 1.0000000E+000, 9.1198897E+002
 1.9081418E+000,-1.1516515E-001, 6.7846963E-017, 1.0000000E+000, 9.1867087E+002
 1.9101747E+000,-1.2699705E-001, 6.9388939E-017, 1.0000000E+000, 9.2543712E+002
 1.9122075E+000,-1.4180528E-001, 9.0205621E-017, 1.0000000E+000, 9.3174807E+002
 1.9142404E+000,-1.6021728E-001, 1.0408341E-016, 1.0000000E+000, 9.3800187E+002
 1.9160191E+000,-1.8117281E-001, 8.7231809E-017, 1.0000000E+000, 9.4402431E+002
 1.9180520E+000,-2.0630477E-001, 6.9388939E-017, 1.0000000E+000, 9.5001806E+002
 1.9200848E+000,-2.4355365E-001, 5.5511151E-017, 1.0000000E+000, 9.5626857E+002
 1.9221177E+000,-2.9003550E-001, 6.2450045E-017, 1.0000000E+000, 9.6259607E+002
 1.9241505E+000,-3.3201206E-001, 6.2450045E-017, 1.0000000E+000, 9.6895292E+002
 1.9261834E+000,-3.6521177E-001, 6.9388939E-017, 1.0000000E+000, 9.7332486E+002
 1.9282162E+000,-3.8506010E-001, 7.9797280E-017, 1.0000000E+000, 9.7435931E+002
 1.9302491E+000,-3.8724187E-001, 6.9388939E-017, 1.0000000E+000, 9.7530812E+002
 1.9320279E+000,-3.7363929E-001, 9.5161974E-017, 1.0000000E+000, 9.7619580E+002
 1.9340607E+000,-3.4533266E-001, 8.3266727E-017, 1.0000000E+000, 9.7737982E+002
 1.9360936E+000,-3.0515316E-001, 7.6327833E-017, 1.0000000E+000, 9.7829510E+002
 1.9381264E+000,-2.6122834E-001, 9.7144515E-017, 1.0000000E+000, 9.7930794E+002
 1.9401593E+000,-2.1776970E-001, 8.3266727E-017, 1.0000000E+000, 9.8023892E+002
 1.9421921E+000,-1.7813692E-001, 6.2450045E-017, 1.0000000E+000, 9.8117091E+002
 1.9442250E+000,-1.4277529E-001, 5.5511151E-017, 1.0000000E+000, 9.8207720E+002
 1.9460037E+000,-1.1331644E-001, 5.5511151E-017, 1.0000000E+000, 9.8295675E+002
 1.9480366E+000,-8.6924769E-002, 5.5511151E-017, 1.0000000E+000, 9.8383302E+002
 1.9500694E+000,-6.1231372E-002, 5.5511151E-017, 1.0000000E+000, 9.8476643E+002
 1.9521023E+000,-3.7115084E-002, 5.5511151E-017, 1.0000000E+000, 9.8568191E+002
 1.9541351E+000,-1.3691154E-002, 5.5511151E-017, 1.0000000E+000, 9.8662252E+002
 1.9561680E+000, 9.4170507E-003, 5.5511151E-017, 1.0000000E+000, 9.8755542E+002
 1.9582009E+000, 3.1828546E-002, 5.5511151E-017, 1.0000000E+000, 9.8905911E+002
 1.9602337E+000, 5.2275008E-002, 6.9388939E-017, 1.0000000E+000, 9.8997681E+002
 1.9620125E+000, 6.7787900E-002, 6.3441316E-017, 1.0000000E+000, 9.9085352E+002
 1.9640453E+000, 7.0886635E-002, 1.0408341E-016, 1.0000000E+000, 9.9172855E+002
 1.9660782E+000, 6.4616052E-002, 8.3266727E-017, 1.0000000E+000, 9.9301122E+002
 1.9681110E+000, 5.1589524E-002, 1.1796120E-016, 1.0000000E+000, 9.9397859E+002
 1.9701439E+000, 3.0544681E-002, 7.6327833E-017, 1.0000000E+000, 9.9491901E+002
 1.9721767E+000, 3.2165636E-003, 8.3266727E-017, 1.0000000E+000, 9.9585224E+002
 1.9742096E+000,-2.6397946E-002, 8.3266727E-017, 1.0000000E+000, 9.9678282E+002
 1.9762424E+000,-5.4103888E-002, 6.2450045E-017, 1.0000000E+000, 9.9771602E+002
 1.9780212E+000,-7.5994944E-002, 7.9301645E-017, 1.0000000E+000, 9.9856843E+002
 1.9800540E+000,-9.2151654E-002, 5.5511151E-017, 1.0000000E+000, 9.9944821E+002
 1.9820869E+000,-1.0270616E-001, 6.9388939E-017, 1.0000000E+000, 1.0003879E+003
 1.9841198E+000,-1.0725791E-001, 5.8980598E-017, 1.0000000E+000, 1.0015104E+003
 1.9861526E+000,-1.0744011E-001, 8.3266727E-017, 1.0000000E+000, 1.0024272E+003
 1.9881855E+000,-1.0498417E-001, 9.7144515E-017, 1.0000000E+000, 1.0033623E+003
 1.9902183E+000,-1.0135192E-001, 9.7144515E-017, 1.0000000E+000, 1.0043064E+003
 1.9922512E+000,-9.7597295E-002, 8.3266727E-017, 1.0000000E+000, 1.0052376E+003
 1.9940299E+000,-9.4564674E-002, 5.5511151E-017, 1.0000000E+000, 1.0060870E+003
 1.9960628E+000,-9.2386991E-002, 5.5511151E-017, 1.0000000E+000, 1.0069663E+003
 1.9980956E+000,-9.1213138E-002, 5.5511151E-017, 1.0000000E+000, 1.0083612E+003
 2.0000000E+000,-9.1312554E-002, 5.5511151E-017, 1.0000000E+000, 1.0092796E+003
