s,m/s,m/s,Pa,m/s,,,,,m3/s,m3/s
Time,"u-vel","w-vel","pres","error","iter","scarc-iter","scarc-rate","scarc-res","flow_in","flow_out"
 0.0000000E+000, 0.0000000E+000, 0.0000000E+000, 0.0000000E+000, 0.0000000E+000, 0.0000000E+000, 0.0000000E+000, 0.0000000E+000, 0.0000000E+000, 0.0000000E+000, 0.0000000E+000
 2.0000000E-003, 9.3719664E-004, 1.1052253E-003, 5.6840285E-001, 3.4694470E-018, 1.0000000E+000, 0.0000000E+000, 0.0000000E+000, 0.0000000E+000, 2.4800000E-004, 0.0000000E+000
 4.0000000E-003, 1.8743982E-003, 2.2104807E-003, 5.6848822E-001, 1.7347235E-018, 1.0000000E+000, 0.0000000E+000, 0.0000000E+000, 0.0000000E+000, 4.9600000E-004, 0.0000000E+000
 6.0000000E-003, 2.8116132E-003, 3.3157656E-003, 5.6850057E-001, 1.7347235E-018, 1.0000000E+000, 0.0000000E+000, 0.0000000E+000, 0.0000000E+000, 7.4400000E-004, 0.0000000E+000
 8.0000000E-003, 3.7488404E-003, 4.4210789E-003, 5.6851347E-001, 3.4694470E-018, 1.0000000E+000, 0.0000000E+000, 0.0000000E+000, 0.0000000E+000, 9.9200000E-004, 0.0000000E+000
 1.0000000E-002, 4.6860788E-003, 5.5264196E-003, 5.6852694E-001, 3.4694470E-018, 1.0000000E+000, 0.0000000E+000, 0.0000000E+000, 0.0000000E+000, 1.2400000E-003, 0.0000000E+000
 1.2000000E-002, 5.6233270E-003, 6.6317866E-003, 5.6854098E-001, 3.4694470E-018, 1.0000000E+000, 0.0000000E+000, 0.0000000E+000, 0.0000000E+000, 1.4880000E-003, 0.0000000E+000
 1.4000000E-002, 6.5605839E-003, 7.7371789E-003, 5.6855558E-001, 3.4694470E-018, 1.0000000E+000, 0.0000000E+000, 0.0000000E+000, 0.0000000E+000, 1.7360000E-003, 0.0000000E+000
 1.6000000E-002, 7.4978483E-003, 8.8425953E-003, 5.6857074E-001, 6.9388939E-018, 1.0000000E+000, 0.0000000E+000, 0.0000000E+000, 0.0000000E+000, 1.9840000E-003, 0.0000000E+000
 1.8000000E-002, 8.4351190E-003, 9.9480349E-003, 5.6858648E-001, 3.4694470E-018, 1.0000000E+000, 0.0000000E+000, 0.0000000E+000, 0.0000000E+000, 2.2320000E-003, 0.0000000E+000
 2.0000000E-002, 9.3723948E-003, 1.1053497E-002, 5.6860278E-001, 3.4694470E-018, 1.0000000E+000, 0.0000000E+000, 0.0000000E+000, 0.0000000E+000, 2.4800000E-003, 0.0000000E+000
 2.2000000E-002, 1.0309675E-002, 1.2158979E-002, 5.6861965E-001, 6.9388939E-018, 1.0000000E+000, 0.0000000E+000, 0.0000000E+000, 0.0000000E+000, 2.7280000E-003, 0.0000000E+000
 2.4000000E-002, 1.1246957E-002, 1.3264482E-002, 5.6863708E-001, 6.9388939E-018, 1.0000000E+000, 0.0000000E+000, 0.0000000E+000, 0.0000000E+000, 2.9760000E-003, 0.0000000E+000
 2.6000000E-002, 1.2184242E-002, 1.4370004E-002, 5.6865509E-001, 6.9388939E-018, 1.0000000E+000, 0.0000000E+000, 0.0000000E+000, 0.0000000E+000, 3.2240000E-003, 0.0000000E+000
 2.8000000E-002, 1.3121526E-002, 1.5475544E-002, 5.6867367E-001, 6.9388939E-018, 1.0000000E+000, 0.0000000E+000, 0.0000000E+000, 0.0000000E+000, 3.4720000E-003, 0.0000000E+000
 3.0000000E-002, 1.4058811E-002, 1.6581101E-002, 5.6869282E-001, 6.9388939E-018, 1.0000000E+000, 0.0000000E+000, 0.0000000E+000, 0.0000000E+000, 3.7200000E-003, 0.0000000E+000
 3.2000000E-002, 1.4996094E-002, 1.7686674E-002, 5.6871255E-001, 6.9388939E-018, 1.0000000E+000, 0.0000000E+000, 0.0000000E+000, 0.0000000E+000, 3.9680000E-003, 0.0000000E+000
 3.4000000E-002, 1.5933374E-002, 1.8792263E-002, 5.6873285E-001, 1.3877788E-017, 1.0000000E+000, 0.0000000E+000, 0.0000000E+000, 0.0000000E+000, 4.2160000E-003, 0.0000000E+000
 3.6000000E-002, 1.6870650E-002, 1.9897865E-002, 5.6875372E-001, 6.9388939E-018, 1.0000000E+000, 0.0000000E+000, 0.0000000E+000, 0.0000000E+000, 4.4640000E-003, 0.0000000E+000
 3.8000000E-002, 1.7807922E-002, 2.1003481E-002, 5.6877518E-001, 6.9388939E-018, 1.0000000E+000, 0.0000000E+000, 0.0000000E+000, 0.0000000E+000, 4.7120000E-003, 0.0000000E+000
 4.0000000E-002, 1.8745188E-002, 2.2109109E-002, 5.6879721E-001, 1.3877788E-017, 1.0000000E+000, 0.0000000E+000, 0.0000000E+000, 0.0000000E+000, 4.9600000E-003, 0.0000000E+000
 4.2000000E-002, 1.9682448E-002, 2.3214749E-002, 5.6881982E-001, 6.9388939E-018, 1.0000000E+000, 0.0000000E+000, 0.0000000E+000, 0.0000000E+000, 5.2080000E-003, 0.0000000E+000
 4.4000000E-002, 2.0619700E-002, 2.4320400E-002, 5.6884302E-001, 1.3877788E-017, 1.0000000E+000, 0.0000000E+000, 0.0000000E+000, 0.0000000E+000, 5.4560000E-003, 0.0000000E+000
 4.6000000E-002, 2.1556944E-002, 2.5426060E-002, 5.6886680E-001, 1.3877788E-017, 1.0000000E+000, 0.0000000E+000, 0.0000000E+000, 0.0000000E+000, 5.7040000E-003, 0.0000000E+000
 4.8000000E-002, 2.2494178E-002, 2.6531730E-002, 5.6889117E-001, 1.3877788E-017, 1.0000000E+000, 0.0000000E+000, 0.0000000E+000, 0.0000000E+000, 5.9520000E-003, 0.0000000E+000
 5.0000000E-002, 2.3431403E-002, 2.7637408E-002, 5.6891612E-001, 1.3877788E-017, 1.0000000E+000, 0.0000000E+000, 0.0000000E+000, 0.0000000E+000, 6.2000000E-003, 0.0000000E+000
 5.2000000E-002, 2.4277922E-002, 2.8636137E-002, 5.1393289E-001, 1.3877788E-017, 1.0000000E+000, 0.0000000E+000, 0.0000000E+000, 0.0000000E+000, 6.4240000E-003, 0.0000000E+000
 5.4000000E-002, 2.5124431E-002, 2.9634873E-002, 5.1395768E-001, 1.3877788E-017, 1.0000000E+000, 0.0000000E+000, 0.0000000E+000, 0.0000000E+000, 6.6480000E-003, 0.0000000E+000
 5.6000000E-002, 2.5970929E-002, 3.0633615E-002, 5.1398198E-001, 1.3877788E-017, 1.0000000E+000, 0.0000000E+000, 0.0000000E+000, 0.0000000E+000, 6.8720000E-003, 0.0000000E+000
 5.8000000E-002, 2.6817416E-002, 3.1632363E-002, 5.1400677E-001, 1.3877788E-017, 1.0000000E+000, 0.0000000E+000, 0.0000000E+000, 0.0000000E+000, 7.0960000E-003, 0.0000000E+000
 6.0000000E-002, 2.7663891E-002, 3.2631115E-002, 5.1403205E-001, 1.3877788E-017, 1.0000000E+000, 0.0000000E+000, 0.0000000E+000, 0.0000000E+000, 7.3200000E-003, 0.0000000E+000
 6.2000000E-002, 2.8510355E-002, 3.3629872E-002, 5.1405783E-001, 1.3877788E-017, 1.0000000E+000, 0.0000000E+000, 0.0000000E+000, 0.0000000E+000, 7.5440000E-003, 0.0000000E+000
 6.4000000E-002, 2.9356805E-002, 3.4628633E-002, 5.1408410E-001, 1.3877788E-017, 1.0000000E+000, 0.0000000E+000, 0.0000000E+000, 0.0000000E+000, 7.7680000E-003, 0.0000000E+000
 6.6000000E-002, 3.0203242E-002, 3.5627397E-002, 5.1411087E-001, 1.3877788E-017, 1.0000000E+000, 0.0000000E+000, 0.0000000E+000, 0.0000000E+000, 7.9920000E-003, 0.0000000E+000
 6.8000000E-002, 3.1049666E-002, 3.6626165E-002, 5.1413815E-001, 1.3877788E-017, 1.0000000E+000, 0.0000000E+000, 0.0000000E+000, 0.0000000E+000, 8.2160000E-003, 0.0000000E+000
 7.0000000E-002, 3.1896076E-002, 3.7624936E-002, 5.1416592E-001, 1.3877788E-017, 1.0000000E+000, 0.0000000E+000, 0.0000000E+000, 0.0000000E+000, 8.4400000E-003, 0.0000000E+000
 7.2000000E-002, 3.2742472E-002, 3.8623710E-002, 5.1419420E-001, 2.7755576E-017, 1.0000000E+000, 0.0000000E+000, 0.0000000E+000, 0.0000000E+000, 8.6640000E-003, 0.0000000E+000
 7.4000000E-002, 3.3588854E-002, 3.9622486E-002, 5.1422299E-001, 1.3877788E-017, 1.0000000E+000, 0.0000000E+000, 0.0000000E+000, 0.0000000E+000, 8.8880000E-003, 0.0000000E+000
 7.6000000E-002, 3.4435221E-002, 4.0621264E-002, 5.1425228E-001, 1.3877788E-017, 1.0000000E+000, 0.0000000E+000, 0.0000000E+000, 0.0000000E+000, 9.1120000E-003, 0.0000000E+000
 7.8000000E-002, 3.5281574E-002, 4.1620045E-002, 5.1428209E-001, 1.3877788E-017, 1.0000000E+000, 0.0000000E+000, 0.0000000E+000, 0.0000000E+000, 9.3360000E-003, 0.0000000E+000
 8.0000000E-002, 3.6127912E-002, 4.2618827E-002, 5.1431242E-001, 1.3877788E-017, 1.0000000E+000, 0.0000000E+000, 0.0000000E+000, 0.0000000E+000, 9.5600000E-003, 0.0000000E+000
 8.2000000E-002, 3.6974235E-002, 4.3617611E-002, 5.1434326E-001, 2.7755576E-017, 1.0000000E+000, 0.0000000E+000, 0.0000000E+000, 0.0000000E+000, 9.7840000E-003, 0.0000000E+000
 8.4000000E-002, 3.7820542E-002, 4.4616396E-002, 5.1437462E-001, 1.3877788E-017, 1.0000000E+000, 0.0000000E+000, 0.0000000E+000, 0.0000000E+000, 1.0008000E-002, 0.0000000E+000
 8.6000000E-002, 3.8666835E-002, 4.5615183E-002, 5.1440651E-001, 2.7755576E-017, 1.0000000E+000, 0.0000000E+000, 0.0000000E+000, 0.0000000E+000, 1.0232000E-002, 0.0000000E+000
 8.8000000E-002, 3.9513113E-002, 4.6613971E-002, 5.1443892E-001, 2.7755576E-017, 1.0000000E+000, 0.0000000E+000, 0.0000000E+000, 0.0000000E+000, 1.0456000E-002, 0.0000000E+000
 9.0000000E-002, 4.0359376E-002, 4.7612761E-002, 5.1447186E-001, 2.7755576E-017, 1.0000000E+000, 0.0000000E+000, 0.0000000E+000, 0.0000000E+000, 1.0680000E-002, 0.0000000E+000
 9.2000000E-002, 4.1205624E-002, 4.8611553E-002, 5.1450534E-001, 2.7755576E-017, 1.0000000E+000, 0.0000000E+000, 0.0000000E+000, 0.0000000E+000, 1.0904000E-002, 0.0000000E+000
 9.4000000E-002, 4.2051858E-002, 4.9610347E-002, 5.1453935E-001, 2.7755576E-017, 1.0000000E+000, 0.0000000E+000, 0.0000000E+000, 0.0000000E+000, 1.1128000E-002, 0.0000000E+000
 9.6000000E-002, 4.2898077E-002, 5.0609142E-002, 5.1457390E-001, 2.7755576E-017, 1.0000000E+000, 0.0000000E+000, 0.0000000E+000, 0.0000000E+000, 1.1352000E-002, 0.0000000E+000
 9.8000000E-002, 4.3744283E-002, 5.1607940E-002, 5.1460899E-001, 2.7755576E-017, 1.0000000E+000, 0.0000000E+000, 0.0000000E+000, 0.0000000E+000, 1.1576000E-002, 0.0000000E+000
 1.0000000E-001, 4.4590474E-002, 5.2606740E-002, 5.1464463E-001, 2.7755576E-017, 1.0000000E+000, 0.0000000E+000, 0.0000000E+000, 0.0000000E+000, 1.1800000E-002, 0.0000000E+000
 1.0200000E-001, 4.5255265E-002, 5.3391632E-002, 4.0467390E-001, 2.7755576E-017, 1.0000000E+000, 0.0000000E+000, 0.0000000E+000, 0.0000000E+000, 1.1976000E-002, 0.0000000E+000
 1.0400000E-001, 4.5920051E-002, 5.4176531E-002, 4.0470526E-001, 2.7755576E-017, 1.0000000E+000, 0.0000000E+000, 0.0000000E+000, 0.0000000E+000, 1.2152000E-002, 0.0000000E+000
 1.0600000E-001, 4.6584831E-002, 5.4961435E-002, 4.0473503E-001, 2.7755576E-017, 1.0000000E+000, 0.0000000E+000, 0.0000000E+000, 0.0000000E+000, 1.2328000E-002, 0.0000000E+000
 1.0800000E-001, 4.7249605E-002, 5.5746347E-002, 4.0476516E-001, 2.7755576E-017, 1.0000000E+000, 0.0000000E+000, 0.0000000E+000, 0.0000000E+000, 1.2504000E-002, 0.0000000E+000
 1.1000000E-001, 4.7914375E-002, 5.6531266E-002, 4.0479566E-001, 2.7755576E-017, 1.0000000E+000, 0.0000000E+000, 0.0000000E+000, 0.0000000E+000, 1.2680000E-002, 0.0000000E+000
 1.1200000E-001, 4.8579141E-002, 5.7316193E-002, 4.0482652E-001, 2.7755576E-017, 1.0000000E+000, 0.0000000E+000, 0.0000000E+000, 0.0000000E+000, 1.2856000E-002, 0.0000000E+000
 1.1400000E-001, 4.9243903E-002, 5.8101128E-002, 4.0485774E-001, 2.7755576E-017, 1.0000000E+000, 0.0000000E+000, 0.0000000E+000, 0.0000000E+000, 1.3032000E-002, 0.0000000E+000
 1.1600000E-001, 4.9908662E-002, 5.8886072E-002, 4.0488934E-001, 2.7755576E-017, 1.0000000E+000, 0.0000000E+000, 0.0000000E+000, 0.0000000E+000, 1.3208000E-002, 0.0000000E+000
 1.1800000E-001, 5.0573419E-002, 5.9671026E-002, 4.0492131E-001, 2.7755576E-017, 1.0000000E+000, 0.0000000E+000, 0.0000000E+000, 0.0000000E+000, 1.3384000E-002, 0.0000000E+000
 1.2000000E-001, 5.1238175E-002, 6.0455991E-002, 4.0495366E-001, 2.7755576E-017, 1.0000000E+000, 0.0000000E+000, 0.0000000E+000, 0.0000000E+000, 1.3560000E-002, 0.0000000E+000
 1.2200000E-001, 5.1902930E-002, 6.1240967E-002, 4.0498638E-001, 2.7755576E-017, 1.0000000E+000, 0.0000000E+000, 0.0000000E+000, 0.0000000E+000, 1.3736000E-002, 0.0000000E+000
 1.2400000E-001, 5.2567684E-002, 6.2025955E-002, 4.0501948E-001, 2.7755576E-017, 1.0000000E+000, 0.0000000E+000, 0.0000000E+000, 0.0000000E+000, 1.3912000E-002, 0.0000000E+000
 1.2600000E-001, 5.3232440E-002, 6.2810955E-002, 4.0505297E-001, 2.7755576E-017, 1.0000000E+000, 0.0000000E+000, 0.0000000E+000, 0.0000000E+000, 1.4088000E-002, 0.0000000E+000
 1.2800000E-001, 5.3897197E-002, 6.3595969E-002, 4.0508684E-001, 2.7755576E-017, 1.0000000E+000, 0.0000000E+000, 0.0000000E+000, 0.0000000E+000, 1.4264000E-002, 0.0000000E+000
 1.3000000E-001, 5.4561956E-002, 6.4380998E-002, 4.0512110E-001, 2.7755576E-017, 1.0000000E+000, 0.0000000E+000, 0.0000000E+000, 0.0000000E+000, 1.4440000E-002, 0.0000000E+000
 1.3200000E-001, 5.5226718E-002, 6.5166042E-002, 4.0515574E-001, 2.7755576E-017, 1.0000000E+000, 0.0000000E+000, 0.0000000E+000, 0.0000000E+000, 1.4616000E-002, 0.0000000E+000
 1.3400000E-001, 5.5891484E-002, 6.5951102E-002, 4.0519079E-001, 2.7755576E-017, 1.0000000E+000, 0.0000000E+000, 0.0000000E+000, 0.0000000E+000, 1.4792000E-002, 0.0000000E+000
 1.3600000E-001, 5.6556256E-002, 6.6736180E-002, 4.0522622E-001, 2.7755576E-017, 1.0000000E+000, 0.0000000E+000, 0.0000000E+000, 0.0000000E+000, 1.4968000E-002, 0.0000000E+000
 1.3800000E-001, 5.7221033E-002, 6.7521276E-002, 4.0526206E-001, 2.7755576E-017, 1.0000000E+000, 0.0000000E+000, 0.0000000E+000, 0.0000000E+000, 1.5144000E-002, 0.0000000E+000
 1.4000000E-001, 5.7885817E-002, 6.8306392E-002, 4.0529829E-001, 2.7755576E-017, 1.0000000E+000, 0.0000000E+000, 0.0000000E+000, 0.0000000E+000, 1.5320000E-002, 0.0000000E+000
 1.4200000E-001, 5.8550609E-002, 6.9091528E-002, 4.0533493E-001, 2.7755576E-017, 1.0000000E+000, 0.0000000E+000, 0.0000000E+000, 0.0000000E+000, 1.5496000E-002, 0.0000000E+000
 1.4400000E-001, 5.9215410E-002, 6.9876686E-002, 4.0537197E-001, 2.7755576E-017, 1.0000000E+000, 0.0000000E+000, 0.0000000E+000, 0.0000000E+000, 1.5672000E-002, 0.0000000E+000
 1.4600000E-001, 5.9880221E-002, 7.0661867E-002, 4.0540943E-001, 2.7755576E-017, 1.0000000E+000, 0.0000000E+000, 0.0000000E+000, 0.0000000E+000, 1.5848000E-002, 0.0000000E+000
 1.4800000E-001, 6.0545042E-002, 7.1447072E-002, 4.0544730E-001, 2.7755576E-017, 1.0000000E+000, 0.0000000E+000, 0.0000000E+000, 0.0000000E+000, 1.6024000E-002, 0.0000000E+000
 1.5000000E-001, 6.1209876E-002, 7.2232303E-002, 4.0548558E-001, 2.7755576E-017, 1.0000000E+000, 0.0000000E+000, 0.0000000E+000, 0.0000000E+000, 1.6200000E-002, 0.0000000E+000
 1.5200000E-001, 6.1632876E-002, 7.2732347E-002, 2.5885947E-001, 2.7755576E-017, 1.0000000E+000, 0.0000000E+000, 0.0000000E+000, 0.0000000E+000, 1.6312000E-002, 0.0000000E+000
 1.5400000E-001, 6.2055901E-002, 7.3232425E-002, 2.5888835E-001, 2.7755576E-017, 1.0000000E+000, 0.0000000E+000, 0.0000000E+000, 0.0000000E+000, 1.6424000E-002, 0.0000000E+000
 1.5600000E-001, 6.2478953E-002, 7.3732537E-002, 2.5891483E-001, 2.7755576E-017, 1.0000000E+000, 0.0000000E+000, 0.0000000E+000, 0.0000000E+000, 1.6536000E-002, 0.0000000E+000
 1.5800000E-001, 6.2902031E-002, 7.4232685E-002, 2.5894152E-001, 2.7755576E-017, 1.0000000E+000, 0.0000000E+000, 0.0000000E+000, 0.0000000E+000, 1.6648000E-002, 0.0000000E+000
 1.6000000E-001, 6.3325137E-002, 7.4732870E-002, 2.5896841E-001, 2.7755576E-017, 1.0000000E+000, 0.0000000E+000, 0.0000000E+000, 0.0000000E+000, 1.6760000E-002, 0.0000000E+000
 1.6200000E-001, 6.3748271E-002, 7.5233092E-002, 2.5899551E-001, 2.7755576E-017, 1.0000000E+000, 0.0000000E+000, 0.0000000E+000, 0.0000000E+000, 1.6872000E-002, 0.0000000E+000
 1.6400000E-001, 6.4171435E-002, 7.5733352E-002, 2.5902283E-001, 2.7755576E-017, 1.0000000E+000, 0.0000000E+000, 0.0000000E+000, 0.0000000E+000, 1.6984000E-002, 0.0000000E+000
 1.6600000E-001, 6.4594628E-002, 7.6233653E-002, 2.5905035E-001, 2.7755576E-017, 1.0000000E+000, 0.0000000E+000, 0.0000000E+000, 0.0000000E+000, 1.7096000E-002, 0.0000000E+000
 1.6800000E-001, 6.5017852E-002, 7.6733995E-002, 2.5907808E-001, 2.7755576E-017, 1.0000000E+000, 0.0000000E+000, 0.0000000E+000, 0.0000000E+000, 1.7208000E-002, 0.0000000E+000
 1.7000000E-001, 6.5441108E-002, 7.7234378E-002, 2.5910603E-001, 2.7755576E-017, 1.0000000E+000, 0.0000000E+000, 0.0000000E+000, 0.0000000E+000, 1.7320000E-002, 0.0000000E+000
 1.7200000E-001, 6.5864397E-002, 7.7734805E-002, 2.5913419E-001, 2.7755576E-017, 1.0000000E+000, 0.0000000E+000, 0.0000000E+000, 0.0000000E+000, 1.7432000E-002, 0.0000000E+000
 1.7400000E-001, 6.6287718E-002, 7.8235276E-002, 2.5916257E-001, 2.7755576E-017, 1.0000000E+000, 0.0000000E+000, 0.0000000E+000, 0.0000000E+000, 1.7544000E-002, 0.0000000E+000
 1.7600000E-001, 6.6711074E-002, 7.8735793E-002, 2.5919116E-001, 2.7755576E-017, 1.0000000E+000, 0.0000000E+000, 0.0000000E+000, 0.0000000E+000, 1.7656000E-002, 0.0000000E+000
 1.7800000E-001, 6.7134465E-002, 7.9236357E-002, 2.5921997E-001, 2.7755576E-017, 1.0000000E+000, 0.0000000E+000, 0.0000000E+000, 0.0000000E+000, 1.7768000E-002, 0.0000000E+000
 1.8000000E-001, 6.7557891E-002, 7.9736969E-002, 2.5924900E-001, 2.7755576E-017, 1.0000000E+000, 0.0000000E+000, 0.0000000E+000, 0.0000000E+000, 1.7880000E-002, 0.0000000E+000
 1.8200000E-001, 6.7981355E-002, 8.0237629E-002, 2.5927825E-001, 2.7755576E-017, 1.0000000E+000, 0.0000000E+000, 0.0000000E+000, 0.0000000E+000, 1.7992000E-002, 0.0000000E+000
 1.8400000E-001, 6.8404855E-002, 8.0738340E-002, 2.5930772E-001, 2.7755576E-017, 1.0000000E+000, 0.0000000E+000, 0.0000000E+000, 0.0000000E+000, 1.8104000E-002, 0.0000000E+000
 1.8600000E-001, 6.8828394E-002, 8.1239103E-002, 2.5933741E-001, 2.7755576E-017, 1.0000000E+000, 0.0000000E+000, 0.0000000E+000, 0.0000000E+000, 1.8216000E-002, 0.0000000E+000
 1.8800000E-001, 6.9251971E-002, 8.1739918E-002, 2.5936732E-001, 2.7755576E-017, 1.0000000E+000, 0.0000000E+000, 0.0000000E+000, 0.0000000E+000, 1.8328000E-002, 0.0000000E+000
 1.9000000E-001, 6.9675589E-002, 8.2240787E-002, 2.5939745E-001, 2.7755576E-017, 1.0000000E+000, 0.0000000E+000, 0.0000000E+000, 0.0000000E+000, 1.8440000E-002, 0.0000000E+000
 1.9200000E-001, 7.0099247E-002, 8.2741712E-002, 2.5942781E-001, 2.7755576E-017, 1.0000000E+000, 0.0000000E+000, 0.0000000E+000, 0.0000000E+000, 1.8552000E-002, 0.0000000E+000
 1.9400000E-001, 7.0522947E-002, 8.3242693E-002, 2.5945839E-001, 2.7755576E-017, 1.0000000E+000, 0.0000000E+000, 0.0000000E+000, 0.0000000E+000, 1.8664000E-002, 0.0000000E+000
 1.9600000E-001, 7.0946689E-002, 8.3743731E-002, 2.5948919E-001, 5.5511151E-017, 1.0000000E+000, 0.0000000E+000, 0.0000000E+000, 0.0000000E+000, 1.8776000E-002, 0.0000000E+000
 1.9800000E-001, 7.1370474E-002, 8.4244828E-002, 2.5952022E-001, 5.5511151E-017, 1.0000000E+000, 0.0000000E+000, 0.0000000E+000, 0.0000000E+000, 1.8888000E-002, 0.0000000E+000
 2.0000000E-001, 7.1794304E-002, 8.4745984E-002, 2.5955148E-001, 2.7755576E-017, 1.0000000E+000, 0.0000000E+000, 0.0000000E+000, 0.0000000E+000, 1.9000000E-002, 0.0000000E+000
 2.0200000E-001, 7.1946099E-002, 8.4926337E-002, 9.4592899E-002, 2.7755576E-017, 1.0000000E+000, 0.0000000E+000, 0.0000000E+000, 0.0000000E+000, 1.9040000E-002, 0.0000000E+000
 2.0400000E-001, 7.2097950E-002, 8.5106756E-002, 9.4610519E-002, 5.5511151E-017, 1.0000000E+000, 0.0000000E+000, 0.0000000E+000, 0.0000000E+000, 1.9080000E-002, 0.0000000E+000
 2.0600000E-001, 7.2249857E-002, 8.5287241E-002, 9.4625254E-002, 2.7755576E-017, 1.0000000E+000, 0.0000000E+000, 0.0000000E+000, 0.0000000E+000, 1.9120000E-002, 0.0000000E+000
 2.0800000E-001, 7.2401821E-002, 8.5467793E-002, 9.4640041E-002, 2.7755576E-017, 1.0000000E+000, 0.0000000E+000, 0.0000000E+000, 0.0000000E+000, 1.9160000E-002, 0.0000000E+000
 2.1000000E-001, 7.2553840E-002, 8.5648412E-002, 9.4654879E-002, 2.7755576E-017, 1.0000000E+000, 0.0000000E+000, 0.0000000E+000, 0.0000000E+000, 1.9200000E-002, 0.0000000E+000
 2.1200000E-001, 7.2705916E-002, 8.5829098E-002, 9.4669766E-002, 2.7755576E-017, 1.0000000E+000, 0.0000000E+000, 0.0000000E+000, 0.0000000E+000, 1.9240000E-002, 0.0000000E+000
 2.1400000E-001, 7.2858047E-002, 8.6009852E-002, 9.4684702E-002, 2.7755576E-017, 1.0000000E+000, 0.0000000E+000, 0.0000000E+000, 0.0000000E+000, 1.9280000E-002, 0.0000000E+000
 2.1600000E-001, 7.3010234E-002, 8.6190673E-002, 9.4699684E-002, 2.7755576E-017, 1.0000000E+000, 0.0000000E+000, 0.0000000E+000, 0.0000000E+000, 1.9320000E-002, 0.0000000E+000
 2.1800000E-001, 7.3162478E-002, 8.6371561E-002, 9.4714711E-002, 2.7755576E-017, 1.0000000E+000, 0.0000000E+000, 0.0000000E+000, 0.0000000E+000, 1.9360000E-002, 0.0000000E+000
 2.2000000E-001, 7.3314777E-002, 8.6552517E-002, 9.4729782E-002, 2.7755576E-017, 1.0000000E+000, 0.0000000E+000, 0.0000000E+000, 0.0000000E+000, 1.9400000E-002, 0.0000000E+000
 2.2200000E-001, 7.3467132E-002, 8.6733540E-002, 9.4744894E-002, 2.7755576E-017, 1.0000000E+000, 0.0000000E+000, 0.0000000E+000, 0.0000000E+000, 1.9440000E-002, 0.0000000E+000
 2.2400000E-001, 7.3619542E-002, 8.6914630E-002, 9.4760045E-002, 2.7755576E-017, 1.0000000E+000, 0.0000000E+000, 0.0000000E+000, 0.0000000E+000, 1.9480000E-002, 0.0000000E+000
 2.2600000E-001, 7.3772009E-002, 8.7095787E-002, 9.4775233E-002, 2.7755576E-017, 1.0000000E+000, 0.0000000E+000, 0.0000000E+000, 0.0000000E+000, 1.9520000E-002, 0.0000000E+000
 2.2800000E-001, 7.3924531E-002, 8.7277011E-002, 9.4790456E-002, 5.5511151E-017, 1.0000000E+000, 0.0000000E+000, 0.0000000E+000, 0.0000000E+000, 1.9560000E-002, 0.0000000E+000
 2.3000000E-001, 7.4077109E-002, 8.7458300E-002, 9.4805711E-002, 5.5511151E-017, 1.0000000E+000, 0.0000000E+000, 0.0000000E+000, 0.0000000E+000, 1.9600000E-002, 0.0000000E+000
 2.3200000E-001, 7.4229743E-002, 8.7639656E-002, 9.4820996E-002, 5.5511151E-017, 1.0000000E+000, 0.0000000E+000, 0.0000000E+000, 0.0000000E+000, 1.9640000E-002, 0.0000000E+000
 2.3400000E-001, 7.4382432E-002, 8.7821076E-002, 9.4836307E-002, 2.7755576E-017, 1.0000000E+000, 0.0000000E+000, 0.0000000E+000, 0.0000000E+000, 1.9680000E-002, 0.0000000E+000
 2.3600000E-001, 7.4535177E-002, 8.8002561E-002, 9.4851642E-002, 5.5511151E-017, 1.0000000E+000, 0.0000000E+000, 0.0000000E+000, 0.0000000E+000, 1.9720000E-002, 0.0000000E+000
 2.3800000E-001, 7.4687977E-002, 8.8184109E-002, 9.4866997E-002, 2.7755576E-017, 1.0000000E+000, 0.0000000E+000, 0.0000000E+000, 0.0000000E+000, 1.9760000E-002, 0.0000000E+000
 2.4000000E-001, 7.4840833E-002, 8.8365720E-002, 9.4882369E-002, 2.7755576E-017, 1.0000000E+000, 0.0000000E+000, 0.0000000E+000, 0.0000000E+000, 1.9800000E-002, 0.0000000E+000
 2.4200000E-001, 7.4993744E-002, 8.8547392E-002, 9.4897756E-002, 5.5511151E-017, 1.0000000E+000, 0.0000000E+000, 0.0000000E+000, 0.0000000E+000, 1.9840000E-002, 0.0000000E+000
 2.4400000E-001, 7.5146711E-002, 8.8729125E-002, 9.4913152E-002, 5.5511151E-017, 1.0000000E+000, 0.0000000E+000, 0.0000000E+000, 0.0000000E+000, 1.9880000E-002, 0.0000000E+000
 2.4600000E-001, 7.5299734E-002, 8.8910916E-002, 9.4928556E-002, 5.5511151E-017, 1.0000000E+000, 0.0000000E+000, 0.0000000E+000, 0.0000000E+000, 1.9920000E-002, 0.0000000E+000
 2.4800000E-001, 7.5452812E-002, 8.9092766E-002, 9.4943963E-002, 2.7755576E-017, 1.0000000E+000, 0.0000000E+000, 0.0000000E+000, 0.0000000E+000, 1.9960000E-002, 0.0000000E+000
 2.5000000E-001, 7.5605945E-002, 8.9274671E-002, 9.4959371E-002, 2.7755576E-017, 1.0000000E+000, 0.0000000E+000, 0.0000000E+000, 0.0000000E+000, 2.0000000E-002, 0.0000000E+000
 2.5200000E-001, 7.5456822E-002, 8.9100112E-002,-8.8344546E-002, 5.5511151E-017, 1.0000000E+000, 0.0000000E+000, 0.0000000E+000, 0.0000000E+000, 1.9960000E-002, 0.0000000E+000
 2.5400000E-001, 7.5307762E-002, 8.8925606E-002,-8.8346376E-002, 5.5511151E-017, 1.0000000E+000, 0.0000000E+000, 0.0000000E+000, 0.0000000E+000, 1.9920000E-002, 0.0000000E+000
 2.5600000E-001, 7.5158763E-002, 8.8751149E-002,-8.8351576E-002, 5.5511151E-017, 1.0000000E+000, 0.0000000E+000, 0.0000000E+000, 0.0000000E+000, 1.9880000E-002, 0.0000000E+000
 2.5800000E-001, 7.5009825E-002, 8.8576740E-002,-8.8356866E-002, 2.7755576E-017, 1.0000000E+000, 0.0000000E+000, 0.0000000E+000, 0.0000000E+000, 1.9840000E-002, 0.0000000E+000
 2.6000000E-001, 7.4860947E-002, 8.8402374E-002,-8.8362247E-002, 5.5511151E-017, 1.0000000E+000, 0.0000000E+000, 0.0000000E+000, 0.0000000E+000, 1.9800000E-002, 0.0000000E+000
 2.6200000E-001, 7.4712128E-002, 8.8228049E-002,-8.8367720E-002, 5.5511151E-017, 1.0000000E+000, 0.0000000E+000, 0.0000000E+000, 0.0000000E+000, 1.9760000E-002, 0.0000000E+000
 2.6400000E-001, 7.4563367E-002, 8.8053762E-002,-8.8373284E-002, 2.7755576E-017, 1.0000000E+000, 0.0000000E+000, 0.0000000E+000, 0.0000000E+000, 1.9720000E-002, 0.0000000E+000
 2.6600000E-001, 7.4414664E-002, 8.7879511E-002,-8.8378937E-002, 5.5511151E-017, 1.0000000E+000, 0.0000000E+000, 0.0000000E+000, 0.0000000E+000, 1.9680000E-002, 0.0000000E+000
 2.6800000E-001, 7.4266017E-002, 8.7705291E-002,-8.8384677E-002, 2.7755576E-017, 1.0000000E+000, 0.0000000E+000, 0.0000000E+000, 0.0000000E+000, 1.9640000E-002, 0.0000000E+000
 2.7000000E-001, 7.4117426E-002, 8.7531101E-002,-8.8390501E-002, 5.5511151E-017, 1.0000000E+000, 0.0000000E+000, 0.0000000E+000, 0.0000000E+000, 1.9600000E-002, 0.0000000E+000
 2.7200000E-001, 7.3968890E-002, 8.7356938E-002,-8.8396403E-002, 5.5511151E-017, 1.0000000E+000, 0.0000000E+000, 0.0000000E+000, 0.0000000E+000, 1.9560000E-002, 0.0000000E+000
 2.7400000E-001, 7.3820408E-002, 8.7182799E-002,-8.8402377E-002, 2.7755576E-017, 1.0000000E+000, 0.0000000E+000, 0.0000000E+000, 0.0000000E+000, 1.9520000E-002, 0.0000000E+000
 2.7600000E-001, 7.3671981E-002, 8.7008683E-002,-8.8408418E-002, 2.7755576E-017, 1.0000000E+000, 0.0000000E+000, 0.0000000E+000, 0.0000000E+000, 1.9480000E-002, 0.0000000E+000
 2.7800000E-001, 7.3523607E-002, 8.6834588E-002,-8.8414516E-002, 5.5511151E-017, 1.0000000E+000, 0.0000000E+000, 0.0000000E+000, 0.0000000E+000, 1.9440000E-002, 0.0000000E+000
 2.8000000E-001, 7.3375286E-002, 8.6660511E-002,-8.8420662E-002, 5.5511151E-017, 1.0000000E+000, 0.0000000E+000, 0.0000000E+000, 0.0000000E+000, 1.9400000E-002, 0.0000000E+000
 2.8200000E-001, 7.3227016E-002, 8.6486453E-002,-8.8426848E-002, 5.5511151E-017, 1.0000000E+000, 0.0000000E+000, 0.0000000E+000, 0.0000000E+000, 1.9360000E-002, 0.0000000E+000
 2.8400000E-001, 7.3078797E-002, 8.6312411E-002,-8.8433063E-002, 2.7755576E-017, 1.0000000E+000, 0.0000000E+000, 0.0000000E+000, 0.0000000E+000, 1.9320000E-002, 0.0000000E+000
 2.8600000E-001, 7.2930629E-002, 8.6138386E-002,-8.8439297E-002, 5.5511151E-017, 1.0000000E+000, 0.0000000E+000, 0.0000000E+000, 0.0000000E+000, 1.9280000E-002, 0.0000000E+000
 2.8800000E-001, 7.2782511E-002, 8.5964377E-002,-8.8445539E-002, 2.7755576E-017, 1.0000000E+000, 0.0000000E+000, 0.0000000E+000, 0.0000000E+000, 1.9240000E-002, 0.0000000E+000
 2.9000000E-001, 7.2634441E-002, 8.5790385E-002,-8.8451778E-002, 5.5511151E-017, 1.0000000E+000, 0.0000000E+000, 0.0000000E+000, 0.0000000E+000, 1.9200000E-002, 0.0000000E+000
 2.9200000E-001, 7.2486418E-002, 8.5616410E-002,-8.8458007E-002, 5.5511151E-017, 1.0000000E+000, 0.0000000E+000, 0.0000000E+000, 0.0000000E+000, 1.9160000E-002, 0.0000000E+000
 2.9400000E-001, 7.2338442E-002, 8.5442453E-002,-8.8464214E-002, 5.5511151E-017, 1.0000000E+000, 0.0000000E+000, 0.0000000E+000, 0.0000000E+000, 1.9120000E-002, 0.0000000E+000
 2.9600000E-001, 7.2190512E-002, 8.5268516E-002,-8.8470392E-002, 5.5511151E-017, 1.0000000E+000, 0.0000000E+000, 0.0000000E+000, 0.0000000E+000, 1.9080000E-002, 0.0000000E+000
 2.9800000E-001, 7.2042626E-002, 8.5094600E-002,-8.8476533E-002, 5.5511151E-017, 1.0000000E+000, 0.0000000E+000, 0.0000000E+000, 0.0000000E+000, 1.9040000E-002, 0.0000000E+000
 3.0000000E-001, 7.1894784E-002, 8.4920707E-002,-8.8482631E-002, 5.5511151E-017, 1.0000000E+000, 0.0000000E+000, 0.0000000E+000, 0.0000000E+000, 1.9000000E-002, 0.0000000E+000
 3.0200000E-001, 7.1474899E-002, 8.4425969E-002,-2.5347912E-001, 5.5511151E-017, 1.0000000E+000, 0.0000000E+000, 0.0000000E+000, 0.0000000E+000, 1.8888000E-002, 0.0000000E+000
 3.0400000E-001, 7.1055056E-002, 8.3931254E-002,-2.5350061E-001, 2.7755576E-017, 1.0000000E+000, 0.0000000E+000, 0.0000000E+000, 0.0000000E+000, 1.8776000E-002, 0.0000000E+000
 3.0600000E-001, 7.0635252E-002, 8.3436562E-002,-2.5352498E-001, 2.7755576E-017, 1.0000000E+000, 0.0000000E+000, 0.0000000E+000, 0.0000000E+000, 1.8664000E-002, 0.0000000E+000
 3.0800000E-001, 7.0215485E-002, 8.2941896E-002,-2.5354924E-001, 2.7755576E-017, 1.0000000E+000, 0.0000000E+000, 0.0000000E+000, 0.0000000E+000, 1.8552000E-002, 0.0000000E+000
 3.1000000E-001, 6.9795752E-002, 8.2447256E-002,-2.5357340E-001, 5.5511151E-017, 1.0000000E+000, 0.0000000E+000, 0.0000000E+000, 0.0000000E+000, 1.8440000E-002, 0.0000000E+000
 3.1200000E-001, 6.9376051E-002, 8.1952646E-002,-2.5359745E-001, 2.7755576E-017, 1.0000000E+000, 0.0000000E+000, 0.0000000E+000, 0.0000000E+000, 1.8328000E-002, 0.0000000E+000
 3.1400000E-001, 6.8956381E-002, 8.1458067E-002,-2.5362139E-001, 5.5511151E-017, 1.0000000E+000, 0.0000000E+000, 0.0000000E+000, 0.0000000E+000, 1.8216000E-002, 0.0000000E+000
 3.1600000E-001, 6.8536738E-002, 8.0963520E-002,-2.5364523E-001, 2.7755576E-017, 1.0000000E+000, 0.0000000E+000, 0.0000000E+000, 0.0000000E+000, 1.8104000E-002, 0.0000000E+000
 3.1800000E-001, 6.8117120E-002, 8.0469008E-002,-2.5366895E-001, 2.7755576E-017, 1.0000000E+000, 0.0000000E+000, 0.0000000E+000, 0.0000000E+000, 1.7992000E-002, 0.0000000E+000
 3.2000000E-001, 6.7697526E-002, 7.9974532E-002,-2.5369257E-001, 5.5511151E-017, 1.0000000E+000, 0.0000000E+000, 0.0000000E+000, 0.0000000E+000, 1.7880000E-002, 0.0000000E+000
 3.2200000E-001, 6.7277953E-002, 7.9480094E-002,-2.5371609E-001, 2.7755576E-017, 1.0000000E+000, 0.0000000E+000, 0.0000000E+000, 0.0000000E+000, 1.7768000E-002, 0.0000000E+000
 3.2400000E-001, 6.6858399E-002, 7.8985697E-002,-2.5373950E-001, 2.7755576E-017, 1.0000000E+000, 0.0000000E+000, 0.0000000E+000, 0.0000000E+000, 1.7656000E-002, 0.0000000E+000
 3.2600000E-001, 6.6438862E-002, 7.8491341E-002,-2.5376280E-001, 2.7755576E-017, 1.0000000E+000, 0.0000000E+000, 0.0000000E+000, 0.0000000E+000, 1.7544000E-002, 0.0000000E+000
 3.2800000E-001, 6.6019340E-002, 7.7997029E-002,-2.5378601E-001, 2.7755576E-017, 1.0000000E+000, 0.0000000E+000, 0.0000000E+000, 0.0000000E+000, 1.7432000E-002, 0.0000000E+000
 3.3000000E-001, 6.5599830E-002, 7.7502762E-002,-2.5380911E-001, 5.5511151E-017, 1.0000000E+000, 0.0000000E+000, 0.0000000E+000, 0.0000000E+000, 1.7320000E-002, 0.0000000E+000
 3.3200000E-001, 6.5180332E-002, 7.7008542E-002,-2.5383211E-001, 2.7755576E-017, 1.0000000E+000, 0.0000000E+000, 0.0000000E+000, 0.0000000E+000, 1.7208000E-002, 0.0000000E+000
 3.3400000E-001, 6.4760843E-002, 7.6514370E-002,-2.5385502E-001, 5.5511151E-017, 1.0000000E+000, 0.0000000E+000, 0.0000000E+000, 0.0000000E+000, 1.7096000E-002, 0.0000000E+000
 3.3600000E-001, 6.4341361E-002, 7.6020247E-002,-2.5387783E-001, 2.7755576E-017, 1.0000000E+000, 0.0000000E+000, 0.0000000E+000, 0.0000000E+000, 1.6984000E-002, 0.0000000E+000
 3.3800000E-001, 6.3921885E-002, 7.5526175E-002,-2.5390055E-001, 2.7755576E-017, 1.0000000E+000, 0.0000000E+000, 0.0000000E+000, 0.0000000E+000, 1.6872000E-002, 0.0000000E+000
 3.4000000E-001, 6.3502412E-002, 7.5032154E-002,-2.5392318E-001, 2.7755576E-017, 1.0000000E+000, 0.0000000E+000, 0.0000000E+000, 0.0000000E+000, 1.6760000E-002, 0.0000000E+000
 3.4200000E-001, 6.3082942E-002, 7.4538187E-002,-2.5394572E-001, 2.7755576E-017, 1.0000000E+000, 0.0000000E+000, 0.0000000E+000, 0.0000000E+000, 1.6648000E-002, 0.0000000E+000
 3.4400000E-001, 6.2663472E-002, 7.4044273E-002,-2.5396819E-001, 2.7755576E-017, 1.0000000E+000, 0.0000000E+000, 0.0000000E+000, 0.0000000E+000, 1.6536000E-002, 0.0000000E+000
 3.4600000E-001, 6.2244001E-002, 7.3550413E-002,-2.5399057E-001, 2.7755576E-017, 1.0000000E+000, 0.0000000E+000, 0.0000000E+000, 0.0000000E+000, 1.6424000E-002, 0.0000000E+000
 3.4800000E-001, 6.1824527E-002, 7.3056609E-002,-2.5401288E-001, 2.7755576E-017, 1.0000000E+000, 0.0000000E+000, 0.0000000E+000, 0.0000000E+000, 1.6312000E-002, 0.0000000E+000
 3.5000000E-001, 6.1405049E-002, 7.2562859E-002,-2.5403512E-001, 2.7755576E-017, 1.0000000E+000, 0.0000000E+000, 0.0000000E+000, 0.0000000E+000, 1.6200000E-002, 0.0000000E+000
 3.5200000E-001, 6.0743712E-002, 7.1783945E-002,-4.0072273E-001, 2.7755576E-017, 1.0000000E+000, 0.0000000E+000, 0.0000000E+000, 0.0000000E+000, 1.6024000E-002, 0.0000000E+000
 3.5400000E-001, 6.0082364E-002, 7.1005077E-002,-4.0075740E-001, 5.5511151E-017, 1.0000000E+000, 0.0000000E+000, 0.0000000E+000, 0.0000000E+000, 1.5848000E-002, 0.0000000E+000
 3.5600000E-001, 5.9421004E-002, 7.0226254E-002,-4.0079452E-001, 2.7755576E-017, 1.0000000E+000, 0.0000000E+000, 0.0000000E+000, 0.0000000E+000, 1.5672000E-002, 0.0000000E+000
 3.5800000E-001, 5.8759629E-002, 6.9447474E-002,-4.0083145E-001, 5.5511151E-017, 1.0000000E+000, 0.0000000E+000, 0.0000000E+000, 0.0000000E+000, 1.5496000E-002, 0.0000000E+000
 3.6000000E-001, 5.8098239E-002, 6.8668737E-002,-4.0086820E-001, 2.7755576E-017, 1.0000000E+000, 0.0000000E+000, 0.0000000E+000, 0.0000000E+000, 1.5320000E-002, 0.0000000E+000
 3.6200000E-001, 5.7436832E-002, 6.7890039E-002,-4.0090478E-001, 2.7755576E-017, 1.0000000E+000, 0.0000000E+000, 0.0000000E+000, 0.0000000E+000, 1.5144000E-002, 0.0000000E+000
 3.6400000E-001, 5.6775407E-002, 6.7111381E-002,-4.0094118E-001, 2.7755576E-017, 1.0000000E+000, 0.0000000E+000, 0.0000000E+000, 0.0000000E+000, 1.4968000E-002, 0.0000000E+000
 3.6600000E-001, 5.6113962E-002, 6.6332758E-002,-4.0097741E-001, 2.7755576E-017, 1.0000000E+000, 0.0000000E+000, 0.0000000E+000, 0.0000000E+000, 1.4792000E-002, 0.0000000E+000
 3.6800000E-001, 5.5452497E-002, 6.5554168E-002,-4.0101348E-001, 2.7755576E-017, 1.0000000E+000, 0.0000000E+000, 0.0000000E+000, 0.0000000E+000, 1.4616000E-002, 0.0000000E+000
 3.7000000E-001, 5.4791010E-002, 6.4775609E-002,-4.0104939E-001, 2.7755576E-017, 1.0000000E+000, 0.0000000E+000, 0.0000000E+000, 0.0000000E+000, 1.4440000E-002, 0.0000000E+000
 3.7200000E-001, 5.4129500E-002, 6.3997077E-002,-4.0108515E-001, 2.7755576E-017, 1.0000000E+000, 0.0000000E+000, 0.0000000E+000, 0.0000000E+000, 1.4264000E-002, 0.0000000E+000
 3.7400000E-001, 5.3467968E-002, 6.3218569E-002,-4.0112076E-001, 5.5511151E-017, 1.0000000E+000, 0.0000000E+000, 0.0000000E+000, 0.0000000E+000, 1.4088000E-002, 0.0000000E+000
 3.7600000E-001, 5.2806412E-002, 6.2440081E-002,-4.0115623E-001, 2.7755576E-017, 1.0000000E+000, 0.0000000E+000, 0.0000000E+000, 0.0000000E+000, 1.3912000E-002, 0.0000000E+000
 3.7800000E-001, 5.2144832E-002, 6.1661609E-002,-4.0119157E-001, 2.7755576E-017, 1.0000000E+000, 0.0000000E+000, 0.0000000E+000, 0.0000000E+000, 1.3736000E-002, 0.0000000E+000
 3.8000000E-001, 5.1483227E-002, 6.0883149E-002,-4.0122677E-001, 2.7755576E-017, 1.0000000E+000, 0.0000000E+000, 0.0000000E+000, 0.0000000E+000, 1.3560000E-002, 0.0000000E+000
 3.8200000E-001, 5.0821598E-002, 6.0104696E-002,-4.0126184E-001, 2.7755576E-017, 1.0000000E+000, 0.0000000E+000, 0.0000000E+000, 0.0000000E+000, 1.3384000E-002, 0.0000000E+000
 3.8400000E-001, 5.0159944E-002, 5.9326247E-002,-4.0129677E-001, 2.7755576E-017, 1.0000000E+000, 0.0000000E+000, 0.0000000E+000, 0.0000000E+000, 1.3208000E-002, 0.0000000E+000
 3.8600000E-001, 4.9498266E-002, 5.8547796E-002,-4.0133159E-001, 2.7755576E-017, 1.0000000E+000, 0.0000000E+000, 0.0000000E+000, 0.0000000E+000, 1.3032000E-002, 0.0000000E+000
 3.8800000E-001, 4.8836563E-002, 5.7769340E-002,-4.0136627E-001, 2.7755576E-017, 1.0000000E+000, 0.0000000E+000, 0.0000000E+000, 0.0000000E+000, 1.2856000E-002, 0.0000000E+000
 3.9000000E-001, 4.8174835E-002, 5.6990872E-002,-4.0140082E-001, 2.7755576E-017, 1.0000000E+000, 0.0000000E+000, 0.0000000E+000, 0.0000000E+000, 1.2680000E-002, 0.0000000E+000
 3.9200000E-001, 4.7513083E-002, 5.6212388E-002,-4.0143525E-001, 2.7755576E-017, 1.0000000E+000, 0.0000000E+000, 0.0000000E+000, 0.0000000E+000, 1.2504000E-002, 0.0000000E+000
 3.9400000E-001, 4.6851308E-002, 5.5433885E-002,-4.0146954E-001, 2.7755576E-017, 1.0000000E+000, 0.0000000E+000, 0.0000000E+000, 0.0000000E+000, 1.2328000E-002, 0.0000000E+000
 3.9600000E-001, 4.6189508E-002, 5.4655356E-002,-4.0150369E-001, 2.7755576E-017, 1.0000000E+000, 0.0000000E+000, 0.0000000E+000, 0.0000000E+000, 1.2152000E-002, 0.0000000E+000
 3.9800000E-001, 4.5527685E-002, 5.3876799E-002,-4.0153769E-001, 2.7755576E-017, 1.0000000E+000, 0.0000000E+000, 0.0000000E+000, 0.0000000E+000, 1.1976000E-002, 0.0000000E+000
 4.0000000E-001, 4.4865838E-002, 5.3098208E-002,-4.0157154E-001, 2.7755576E-017, 1.0000000E+000, 0.0000000E+000, 0.0000000E+000, 0.0000000E+000, 1.1800000E-002, 0.0000000E+000
 4.0200000E-001, 4.4022576E-002, 5.2105663E-002,-5.1161279E-001, 2.7755576E-017, 1.0000000E+000, 0.0000000E+000, 0.0000000E+000, 0.0000000E+000, 1.1576000E-002, 0.0000000E+000
 4.0400000E-001, 4.3179284E-002, 5.1113067E-002,-5.1165395E-001, 2.7755576E-017, 1.0000000E+000, 0.0000000E+000, 0.0000000E+000, 0.0000000E+000, 1.1352000E-002, 0.0000000E+000
 4.0600000E-001, 4.2335964E-002, 5.0120417E-002,-5.1169676E-001, 2.7755576E-017, 1.0000000E+000, 0.0000000E+000, 0.0000000E+000, 0.0000000E+000, 1.1128000E-002, 0.0000000E+000
 4.0800000E-001, 4.1492614E-002, 4.9127708E-002,-5.1173920E-001, 2.7755576E-017, 1.0000000E+000, 0.0000000E+000, 0.0000000E+000, 0.0000000E+000, 1.0904000E-002, 0.0000000E+000
 4.1000000E-001, 4.0649235E-002, 4.8134939E-002,-5.1178127E-001, 2.7755576E-017, 1.0000000E+000, 0.0000000E+000, 0.0000000E+000, 0.0000000E+000, 1.0680000E-002, 0.0000000E+000
 4.1200000E-001, 3.9805825E-002, 4.7142106E-002,-5.1182295E-001, 2.7755576E-017, 1.0000000E+000, 0.0000000E+000, 0.0000000E+000, 0.0000000E+000, 1.0456000E-002, 0.0000000E+000
 4.1400000E-001, 3.8962385E-002, 4.6149207E-002,-5.1186424E-001, 2.7755576E-017, 1.0000000E+000, 0.0000000E+000, 0.0000000E+000, 0.0000000E+000, 1.0232000E-002, 0.0000000E+000
 4.1600000E-001, 3.8118914E-002, 4.5156240E-002,-5.1190512E-001, 2.7755576E-017, 1.0000000E+000, 0.0000000E+000, 0.0000000E+000, 0.0000000E+000, 1.0008000E-002, 0.0000000E+000
 4.1800000E-001, 3.7275411E-002, 4.4163204E-002,-5.1194558E-001, 2.7755576E-017, 1.0000000E+000, 0.0000000E+000, 0.0000000E+000, 0.0000000E+000, 9.7840000E-003, 0.0000000E+000
 4.2000000E-001, 3.6431877E-002, 4.3170097E-002,-5.1198562E-001, 2.7755576E-017, 1.0000000E+000, 0.0000000E+000, 0.0000000E+000, 0.0000000E+000, 9.5600000E-003, 0.0000000E+000
 4.2200000E-001, 3.5588310E-002, 4.2176918E-002,-5.1202522E-001, 5.5511151E-017, 1.0000000E+000, 0.0000000E+000, 0.0000000E+000, 0.0000000E+000, 9.3360000E-003, 0.0000000E+000
 4.2400000E-001, 3.4744709E-002, 4.1183667E-002,-5.1206439E-001, 2.7755576E-017, 1.0000000E+000, 0.0000000E+000, 0.0000000E+000, 0.0000000E+000, 9.1120000E-003, 0.0000000E+000
 4.2600000E-001, 3.3901074E-002, 4.0190343E-002,-5.1210310E-001, 1.3877788E-017, 1.0000000E+000, 0.0000000E+000, 0.0000000E+000, 0.0000000E+000, 8.8880000E-003, 0.0000000E+000
 4.2800000E-001, 3.3057404E-002, 3.9196946E-002,-5.1214136E-001, 2.7755576E-017, 1.0000000E+000, 0.0000000E+000, 0.0000000E+000, 0.0000000E+000, 8.6640000E-003, 0.0000000E+000
 4.3000000E-001, 3.2213698E-002, 3.8203475E-002,-5.1217916E-001, 2.7755576E-017, 1.0000000E+000, 0.0000000E+000, 0.0000000E+000, 0.0000000E+000, 8.4400000E-003, 0.0000000E+000
 4.3200000E-001, 3.1369955E-002, 3.7209930E-002,-5.1221650E-001, 1.3877788E-017, 1.0000000E+000, 0.0000000E+000, 0.0000000E+000, 0.0000000E+000, 8.2160000E-003, 0.0000000E+000
 4.3400000E-001, 3.0526173E-002, 3.6216312E-002,-5.1225337E-001, 1.3877788E-017, 1.0000000E+000, 0.0000000E+000, 0.0000000E+000, 0.0000000E+000, 7.9920000E-003, 0.0000000E+000
 4.3600000E-001, 2.9682352E-002, 3.5222620E-002,-5.1228977E-001, 1.3877788E-017, 1.0000000E+000, 0.0000000E+000, 0.0000000E+000, 0.0000000E+000, 7.7680000E-003, 0.0000000E+000
 4.3800000E-001, 2.8838491E-002, 3.4228855E-002,-5.1232571E-001, 2.7755576E-017, 1.0000000E+000, 0.0000000E+000, 0.0000000E+000, 0.0000000E+000, 7.5440000E-003, 0.0000000E+000
 4.4000000E-001, 2.7994589E-002, 3.3235015E-002,-5.1236118E-001, 1.3877788E-017, 1.0000000E+000, 0.0000000E+000, 0.0000000E+000, 0.0000000E+000, 7.3200000E-003, 0.0000000E+000
 4.4200000E-001, 2.7150644E-002, 3.2241103E-002,-5.1239617E-001, 1.3877788E-017, 1.0000000E+000, 0.0000000E+000, 0.0000000E+000, 0.0000000E+000, 7.0960000E-003, 0.0000000E+000
 4.4400000E-001, 2.6306655E-002, 3.1247117E-002,-5.1243069E-001, 1.3877788E-017, 1.0000000E+000, 0.0000000E+000, 0.0000000E+000, 0.0000000E+000, 6.8720000E-003, 0.0000000E+000
 4.4600000E-001, 2.5462622E-002, 3.0253058E-002,-5.1246474E-001, 1.3877788E-017, 1.0000000E+000, 0.0000000E+000, 0.0000000E+000, 0.0000000E+000, 6.6480000E-003, 0.0000000E+000
 4.4800000E-001, 2.4618543E-002, 2.9258926E-002,-5.1249832E-001, 1.3877788E-017, 1.0000000E+000, 0.0000000E+000, 0.0000000E+000, 0.0000000E+000, 6.4240000E-003, 0.0000000E+000
 4.5000000E-001, 2.3774417E-002, 2.8264720E-002,-5.1253143E-001, 1.3877788E-017, 1.0000000E+000, 0.0000000E+000, 0.0000000E+000, 0.0000000E+000, 6.2000000E-003, 0.0000000E+000
 4.5200000E-001, 2.2839546E-002, 2.7163483E-002,-5.6757321E-001, 6.9388939E-018, 1.0000000E+000, 0.0000000E+000, 0.0000000E+000, 0.0000000E+000, 5.9520000E-003, 0.0000000E+000
 4.5400000E-001, 2.1904620E-002, 2.6062165E-002,-5.6760799E-001, 1.3877788E-017, 1.0000000E+000, 0.0000000E+000, 0.0000000E+000, 0.0000000E+000, 5.7040000E-003, 0.0000000E+000
 4.5600000E-001, 2.0969640E-002, 2.4960767E-002,-5.6764319E-001, 1.3877788E-017, 1.0000000E+000, 0.0000000E+000, 0.0000000E+000, 0.0000000E+000, 5.4560000E-003, 0.0000000E+000
 4.5800000E-001, 2.0034603E-002, 2.3859289E-002,-5.6767780E-001, 1.3877788E-017, 1.0000000E+000, 0.0000000E+000, 0.0000000E+000, 0.0000000E+000, 5.2080000E-003, 0.0000000E+000
 4.6000000E-001, 1.9099509E-002, 2.2757730E-002,-5.6771184E-001, 1.3877788E-017, 1.0000000E+000, 0.0000000E+000, 0.0000000E+000, 0.0000000E+000, 4.9600000E-003, 0.0000000E+000
 4.6200000E-001, 1.8164355E-002, 2.1656089E-002,-5.6774530E-001, 1.3877788E-017, 1.0000000E+000, 0.0000000E+000, 0.0000000E+000, 0.0000000E+000, 4.7120000E-003, 0.0000000E+000
 4.6400000E-001, 1.7229143E-002, 2.0554368E-002,-5.6777818E-001, 6.9388939E-018, 1.0000000E+000, 0.0000000E+000, 0.0000000E+000, 0.0000000E+000, 4.4640000E-003, 0.0000000E+000
 4.6600000E-001, 1.6293869E-002, 1.9452564E-002,-5.6781048E-001, 1.3877788E-017, 1.0000000E+000, 0.0000000E+000, 0.0000000E+000, 0.0000000E+000, 4.2160000E-003, 0.0000000E+000
 4.6800000E-001, 1.5358533E-002, 1.8350678E-002,-5.6784219E-001, 6.9388939E-018, 1.0000000E+000, 0.0000000E+000, 0.0000000E+000, 0.0000000E+000, 3.9680000E-003, 0.0000000E+000
 4.7000000E-001, 1.4423135E-002, 1.7248709E-002,-5.6787333E-001, 1.3877788E-017, 1.0000000E+000, 0.0000000E+000, 0.0000000E+000, 0.0000000E+000, 3.7200000E-003, 0.0000000E+000
 4.7200000E-001, 1.3487673E-002, 1.6146658E-002,-5.6790389E-001, 1.3877788E-017, 1.0000000E+000, 0.0000000E+000, 0.0000000E+000, 0.0000000E+000, 3.4720000E-003, 0.0000000E+000
 4.7400000E-001, 1.2552147E-002, 1.5044522E-002,-5.6793386E-001, 1.3877788E-017, 1.0000000E+000, 0.0000000E+000, 0.0000000E+000, 0.0000000E+000, 3.2240000E-003, 0.0000000E+000
 4.7600000E-001, 1.1616555E-002, 1.3942303E-002,-5.6796325E-001, 6.9388939E-018, 1.0000000E+000, 0.0000000E+000, 0.0000000E+000, 0.0000000E+000, 2.9760000E-003, 0.0000000E+000
 4.7800000E-001, 1.0680896E-002, 1.2839999E-002,-5.6799205E-001, 6.9388939E-018, 1.0000000E+000, 0.0000000E+000, 0.0000000E+000, 0.0000000E+000, 2.7280000E-003, 0.0000000E+000
 4.8000000E-001, 9.7451705E-003, 1.1737610E-002,-5.6802027E-001, 6.9388939E-018, 1.0000000E+000, 0.0000000E+000, 0.0000000E+000, 0.0000000E+000, 2.4800000E-003, 0.0000000E+000
 4.8200000E-001, 8.8093765E-003, 1.0635135E-002,-5.6804791E-001, 6.9388939E-018, 1.0000000E+000, 0.0000000E+000, 0.0000000E+000, 0.0000000E+000, 2.2320000E-003, 0.0000000E+000
 4.8400000E-001, 7.8735134E-003, 9.5325744E-003,-5.6807497E-001, 6.9388939E-018, 1.0000000E+000, 0.0000000E+000, 0.0000000E+000, 0.0000000E+000, 1.9840000E-003, 0.0000000E+000
 4.8600000E-001, 6.9375803E-003, 8.4299270E-003,-5.6810144E-001, 6.9388939E-018, 1.0000000E+000, 0.0000000E+000, 0.0000000E+000, 0.0000000E+000, 1.7360000E-003, 0.0000000E+000
 4.8800000E-001, 6.0015764E-003, 7.3271923E-003,-5.6812733E-001, 6.9388939E-018, 1.0000000E+000, 0.0000000E+000, 0.0000000E+000, 0.0000000E+000, 1.4880000E-003, 0.0000000E+000
 4.9000000E-001, 5.0655007E-003, 6.2243698E-003,-5.6815263E-001, 6.9388939E-018, 1.0000000E+000, 0.0000000E+000, 0.0000000E+000, 0.0000000E+000, 1.2400000E-003, 0.0000000E+000
 4.9200000E-001, 4.1293525E-003, 5.1214588E-003,-5.6817736E-001, 6.9388939E-018, 1.0000000E+000, 0.0000000E+000, 0.0000000E+000, 0.0000000E+000, 9.9200000E-004, 0.0000000E+000
 4.9400000E-001, 3.1931307E-003, 4.0184587E-003,-5.6820150E-001, 3.4694470E-018, 1.0000000E+000, 0.0000000E+000, 0.0000000E+000, 0.0000000E+000, 7.4400000E-004, 0.0000000E+000
 4.9600000E-001, 2.2568344E-003, 2.9153690E-003,-5.6822506E-001, 3.4694470E-018, 1.0000000E+000, 0.0000000E+000, 0.0000000E+000, 0.0000000E+000, 4.9600000E-004, 1.4271467E-006
 4.9800000E-001, 1.3204627E-003, 1.8121888E-003,-5.6824805E-001, 6.9388939E-018, 1.0000000E+000, 0.0000000E+000, 0.0000000E+000, 0.0000000E+000, 2.4800000E-004, 1.5543222E-005
 5.0000000E-001, 3.8401452E-004, 7.0891744E-004,-5.6827053E-001, 6.9388939E-018, 1.0000000E+000, 0.0000000E+000, 0.0000000E+000, 0.0000000E+000, 0.0000000E+000, 6.9542155E-005
